unit_number,time_in_cycles,sensor_11,sensor_4,sensor_15,sensor_2,sensor_17,sensor_3,sensor_8,sensor_13,sensor_9,sensor_14,sensor_20,sensor_21,sensor_7,sensor_12
1,1,47.47,1400.6,8.4195,641.82,392,1589.7,2388.06,2388.02,9046.19,8138.62,39.06,23.419,554.36,521.66
1,2,47.49,1403.14,8.4318,642.15,392,1591.82,2388.04,2388.07,9044.07,8131.49,39.0,23.4236,553.75,522.28
1,3,47.27,1404.2,8.4178,642.35,390,1587.99,2388.08,2388.03,9052.94,8133.23,38.95,23.3442,554.26,522.42
1,4,47.13,1401.87,8.3682,642.35,392,1582.79,2388.11,2388.08,9049.48,8133.83,38.88,23.3739,554.45,522.86
1,5,47.28,1406.22,8.4294,642.37,393,1582.85,2388.06,2388.04,9055.15,8133.8,38.9,23.4044,554.0,522.19
1,6,47.16,1398.37,8.4108,642.1,391,1584.47,2388.02,2388.03,9049.68,8132.85,38.98,23.3669,554.67,521.68
1,7,47.36,1397.77,8.3974,642.48,392,1592.32,2388.02,2388.03,9059.13,8132.32,39.1,23.3774,554.34,522.32
1,8,47.24,1400.97,8.4076,642.56,391,1582.96,2388.0,2388.03,9040.8,8131.07,38.97,23.3106,553.85,522.47
1,9,47.29,1394.8,8.3728,642.12,392,1590.98,2388.05,2388.05,9046.46,8125.69,39.05,23.4066,553.69,521.79
1,10,47.03,1400.46,8.4286,641.71,393,1591.24,2388.05,2388.06,9051.7,8129.38,38.95,23.4694,553.59,521.79
1,11,47.15,1400.64,8.434,642.28,392,1581.75,2388.05,2388.01,9049.61,8140.58,38.94,23.4787,554.54,521.4
1,12,47.18,1400.15,8.3938,642.06,391,1583.41,2388.09,2388.02,9049.37,8134.25,39.06,23.366,554.52,521.8
1,13,47.38,1400.83,8.4152,643.07,393,1582.19,2388.12,2388.08,9046.82,8128.1,38.93,23.2757,553.44,521.85
1,14,47.44,1399.16,8.3964,642.35,393,1592.95,2388.09,2388.0,9047.37,8134.43,39.18,23.3826,554.48,521.67
1,15,47.3,1402.13,8.4199,642.43,391,1583.82,2388.11,2388.08,9052.22,8127.56,38.99,23.35,553.64,522.5
1,16,47.24,1404.5,8.3936,642.13,392,1587.98,2388.05,2388.07,9049.34,8136.11,38.97,23.455,553.94,521.49
1,17,47.12,1399.95,8.4542,642.58,392,1584.96,2388.06,2388.04,9054.92,8137.27,38.81,23.3319,553.8,521.89
1,18,47.21,1396.12,8.4028,642.62,392,1591.04,2388.05,2388.07,9049.55,8132.73,38.89,23.3987,554.2,521.76
1,19,47.4,1400.35,8.4321,641.79,391,1587.56,2388.04,2388.03,9053.99,8129.13,38.8,23.3464,554.18,521.89
1,20,47.22,1405.23,8.421,643.04,392,1581.11,2388.05,2388.02,9045.9,8129.71,39.03,23.422,554.81,522.07
1,21,47.15,1398.13,8.4049,642.37,392,1586.07,2388.11,2388.08,9048.15,8134.02,39.09,23.3101,554.08,522.42
1,22,47.24,1400.57,8.4034,642.77,392,1592.93,2388.04,2388.03,9061.21,8130.41,38.92,23.3792,553.63,522.0
1,23,47.25,1394.75,8.424,642.14,392,1588.19,2388.05,2388.05,9046.28,8127.9,38.94,23.4562,553.98,521.52
1,24,47.44,1398.81,8.3891,642.38,392,1590.83,2388.12,2388.03,9043.76,8133.88,39.0,23.3696,553.49,522.13
1,25,47.36,1399.39,8.3917,642.77,393,1594.1,2388.02,2388.02,9054.16,8136.61,38.95,23.4288,554.0,522.56
1,26,47.26,1396.07,8.426,642.16,394,1589.08,2388.07,2388.06,9047.11,8131.15,38.86,23.4149,554.11,522.28
1,27,47.37,1401.84,8.4046,642.44,393,1590.47,2388.02,2388.13,9047.96,8134.6,38.99,23.4472,554.07,522.0
1,28,47.41,1399.13,8.4323,642.35,390,1582.84,2388.12,2388.08,9049.84,8127.3,39.01,23.2841,554.68,522.57
1,29,47.24,1400.99,8.4189,641.91,393,1584.83,2388.05,2388.06,9050.47,8133.06,38.93,23.3597,554.25,522.41
1,30,47.4,1396.08,8.4065,642.2,390,1593.52,2388.07,2388.0,9045.62,8137.86,39.05,23.411,554.37,522.19
1,31,47.41,1396.9,8.4104,642.02,392,1584.18,2388.08,2388.06,9058.78,8125.28,38.94,23.3353,554.13,521.95
1,32,47.25,1400.36,8.4148,642.33,392,1591.38,2388.04,2388.07,9050.97,8129.7,39.02,23.4999,554.96,521.92
1,33,47.28,1402.43,8.3753,642.71,392,1588.4,2388.04,2388.08,9047.13,8134.42,38.83,23.3506,554.61,521.91
1,34,47.47,1400.48,8.4349,642.54,392,1581.47,2388.03,2388.09,9046.46,8126.61,38.81,23.3092,554.3,521.7
1,35,47.31,1403.0,8.443,642.44,391,1590.0,2388.04,2388.01,9045.76,8140.17,39.13,23.4164,554.3,521.75
1,36,47.25,1405.54,8.4246,642.54,392,1581.72,2388.01,2388.04,9044.56,8132.48,38.86,23.4308,554.53,522.32
1,37,47.29,1398.9,8.4142,641.99,392,1579.11,2388.07,2388.04,9055.44,8131.95,38.99,23.4352,554.63,522.29
1,38,47.27,1399.5,8.4158,641.93,392,1589.6,2388.08,2388.08,9055.27,8136.61,39.06,23.4768,554.7,522.42
1,39,47.12,1400.69,8.414,642.01,392,1583.21,2388.02,2388.05,9051.76,8131.81,38.7,23.3699,553.97,522.23
1,40,47.33,1401.77,8.3784,642.24,392,1582.08,2388.06,2388.01,9052.98,8131.03,38.84,23.3769,554.57,521.84
1,41,47.09,1403.21,8.437,642.4,392,1591.31,2388.06,2388.03,9048.99,8138.08,39.13,23.4444,553.72,522.07
1,42,47.49,1401.38,8.4137,642.12,392,1584.66,2388.08,2388.05,9057.06,8130.88,39.0,23.375,553.94,522.23
1,43,47.32,1406.05,8.4068,642.24,392,1591.52,2388.03,2388.09,9057.88,8127.22,38.99,23.3148,553.68,522.74
1,44,47.45,1401.2,8.4201,641.93,392,1586.94,2388.04,2388.0,9046.87,8131.45,39.06,23.4753,554.15,522.3
1,45,47.45,1399.16,8.4099,642.53,393,1582.42,2388.08,2388.05,9060.32,8128.31,38.79,23.3943,553.83,521.73
1,46,47.2,1401.27,8.3977,642.43,393,1588.29,2388.06,2388.08,9060.38,8128.71,38.93,23.3745,553.76,522.02
1,47,47.22,1402.89,8.3973,642.21,392,1580.32,2388.06,2388.05,9052.04,8126.21,38.99,23.4873,554.38,521.84
1,48,47.4,1399.16,8.4376,641.89,392,1588.51,2388.08,2388.06,9045.26,8129.99,38.94,23.365,554.02,521.91
1,49,47.22,1397.76,8.4151,642.23,392,1584.35,2388.07,2388.04,9050.64,8135.48,39.06,23.4498,554.23,521.37
1,50,47.47,1403.62,8.4116,642.77,392,1588.49,2388.06,2388.09,9048.6,8127.3,38.85,23.4106,553.92,522.33
1,51,47.12,1400.42,8.4504,642.81,393,1585.54,2388.02,2388.05,9047.09,8134.36,38.94,23.3651,553.73,521.91
1,52,47.07,1395.57,8.4539,642.76,391,1583.77,2388.04,2388.07,9056.01,8132.82,39.0,23.3388,553.04,522.1
1,53,47.29,1402.26,8.4418,642.61,392,1579.82,2388.05,2388.06,9051.15,8134.38,38.9,23.3775,554.16,521.96
1,54,47.38,1401.2,8.4189,642.42,392,1592.59,2388.04,2388.06,9056.29,8129.95,38.96,23.2348,553.95,522.44
1,55,47.4,1401.58,8.4071,642.41,392,1584.95,2388.04,2388.02,9048.94,8134.1,39.06,23.3567,554.45,522.11
1,56,47.26,1400.76,8.4022,642.49,391,1586.33,2388.01,2388.04,9042.42,8135.4,38.68,23.3408,553.98,522.48
1,57,47.29,1402.79,8.4263,642.13,392,1583.67,2388.05,2388.08,9050.8,8135.48,38.84,23.3567,553.42,521.62
1,58,47.26,1397.99,8.4319,641.9,390,1590.46,2388.09,2388.04,9050.33,8132.08,38.93,23.2893,554.14,522.21
1,59,47.26,1403.51,8.4476,642.33,392,1596.72,2388.07,2388.02,9050.06,8128.81,38.92,23.4444,554.62,521.32
1,60,47.41,1403.07,8.3878,642.34,393,1582.75,2388.06,2388.03,9051.69,8132.89,38.89,23.387,554.0,522.49
1,61,47.31,1405.52,8.4264,642.1,391,1583.55,2388.11,2388.09,9050.58,8131.66,38.89,23.3638,554.09,522.34
1,62,47.28,1399.54,8.4071,642.17,391,1581.59,2388.1,2388.1,9053.62,8132.28,39.03,23.2707,554.45,522.19
1,63,47.51,1395.38,8.4357,642.6,394,1592.14,2388.06,2388.01,9049.96,8130.73,38.77,23.3436,553.48,521.56
1,64,47.45,1400.11,8.4066,642.23,391,1584.51,2388.1,2388.04,9043.67,8128.15,38.93,23.384,553.88,521.82
1,65,47.56,1403.24,8.4406,642.28,392,1584.72,2388.03,2388.13,9044.01,8132.94,38.9,23.3752,553.97,521.54
1,66,47.14,1399.52,8.3911,642.5,391,1588.5,2388.06,2388.05,9059.45,8128.32,38.95,23.3152,554.0,521.76
1,67,47.39,1403.02,8.3925,642.33,393,1590.22,2388.1,2388.08,9050.24,8134.07,38.97,23.291,554.31,522.64
1,68,47.36,1404.42,8.4242,642.51,392,1582.06,2388.1,2388.07,9051.78,8132.39,38.95,23.3174,554.04,521.72
1,69,47.41,1401.24,8.4292,642.44,392,1590.7,2388.07,2388.1,9050.59,8129.13,39.0,23.3742,554.65,522.22
1,70,47.41,1402.78,8.4279,642.22,392,1584.02,2388.11,2388.12,9053.43,8130.36,38.86,23.4513,554.01,521.93
1,71,47.3,1403.09,8.423,642.21,391,1580.41,2388.03,2388.09,9046.09,8134.28,38.8,23.3881,554.06,521.72
1,72,47.27,1406.81,8.3951,642.41,391,1579.25,2388.07,2388.09,9054.42,8133.95,38.84,23.3085,553.76,521.97
1,73,47.29,1397.93,8.404,642.29,391,1592.04,2388.03,2388.1,9049.64,8129.85,39.03,23.3975,553.88,522.04
1,74,47.58,1401.48,8.4135,642.96,392,1584.65,2388.07,2387.97,9045.85,8132.67,38.8,23.382,554.03,522.25
1,75,47.22,1394.82,8.4621,641.96,392,1582.32,2388.07,2388.11,9042.32,8130.13,38.89,23.3521,553.6,521.77
1,76,47.44,1398.94,8.3996,642.21,390,1589.21,2388.02,2388.03,9056.55,8136.44,39.02,23.4428,553.66,521.58
1,77,47.41,1400.97,8.453,642.55,393,1586.3,2388.06,2388.08,9046.44,8135.25,38.99,23.275,554.61,521.6
1,78,47.4,1404.1,8.3793,641.99,392,1580.76,2388.08,2388.16,9042.37,8133.91,38.88,23.3486,553.47,522.28
1,79,47.35,1403.93,8.4132,642.12,394,1582.46,2388.04,2388.13,9047.86,8135.4,38.9,23.3121,553.77,521.85
1,80,47.64,1393.58,8.4235,641.94,392,1591.96,2388.06,2388.1,9043.67,8134.66,38.89,23.3613,553.91,521.52
1,81,47.43,1402.04,8.4247,642.73,392,1584.82,2388.1,2388.05,9045.31,8128.87,38.77,23.373,553.88,521.66
1,82,47.25,1399.17,8.3986,642.04,393,1589.07,2388.1,2388.03,9048.22,8134.04,38.89,23.2713,554.18,521.95
1,83,47.22,1406.38,8.4128,642.66,391,1588.05,2388.08,2388.05,9049.08,8131.32,38.8,23.3274,553.49,521.93
1,84,47.38,1406.6,8.4139,642.64,392,1585.52,2388.05,2388.06,9050.47,8131.54,38.73,23.2653,553.91,521.54
1,85,47.36,1405.96,8.4499,642.28,392,1590.12,2388.01,2388.05,9056.08,8135.31,39.01,23.284,554.4,522.3
1,86,47.38,1403.56,8.4173,641.84,394,1588.8,2388.1,2388.09,9047.26,8130.06,38.94,23.3945,553.69,521.82
1,87,47.34,1413.1,8.4326,642.33,391,1586.69,2388.14,2388.06,9050.52,8130.41,38.88,23.3402,554.1,521.43
1,88,47.46,1406.09,8.4586,641.96,392,1581.29,2388.07,2388.04,9046.73,8131.47,38.9,23.3086,554.48,522.2
1,89,47.46,1402.22,8.4489,642.24,392,1584.73,2388.05,2388.08,9055.24,8135.15,38.95,23.3288,553.91,521.55
1,90,47.32,1412.93,8.3961,642.67,391,1584.38,2388.1,2388.09,9051.27,8129.72,38.98,23.4712,552.88,521.49
1,91,47.32,1404.76,8.3949,641.98,394,1584.84,2388.04,2388.1,9050.72,8134.4,39.11,23.3842,553.54,521.55
1,92,47.45,1400.77,8.3982,642.89,392,1590.03,2388.14,2388.05,9048.36,8131.39,38.99,23.3522,553.81,521.91
1,93,47.46,1408.48,8.421,642.85,392,1593.74,2388.07,2388.08,9047.87,8133.15,38.86,23.2477,554.07,521.43
1,94,47.48,1404.94,8.4524,642.45,393,1583.27,2388.15,2388.07,9045.83,8132.4,38.85,23.3758,553.86,521.61
1,95,47.38,1410.1,8.4575,642.86,394,1577.6,2388.02,2388.02,9048.85,8131.63,38.76,23.3269,553.91,521.92
1,96,47.39,1395.16,8.4311,642.19,392,1584.07,2388.07,2388.06,9048.71,8130.69,38.88,23.3255,553.34,521.66
1,97,47.46,1407.81,8.4105,642.07,392,1595.77,2388.09,2388.06,9046.1,8128.74,39.01,23.2963,553.4,521.67
1,98,47.37,1404.56,8.4012,642.0,391,1591.11,2388.06,2388.06,9045.49,8127.89,38.96,23.2554,552.75,522.31
1,99,47.4,1406.13,8.4481,642.46,393,1592.73,2388.08,2388.1,9045.14,8131.77,38.82,23.2323,553.76,521.42
1,100,47.64,1411.35,8.4241,642.22,392,1589.63,2388.07,2388.08,9045.72,8132.49,38.93,23.409,554.22,521.55
1,101,47.62,1403.41,8.4353,642.75,391,1584.18,2388.06,2388.08,9052.3,8125.97,38.75,23.4149,553.37,521.89
1,102,47.49,1403.42,8.4561,642.85,393,1589.11,2388.15,2388.05,9051.36,8130.4,38.94,23.3653,553.42,521.38
1,103,47.57,1403.21,8.4263,642.21,392,1581.27,2388.09,2388.1,9053.28,8124.4,38.69,23.4289,553.64,521.41
1,104,47.34,1406.25,8.4021,642.29,392,1590.63,2388.08,2388.09,9044.73,8131.89,38.96,23.3393,553.66,522.38
1,105,47.31,1403.22,8.4326,642.01,393,1588.28,2388.09,2388.08,9048.36,8134.01,38.77,23.3857,553.11,521.81
1,106,47.44,1404.45,8.4664,642.68,392,1589.05,2388.08,2388.09,9049.82,8126.38,39.08,23.4148,553.6,521.51
1,107,47.35,1407.73,8.4241,642.53,396,1595.13,2388.07,2388.07,9048.68,8132.4,39.01,23.4086,553.74,521.75
1,108,47.61,1399.47,8.4133,643.49,393,1585.91,2388.14,2388.03,9047.03,8131.52,38.75,23.3032,554.43,521.52
1,109,47.58,1409.1,8.3757,642.49,394,1586.45,2388.1,2388.11,9051.13,8130.97,39.05,23.3561,553.59,521.62
1,110,47.55,1401.27,8.4638,642.55,393,1590.01,2388.13,2388.12,9051.4,8127.16,39.06,23.2951,554.08,522.01
1,111,47.62,1408.11,8.4447,642.67,392,1584.38,2388.12,2388.14,9051.64,8132.4,38.92,23.2135,553.49,521.53
1,112,47.22,1401.84,8.4445,642.66,394,1586.46,2388.06,2388.08,9051.28,8131.52,38.84,23.3207,553.19,521.9
1,113,47.46,1406.59,8.458,642.68,393,1590.85,2388.1,2388.16,9053.15,8129.32,38.9,23.3101,552.91,521.75
1,114,47.58,1402.97,8.429,642.31,394,1588.42,2388.07,2388.15,9046.58,8132.36,38.89,23.3754,554.29,521.68
1,115,47.43,1406.6,8.4345,642.66,393,1594.84,2388.11,2388.12,9050.37,8127.6,38.93,23.3022,554.13,521.36
1,116,47.43,1401.99,8.4059,642.64,394,1580.31,2388.08,2388.05,9049.71,8134.46,39.03,23.3512,554.4,521.6
1,117,47.52,1409.35,8.4256,642.38,391,1589.77,2388.1,2388.1,9049.61,8126.12,38.73,23.1766,554.59,521.22
1,118,47.55,1409.34,8.4197,642.34,393,1585.67,2388.1,2388.12,9051.12,8135.21,38.88,23.2966,554.25,521.31
1,119,47.55,1404.46,8.4194,642.67,394,1596.8,2388.1,2388.09,9045.89,8123.85,39.01,23.3188,553.77,521.46
1,120,47.6,1407.68,8.4029,642.81,393,1593.78,2388.1,2388.1,9048.72,8125.57,38.81,23.3061,553.66,521.34
1,121,47.44,1411.9,8.4263,642.63,394,1593.56,2388.07,2388.04,9040.97,8133.94,38.63,23.422,553.7,521.3
1,122,47.6,1413.97,8.4256,643.3,393,1593.68,2388.15,2388.12,9042.39,8131.81,38.86,23.2793,553.43,520.92
1,123,47.41,1403.04,8.4396,643.39,392,1586.66,2388.12,2388.17,9049.44,8129.72,38.9,23.292,552.64,521.6
1,124,47.55,1402.28,8.4416,642.48,393,1587.14,2388.13,2388.13,9053.03,8133.82,38.8,23.2341,552.26,521.4
1,125,47.63,1406.42,8.4079,642.96,394,1585.47,2388.13,2388.11,9046.16,8126.33,38.68,23.3039,552.44,521.57
1,126,47.49,1418.5,8.4378,642.49,392,1582.64,2388.05,2388.08,9049.11,8130.94,38.85,23.2289,553.72,521.35
1,127,47.63,1399.49,8.4626,642.99,393,1586.9,2388.09,2388.1,9047.9,8133.0,38.91,23.2772,553.81,521.34
1,128,47.62,1407.06,8.4413,642.47,393,1593.87,2388.13,2388.16,9056.59,8132.08,38.85,23.2641,552.74,521.96
1,129,47.61,1408.42,8.4681,642.41,393,1591.33,2388.09,2388.13,9046.08,8127.33,38.84,23.2656,552.42,522.02
1,130,47.46,1412.25,8.3938,642.7,394,1585.9,2388.13,2388.07,9042.97,8125.29,38.71,23.3461,552.66,521.49
1,131,47.7,1413.25,8.4328,643.01,391,1585.78,2388.11,2388.13,9045.1,8126.38,38.73,23.3435,553.7,521.45
1,132,47.56,1405.76,8.4227,643.19,393,1596.06,2388.17,2388.16,9044.04,8128.92,38.53,23.3186,553.16,521.64
1,133,47.57,1410.11,8.4604,642.45,394,1592.64,2388.11,2388.09,9050.95,8130.93,38.95,23.2521,553.82,521.23
1,134,47.75,1402.67,8.4293,642.85,393,1583.62,2388.11,2388.13,9046.16,8131.3,38.68,23.2833,553.2,521.52
1,135,47.34,1406.83,8.4242,642.45,392,1585.55,2388.14,2388.12,9050.65,8129.34,38.85,23.2744,553.09,520.99
1,136,47.43,1404.39,8.4469,642.84,393,1584.72,2388.06,2388.11,9040.89,8130.43,38.76,23.1699,554.18,521.54
1,137,47.89,1405.15,8.449,642.43,394,1594.69,2388.14,2388.12,9040.55,8128.81,38.87,23.2593,553.39,521.63
1,138,47.4,1413.34,8.4208,642.79,392,1589.82,2388.11,2388.18,9049.64,8129.67,39.0,23.3664,552.91,521.57
1,139,47.67,1412.6,8.4621,643.11,394,1592.28,2388.06,2388.15,9044.81,8124.97,38.88,23.3422,553.25,521.03
1,140,47.51,1408.36,8.4397,643.05,393,1590.89,2388.17,2388.05,9055.85,8130.27,38.82,23.3704,552.15,521.27
1,141,47.49,1415.25,8.4641,642.39,394,1590.02,2388.13,2388.16,9050.86,8120.93,39.02,23.2382,553.45,521.06
1,142,47.59,1413.42,8.4291,642.51,392,1595.29,2388.1,2388.18,9046.61,8124.87,38.71,23.2816,553.11,520.44
1,143,47.52,1404.21,8.4419,642.77,393,1593.1,2388.13,2388.11,9050.63,8126.81,38.79,23.2305,553.62,520.98
1,144,47.57,1405.76,8.4601,643.09,393,1591.89,2388.17,2388.17,9049.33,8125.47,38.75,23.2249,553.77,521.11
1,145,47.54,1409.63,8.4644,642.95,395,1594.92,2388.13,2388.15,9046.92,8130.91,38.67,23.149,553.03,521.13
1,146,47.63,1408.82,8.4312,642.72,392,1586.75,2388.12,2388.12,9045.99,8129.19,38.69,23.3233,552.6,521.13
1,147,47.8,1409.96,8.4428,642.25,393,1594.85,2388.14,2388.12,9041.24,8126.13,38.77,23.2684,553.09,520.92
1,148,47.49,1411.89,8.4276,643.02,392,1590.03,2388.16,2388.15,9040.93,8124.48,38.77,23.2498,552.84,521.08
1,149,47.83,1410.7,8.4731,642.9,394,1592.78,2388.17,2388.15,9057.24,8124.34,38.77,23.2565,552.54,521.13
1,150,47.6,1409.22,8.4726,643.06,394,1589.01,2388.12,2388.21,9044.76,8122.99,38.68,23.2082,553.57,520.5
1,151,47.58,1411.94,8.4612,642.82,394,1592.39,2388.14,2388.22,9048.12,8127.21,38.56,23.2277,552.41,520.94
1,152,47.72,1420.83,8.4572,642.67,395,1598.6,2388.18,2388.19,9043.9,8119.0,38.77,23.2369,552.62,520.39
1,153,47.74,1414.56,8.4435,642.99,393,1589.17,2388.14,2388.17,9049.43,8124.14,38.78,23.1719,552.68,520.69
1,154,47.73,1416.07,8.4794,642.81,394,1597.03,2388.14,2388.18,9049.08,8129.24,38.82,23.2366,552.57,520.72
1,155,47.61,1414.89,8.4729,642.83,394,1590.4,2388.16,2388.17,9049.56,8120.41,38.68,23.2749,552.89,521.23
1,156,47.58,1421.23,8.4432,643.04,395,1585.61,2388.26,2388.16,9044.21,8128.48,38.77,23.2791,553.24,520.75
1,157,47.72,1412.47,8.4328,642.2,392,1598.04,2388.14,2388.17,9053.12,8125.07,38.67,23.2354,552.32,520.94
1,158,47.68,1410.09,8.4368,642.88,394,1596.82,2388.2,2388.22,9049.22,8126.33,38.75,23.2894,553.19,520.88
1,159,47.76,1420.37,8.4403,642.89,394,1589.54,2388.13,2388.23,9048.06,8127.61,38.76,23.253,552.18,520.65
1,160,47.84,1418.08,8.4433,643.45,396,1590.65,2388.21,2388.22,9045.42,8122.68,38.52,23.2817,551.87,520.47
1,161,47.77,1417.31,8.4405,643.0,394,1594.2,2388.18,2388.18,9048.06,8126.97,38.66,23.2962,552.8,520.47
1,162,47.79,1423.48,8.5015,643.15,394,1592.22,2388.15,2388.2,9044.45,8123.77,38.78,23.1538,552.68,520.44
1,163,47.89,1421.09,8.5129,642.85,393,1600.54,2388.2,2388.2,9049.24,8124.06,38.65,23.1419,552.41,520.3
1,164,47.7,1416.76,8.4803,643.17,394,1598.96,2388.17,2388.28,9048.92,8124.63,38.62,23.1761,551.9,520.63
1,165,47.89,1408.09,8.4922,642.76,393,1597.03,2388.19,2388.24,9039.09,8126.53,38.59,23.2129,552.79,520.69
1,166,47.86,1422.37,8.4663,643.34,395,1596.72,2388.22,2388.22,9043.11,8119.14,38.62,23.145,552.13,520.02
1,167,47.85,1414.72,8.4632,643.02,394,1593.83,2388.23,2388.18,9042.05,8122.41,38.77,23.3011,552.57,520.49
1,168,47.84,1415.7,8.4925,642.68,393,1591.19,2388.22,2388.19,9036.35,8124.44,38.76,23.277,552.09,520.78
1,169,47.88,1418.05,8.4767,643.2,394,1590.16,2388.25,2388.18,9055.18,8125.3,38.58,23.187,552.71,520.44
1,170,47.86,1417.41,8.49,642.92,395,1592.71,2388.21,2388.26,9044.03,8121.76,38.66,23.1615,552.02,520.23
1,171,48.03,1414.99,8.4922,643.26,395,1592.06,2388.2,2388.22,9042.12,8124.87,38.68,23.2444,552.71,519.85
1,172,48.07,1413.73,8.4595,643.33,393,1591.71,2388.24,2388.26,9039.1,8120.08,38.65,23.1585,551.69,520.54
1,173,47.9,1425.27,8.5091,642.97,395,1590.69,2388.22,2388.23,9048.82,8121.64,38.59,23.1789,552.13,520.11
1,174,48.0,1422.58,8.4476,642.64,393,1599.81,2388.22,2388.21,9041.25,8119.17,38.57,23.0357,552.32,520.22
1,175,47.86,1422.52,8.489,643.61,394,1603.29,2388.23,2388.22,9042.66,8125.76,38.58,23.1573,551.64,520.38
1,176,47.84,1422.73,8.4853,642.86,394,1592.27,2388.23,2388.2,9045.74,8123.8,38.72,23.2491,551.91,519.8
1,177,48.03,1423.99,8.4779,643.79,396,1602.02,2388.25,2388.23,9046.2,8120.11,38.63,23.1673,551.93,520.24
1,178,48.0,1424.65,8.477,643.38,395,1605.33,2388.23,2388.2,9046.17,8116.56,38.65,23.177,552.18,520.2
1,179,48.02,1429.45,8.4947,642.86,395,1592.56,2388.26,2388.18,9044.23,8116.84,38.77,23.1888,551.57,520.38
1,180,47.85,1417.14,8.4737,643.58,395,1599.87,2388.21,2388.28,9039.33,8122.57,38.86,23.007,552.91,519.84
1,181,48.1,1420.64,8.472,643.44,397,1596.71,2388.23,2388.23,9038.29,8114.79,38.34,23.1652,551.83,520.43
1,182,47.98,1426.62,8.5158,644.21,397,1602.08,2388.26,2388.25,9041.23,8119.67,38.43,23.1787,551.9,520.46
1,183,48.03,1419.03,8.5041,643.24,396,1597.23,2388.21,2388.23,9040.94,8117.8,38.56,23.1302,551.38,520.05
1,184,48.07,1432.52,8.5133,644.07,395,1605.44,2388.24,2388.28,9047.91,8115.61,38.43,23.0146,551.0,519.77
1,185,48.15,1424.4,8.4984,643.8,395,1603.46,2388.29,2388.27,9043.71,8113.69,38.51,23.07,551.64,519.82
1,186,48.12,1426.3,8.5227,643.51,397,1595.16,2388.21,2388.25,9051.37,8123.45,38.47,23.0564,552.57,520.08
1,187,48.23,1427.27,8.5218,643.32,396,1592.1,2388.29,2388.28,9037.71,8115.67,38.42,23.0822,551.08,519.53
1,188,48.0,1422.78,8.5207,643.75,396,1602.38,2388.31,2388.23,9037.91,8117.69,38.51,22.9588,551.94,519.79
1,189,48.08,1428.01,8.5183,644.18,395,1596.17,2388.27,2388.33,9044.55,8117.51,38.48,23.1127,550.7,519.58
1,190,48.33,1425.95,8.5223,643.64,398,1599.22,2388.29,2388.35,9040.58,8112.58,38.49,23.0675,551.29,520.04
1,191,48.15,1425.77,8.5174,643.34,394,1602.36,2388.28,2388.3,9042.76,8114.61,38.45,23.1295,550.92,519.57
1,192,48.25,1427.2,8.5113,643.54,396,1601.41,2388.32,2388.32,9033.22,8110.93,38.48,22.9649,551.25,520.08
5,1,47.19,1395.26,8.4102,641.77,393,1583.59,2387.98,2388.0,9066.49,8152.22,38.98,23.4468,554.39,522.34
5,2,47.09,1394.88,8.4053,642.42,392,1589.69,2388.01,2387.99,9063.03,8153.04,39.12,23.4075,555.57,522.6
5,3,47.11,1396.29,8.399,642.07,393,1582.45,2388.01,2388.02,9068.21,8148.42,39.18,23.3298,554.49,522.85
5,4,47.29,1397.94,8.3876,642.08,390,1586.84,2387.96,2387.99,9070.56,8148.81,39.22,23.4306,555.16,522.11
5,5,47.09,1394.28,8.4129,642.03,390,1581.45,2387.98,2387.95,9069.25,8147.69,39.17,23.3331,554.59,522.6
5,6,47.16,1390.56,8.4204,642.32,393,1586.1,2388.03,2388.02,9062.14,8148.03,39.0,23.3878,554.53,522.87
5,7,47.14,1399.1,8.3913,642.78,393,1585.21,2387.92,2388.0,9069.18,8151.1,39.2,23.382,554.85,522.52
5,8,47.03,1393.41,8.4054,642.49,391,1585.88,2387.98,2387.98,9073.13,8145.43,39.11,23.4495,554.33,522.41
5,9,47.34,1394.2,8.3796,641.69,392,1581.46,2388.0,2388.03,9062.62,8148.79,39.12,23.3762,554.67,522.58
5,10,47.32,1390.3,8.4089,642.18,390,1583.92,2388.02,2388.01,9071.57,8146.61,39.06,23.4213,554.84,522.67
5,11,47.3,1393.09,8.4091,641.9,391,1585.25,2387.96,2388.01,9064.45,8146.73,39.12,23.4847,554.2,522.0
5,12,47.12,1394.07,8.4233,641.97,391,1583.89,2388.02,2388.01,9070.86,8147.24,38.87,23.3806,554.27,522.96
5,13,47.11,1402.31,8.386,641.9,392,1579.55,2388.03,2387.94,9056.42,8149.69,38.96,23.4476,554.75,522.42
5,14,47.26,1396.28,8.4214,641.93,393,1578.03,2387.97,2388.03,9062.88,8153.4,39.07,23.3733,554.52,522.19
5,15,47.09,1394.11,8.4073,641.88,391,1589.42,2388.07,2388.03,9066.3,8144.15,38.96,23.4795,554.45,522.74
5,16,47.08,1390.29,8.4266,641.56,391,1578.43,2388.0,2388.02,9065.46,8144.59,39.12,23.4884,555.11,522.24
5,17,47.11,1400.59,8.4072,642.0,391,1581.87,2387.98,2388.02,9066.79,8153.44,39.04,23.4556,554.31,522.89
5,18,46.98,1391.09,8.4151,642.05,392,1584.71,2388.07,2387.97,9066.52,8143.8,39.02,23.461,554.25,522.64
5,19,46.98,1397.43,8.3674,642.36,392,1588.06,2387.95,2387.99,9071.5,8151.75,38.97,23.3752,554.38,522.65
5,20,47.13,1393.07,8.3831,642.27,391,1582.85,2387.98,2387.99,9060.46,8147.39,38.86,23.3702,554.69,522.0
5,21,47.23,1397.41,8.4071,642.05,391,1581.71,2387.99,2388.01,9061.69,8150.0,38.94,23.3812,554.37,522.4
5,22,47.16,1399.59,8.3886,642.38,392,1581.33,2387.99,2388.01,9071.71,8148.04,39.05,23.4457,554.31,522.75
5,23,47.18,1399.12,8.3548,641.57,391,1582.59,2387.97,2388.03,9067.58,8155.34,39.05,23.3328,554.48,522.7
5,24,47.25,1400.89,8.4095,642.13,391,1592.43,2388.01,2387.96,9066.39,8156.04,39.14,23.4933,554.1,522.21
5,25,47.19,1397.33,8.4151,642.05,392,1582.82,2387.98,2387.97,9067.26,8144.37,39.19,23.4193,554.78,522.81
5,26,47.17,1398.19,8.3536,641.61,393,1578.77,2388.03,2387.99,9065.14,8146.04,39.05,23.5227,554.93,522.41
5,27,47.01,1394.22,8.4066,642.22,390,1582.69,2388.01,2387.98,9070.7,8153.92,38.97,23.3803,554.27,522.5
5,28,47.3,1402.43,8.3934,641.97,392,1575.77,2388.05,2387.95,9069.66,8148.49,39.04,23.3974,554.6,522.4
5,29,46.97,1392.82,8.3735,642.48,390,1576.5,2387.97,2387.99,9068.63,8147.67,39.01,23.41,554.63,522.78
5,30,47.24,1397.69,8.4038,642.66,392,1574.8,2387.96,2388.02,9059.85,8150.15,38.81,23.4437,555.05,522.87
5,31,47.08,1402.33,8.3824,642.06,391,1585.84,2387.97,2387.99,9064.3,8146.32,39.12,23.5503,554.3,522.24
5,32,47.39,1397.12,8.3851,642.41,390,1582.76,2387.98,2387.94,9059.42,8146.33,39.01,23.4547,554.32,522.4
5,33,47.13,1402.42,8.3967,641.76,392,1591.02,2388.03,2387.98,9074.12,8149.73,39.0,23.433,554.4,522.07
5,34,47.21,1392.22,8.395,641.68,392,1581.62,2387.96,2388.03,9070.3,8151.21,38.93,23.3981,554.29,522.15
5,35,47.14,1395.31,8.4074,642.16,391,1580.02,2387.98,2388.02,9070.45,8143.52,39.18,23.4449,553.66,522.45
5,36,47.09,1394.4,8.4091,641.3,391,1586.91,2387.98,2387.96,9067.67,8150.11,38.97,23.4607,554.14,521.96
5,37,47.06,1394.71,8.397,642.04,392,1585.52,2387.96,2388.06,9068.05,8154.54,39.0,23.4577,554.97,522.39
5,38,47.22,1396.82,8.3893,642.38,392,1584.21,2388.02,2387.99,9068.83,8148.21,39.09,23.458,554.48,522.25
5,39,47.2,1396.39,8.4239,641.82,391,1578.77,2388.0,2387.98,9066.55,8148.35,39.03,23.5068,555.04,522.43
5,40,47.25,1402.27,8.4272,642.76,390,1583.56,2387.97,2387.97,9066.78,8151.02,38.97,23.3585,554.38,522.25
5,41,47.22,1399.13,8.398,642.82,392,1585.13,2388.0,2388.0,9073.97,8149.98,38.93,23.4126,554.75,522.21
5,42,47.37,1394.97,8.3654,641.92,392,1589.59,2387.96,2387.97,9070.52,8154.04,38.87,23.4851,554.13,522.62
5,43,47.01,1394.26,8.3975,641.78,392,1587.27,2387.97,2388.0,9071.84,8155.95,39.06,23.442,554.64,522.37
5,44,47.32,1395.7,8.4219,641.77,391,1583.83,2387.99,2387.99,9067.4,8148.03,39.06,23.3576,555.48,522.68
5,45,47.0,1399.71,8.3735,642.32,393,1584.3,2387.97,2387.97,9064.28,8146.26,39.2,23.3398,554.7,522.54
5,46,47.27,1400.55,8.4055,642.24,392,1586.87,2388.02,2387.94,9065.41,8147.77,38.89,23.3304,554.49,521.62
5,47,47.05,1397.44,8.4182,641.95,391,1579.17,2388.0,2388.0,9068.21,8147.3,39.06,23.4378,554.74,522.57
5,48,47.24,1395.62,8.3869,641.38,392,1576.29,2387.98,2388.04,9072.03,8146.91,38.89,23.4698,554.93,522.65
5,49,47.07,1394.48,8.398,642.11,392,1583.18,2388.03,2387.94,9069.21,8153.73,38.99,23.311,554.64,522.5
5,50,47.37,1403.06,8.4228,642.2,390,1586.48,2387.97,2388.03,9067.24,8148.17,39.13,23.3994,554.98,522.56
5,51,47.27,1393.67,8.4279,642.32,390,1580.84,2388.03,2387.97,9071.92,8149.73,39.03,23.513,555.05,521.92
5,52,47.06,1403.88,8.431,641.86,393,1585.97,2387.98,2387.99,9066.99,8140.95,39.04,23.3502,554.94,522.03
5,53,47.2,1393.24,8.3814,642.2,392,1582.71,2388.03,2388.03,9077.51,8156.34,38.86,23.5408,554.25,522.72
5,54,47.25,1399.58,8.3797,642.14,392,1577.1,2387.99,2387.96,9062.69,8150.69,38.99,23.4374,554.19,522.25
5,55,47.11,1394.57,8.4043,641.98,391,1586.8,2387.96,2387.96,9061.38,8147.61,39.1,23.4353,555.17,522.39
5,56,47.2,1397.74,8.3772,642.12,391,1581.49,2387.98,2387.92,9069.99,8148.97,39.05,23.4661,554.59,522.7
5,57,47.18,1394.93,8.4152,641.95,393,1578.24,2388.01,2387.96,9066.62,8145.61,39.1,23.458,554.47,522.61
5,58,47.18,1399.9,8.4093,642.61,391,1581.9,2388.01,2388.0,9066.63,8151.52,39.01,23.3758,554.31,522.44
5,59,47.24,1400.43,8.4024,642.05,391,1589.45,2387.96,2388.0,9066.93,8149.3,38.98,23.4878,554.4,522.46
5,60,47.0,1396.08,8.4251,642.0,393,1582.34,2388.06,2388.04,9058.23,8149.18,39.29,23.3856,554.45,522.22
5,61,47.12,1396.92,8.3844,642.36,391,1586.95,2388.01,2388.03,9074.25,8148.27,38.97,23.3773,554.64,522.82
5,62,47.33,1406.63,8.4145,641.94,390,1581.42,2388.01,2388.01,9065.88,8150.99,38.98,23.4888,554.57,522.33
5,63,47.31,1392.17,8.3846,642.18,392,1585.76,2388.01,2387.95,9071.42,8150.35,38.93,23.4232,554.81,522.15
5,64,47.15,1396.45,8.3905,642.4,391,1586.2,2387.98,2388.0,9065.47,8151.37,39.04,23.4054,554.12,522.26
5,65,47.02,1389.19,8.4485,641.96,392,1578.21,2388.02,2387.95,9071.71,8152.49,39.12,23.5078,554.64,522.18
5,66,47.0,1402.35,8.3881,642.16,391,1582.39,2387.98,2388.0,9069.46,8151.26,38.92,23.3782,554.21,522.25
5,67,47.11,1396.82,8.4105,641.67,391,1582.01,2388.02,2387.94,9074.04,8151.21,38.91,23.3088,555.49,522.57
5,68,47.27,1395.59,8.425,642.0,393,1579.94,2388.05,2387.99,9069.6,8146.84,39.06,23.3948,554.06,522.92
5,69,47.1,1390.32,8.4083,641.9,391,1589.43,2388.04,2388.02,9069.58,8152.11,38.93,23.414,554.63,522.89
5,70,47.1,1389.87,8.3582,641.86,390,1583.3,2387.97,2387.99,9071.62,8146.12,39.05,23.3696,554.51,522.38
5,71,47.26,1401.7,8.3996,642.35,393,1581.52,2388.01,2388.03,9068.96,8155.12,39.21,23.3416,554.13,521.97
5,72,47.06,1399.84,8.4018,641.76,391,1580.74,2388.04,2388.03,9073.58,8151.47,39.08,23.4505,554.47,522.41
5,73,47.45,1396.49,8.4145,642.28,390,1586.66,2388.01,2387.95,9067.91,8153.71,38.97,23.5003,554.24,522.42
5,74,47.22,1403.57,8.3815,642.05,393,1576.18,2388.01,2387.98,9074.26,8149.65,39.0,23.4514,553.43,523.04
5,75,47.08,1395.05,8.4485,642.34,390,1576.87,2388.03,2387.97,9072.57,8150.97,38.8,23.3528,554.16,522.12
5,76,47.46,1402.8,8.3913,642.29,392,1585.43,2388.05,2387.94,9061.47,8154.44,38.86,23.4149,554.33,522.81
5,77,47.43,1400.14,8.3842,642.99,391,1582.03,2388.02,2387.99,9069.5,8144.93,38.95,23.4504,554.69,522.21
5,78,47.16,1407.48,8.3796,642.15,390,1593.61,2387.97,2387.99,9064.12,8151.45,39.02,23.3962,554.27,521.77
5,79,47.2,1401.35,8.4122,642.16,392,1583.08,2388.02,2387.99,9066.15,8159.16,39.1,23.4195,554.27,522.78
5,80,47.34,1396.24,8.422,642.18,391,1582.73,2388.01,2387.95,9067.12,8152.08,39.08,23.4154,554.33,522.68
5,81,47.26,1400.48,8.4031,642.38,392,1592.17,2388.02,2387.98,9073.63,8148.93,39.08,23.4464,554.47,522.34
5,82,47.19,1400.08,8.4127,642.5,392,1584.27,2387.98,2388.04,9063.76,8153.87,38.86,23.333,555.48,522.64
5,83,47.29,1395.2,8.3695,642.19,392,1588.18,2388.04,2387.99,9068.21,8150.81,38.91,23.4349,554.3,522.79
5,84,47.2,1396.86,8.4186,642.59,392,1587.38,2388.02,2388.01,9066.3,8151.33,39.02,23.41,554.86,522.1
5,85,47.24,1403.16,8.425,642.42,394,1582.86,2388.0,2387.94,9079.41,8148.5,38.83,23.359,554.41,522.75
5,86,47.29,1402.72,8.4018,642.21,393,1585.24,2388.01,2388.0,9074.78,8148.28,38.97,23.362,554.86,522.21
5,87,47.2,1399.65,8.4232,642.39,391,1588.63,2387.99,2387.96,9064.05,8157.7,39.01,23.4197,554.98,522.54
5,88,47.09,1400.56,8.3992,642.38,393,1588.61,2388.02,2388.0,9065.71,8149.73,38.97,23.3229,554.18,522.95
5,89,47.18,1399.09,8.3848,642.54,393,1580.0,2387.93,2388.01,9063.81,8152.02,38.9,23.3537,554.3,522.33
5,90,47.18,1398.29,8.4278,641.75,392,1587.26,2387.98,2387.98,9074.24,8151.57,39.17,23.4179,554.88,522.32
5,91,47.3,1397.86,8.4312,642.4,391,1584.88,2388.0,2387.98,9066.54,8151.87,38.99,23.476,554.37,522.69
5,92,47.19,1397.48,8.3722,641.96,392,1584.87,2387.99,2388.02,9073.5,8155.93,39.19,23.3706,554.48,522.91
5,93,47.23,1407.84,8.3897,642.14,391,1586.11,2387.97,2387.99,9067.04,8147.16,39.08,23.3175,554.78,522.39
5,94,47.26,1402.46,8.4148,642.44,393,1589.66,2388.04,2388.0,9071.3,8148.07,39.06,23.4094,554.69,522.37
5,95,47.35,1394.89,8.396,642.27,391,1580.93,2387.97,2388.04,9069.86,8151.57,39.07,23.3527,554.31,522.12
5,96,47.17,1403.38,8.4102,642.62,391,1580.17,2388.03,2387.99,9071.89,8147.04,38.91,23.3657,554.06,522.42
5,97,47.14,1403.69,8.4089,641.94,393,1580.56,2388.02,2388.0,9078.81,8149.62,39.13,23.5044,554.62,522.36
5,98,47.2,1395.22,8.4027,641.62,392,1581.93,2388.02,2388.01,9063.1,8155.02,39.03,23.4596,554.37,522.18
5,99,47.18,1391.43,8.4152,642.17,391,1591.08,2387.95,2388.0,9078.41,8150.57,39.01,23.4228,554.22,522.54
5,100,47.17,1397.44,8.4161,641.92,392,1585.75,2387.94,2388.0,9071.49,8154.36,38.97,23.3163,553.54,522.76
5,101,47.42,1397.41,8.4371,642.7,393,1579.62,2387.99,2388.05,9076.44,8149.76,39.19,23.3793,553.76,522.09
5,102,47.25,1393.14,8.3718,642.63,391,1579.47,2388.02,2388.01,9072.16,8148.2,38.92,23.3448,554.64,521.98
5,103,47.18,1397.75,8.4155,641.39,393,1585.05,2388.03,2388.02,9072.66,8160.43,38.97,23.3841,553.78,522.33
5,104,47.32,1405.5,8.4004,642.13,391,1588.35,2388.04,2387.96,9073.26,8152.78,38.86,23.4793,553.94,522.53
5,105,47.32,1399.72,8.4357,642.52,391,1582.74,2387.97,2388.03,9071.75,8155.55,38.98,23.3791,554.3,522.66
5,106,47.33,1399.66,8.402,642.42,390,1585.81,2387.97,2387.98,9072.5,8151.48,38.98,23.4664,554.65,521.77
5,107,47.03,1403.27,8.4003,642.12,390,1580.22,2388.01,2388.03,9075.77,8149.95,38.92,23.3522,554.18,521.47
5,108,47.16,1406.74,8.4056,642.61,392,1592.57,2388.01,2388.01,9077.89,8148.33,39.15,23.3899,554.05,522.49
5,109,47.35,1391.38,8.3903,642.03,392,1581.03,2388.03,2387.99,9071.55,8148.45,38.93,23.3034,554.31,521.91
5,110,47.11,1400.61,8.4118,641.57,392,1580.4,2388.01,2387.96,9068.93,8150.05,39.03,23.428,554.33,522.08
5,111,47.31,1399.03,8.3775,642.12,393,1588.25,2387.97,2387.96,9067.07,8158.69,39.06,23.3769,553.91,521.67
5,112,47.22,1398.63,8.4042,642.18,392,1578.36,2387.98,2388.02,9077.06,8150.06,38.97,23.472,553.6,522.31
5,113,47.33,1397.04,8.4125,642.47,392,1581.8,2387.99,2387.97,9070.64,8155.45,38.97,23.4274,554.59,522.01
5,114,47.42,1399.95,8.4299,642.12,391,1586.53,2387.98,2387.98,9074.92,8148.49,38.97,23.4386,554.2,522.84
5,115,47.24,1402.61,8.3732,642.77,390,1582.08,2388.02,2388.01,9072.51,8151.54,39.02,23.5323,555.09,522.32
5,116,47.24,1397.36,8.4089,641.54,392,1578.3,2388.01,2388.01,9067.42,8148.67,38.95,23.4573,554.95,522.38
5,117,47.23,1406.58,8.3931,642.57,391,1585.3,2388.05,2388.01,9076.87,8151.23,39.19,23.3632,554.4,521.54
5,118,47.36,1394.96,8.4122,642.04,391,1589.99,2388.0,2388.02,9077.8,8149.68,39.1,23.369,554.57,522.24
5,119,47.35,1391.47,8.4193,642.25,392,1585.03,2388.04,2387.99,9068.59,8154.15,38.84,23.3717,554.5,522.22
5,120,47.33,1405.61,8.4223,641.96,391,1587.16,2388.0,2388.01,9078.96,8157.1,38.97,23.3627,554.14,521.61
5,121,47.31,1402.45,8.4385,642.57,393,1584.87,2388.05,2388.04,9069.61,8150.71,39.01,23.4894,554.38,522.52
5,122,47.26,1396.67,8.4298,641.78,391,1580.36,2387.98,2388.02,9062.8,8151.99,38.97,23.2826,554.41,522.73
5,123,47.19,1401.27,8.3626,641.65,389,1588.78,2387.99,2388.01,9076.71,8156.92,38.9,23.3777,554.09,522.02
5,124,47.37,1397.74,8.4326,642.63,392,1589.31,2387.99,2388.0,9078.22,8151.19,38.81,23.3583,554.24,522.08
5,125,47.3,1406.98,8.3917,641.73,391,1578.0,2388.01,2388.0,9074.98,8149.66,38.97,23.355,554.33,522.24
5,126,47.17,1410.79,8.4112,641.86,392,1582.79,2388.02,2388.01,9077.51,8151.84,39.07,23.4284,553.99,522.12
5,127,47.33,1408.51,8.3721,642.43,393,1583.6,2388.01,2387.97,9073.53,8152.34,38.9,23.4354,554.6,522.54
5,128,47.41,1404.39,8.3979,642.35,394,1589.76,2388.05,2388.04,9074.18,8151.24,38.86,23.315,553.89,521.77
5,129,47.19,1397.11,8.3929,642.68,391,1588.84,2387.97,2388.02,9069.92,8159.84,39.06,23.3206,554.65,522.49
5,130,47.27,1408.21,8.4067,643.07,392,1586.07,2388.04,2388.01,9073.87,8154.97,38.96,23.363,553.76,522.11
5,131,47.38,1397.93,8.4124,642.21,393,1586.16,2387.99,2387.97,9078.24,8154.99,38.85,23.2558,554.12,522.6
5,132,47.26,1399.12,8.4106,642.43,391,1591.74,2388.02,2387.98,9067.58,8156.38,38.97,23.2871,554.63,522.04
5,133,47.3,1404.86,8.4125,642.28,392,1589.63,2387.97,2387.96,9070.01,8151.26,38.9,23.2596,553.91,521.62
5,134,47.38,1399.74,8.4053,641.32,391,1585.83,2388.01,2387.98,9065.89,8153.79,39.09,23.4019,554.34,521.86
5,135,47.23,1402.53,8.4215,641.98,391,1587.28,2388.04,2388.02,9069.11,8154.79,39.01,23.4529,554.09,522.34
5,136,47.2,1402.29,8.4259,641.52,391,1578.2,2388.0,2388.03,9072.7,8153.25,39.1,23.3288,554.81,521.98
5,137,47.4,1401.1,8.4328,642.24,392,1584.09,2388.07,2387.97,9081.28,8161.82,38.92,23.3137,554.89,522.14
5,138,47.18,1399.78,8.3749,641.67,392,1583.46,2388.04,2388.03,9069.11,8153.44,39.0,23.4072,554.45,521.86
5,139,47.27,1401.56,8.4223,642.33,392,1584.72,2388.0,2388.07,9082.51,8153.89,38.92,23.3578,555.09,522.2
5,140,47.21,1401.41,8.4191,642.83,394,1585.38,2388.0,2388.03,9075.25,8154.65,38.87,23.2958,553.73,522.32
5,141,47.33,1399.09,8.4425,641.74,394,1588.78,2388.01,2388.02,9070.37,8151.24,38.69,23.4524,554.44,521.88
5,142,47.2,1402.08,8.4021,642.36,392,1585.52,2388.0,2388.03,9076.68,8153.84,38.9,23.3333,554.61,522.07
5,143,47.28,1397.69,8.3784,642.4,392,1587.63,2387.94,2388.06,9075.83,8153.38,38.92,23.4932,554.91,522.06
5,144,47.32,1398.33,8.3952,642.35,392,1580.32,2388.04,2387.93,9084.63,8155.64,38.85,23.3937,554.21,522.06
5,145,47.32,1402.0,8.4079,642.31,391,1592.74,2388.02,2388.01,9075.61,8154.49,38.77,23.3737,554.58,522.15
5,146,47.24,1407.3,8.396,642.77,393,1593.16,2388.04,2388.0,9076.16,8155.61,38.95,23.2991,553.9,521.91
5,147,47.33,1400.0,8.3754,642.01,389,1591.29,2388.0,2387.96,9073.84,8155.31,38.97,23.3927,553.86,522.35
5,148,47.35,1397.13,8.4175,642.24,390,1583.74,2388.01,2388.02,9072.42,8158.97,38.97,23.4523,554.64,522.37
5,149,47.12,1401.78,8.4133,642.53,392,1585.65,2388.01,2388.03,9075.63,8158.85,38.95,23.3417,553.95,521.78
5,150,47.44,1410.38,8.4127,641.86,392,1583.1,2388.01,2388.05,9082.24,8154.12,38.88,23.3477,553.81,522.02
5,151,47.28,1406.3,8.4232,642.03,393,1588.2,2388.03,2388.01,9070.81,8154.79,38.95,23.3254,554.4,521.81
5,152,47.36,1395.92,8.4163,641.87,392,1583.85,2388.05,2388.02,9085.33,8158.8,38.68,23.3302,553.55,522.37
5,153,47.44,1406.59,8.425,642.62,391,1589.26,2387.99,2388.03,9073.55,8155.84,38.85,23.3812,554.39,522.07
5,154,47.44,1394.88,8.4069,642.24,394,1581.11,2387.99,2388.02,9072.68,8152.63,39.13,23.4176,554.47,521.91
5,155,47.32,1399.99,8.4703,642.32,393,1584.17,2388.01,2387.99,9079.84,8155.6,38.76,23.3817,554.56,521.83
5,156,47.37,1401.26,8.4005,642.24,393,1590.06,2388.05,2388.03,9077.82,8155.77,38.99,23.2654,553.05,522.19
5,157,47.44,1404.11,8.412,642.13,393,1589.32,2388.02,2388.0,9076.39,8159.66,39.05,23.3554,554.02,521.76
5,158,47.23,1400.2,8.4106,641.88,393,1592.3,2388.06,2388.0,9078.0,8162.37,38.96,23.2331,553.82,521.6
5,159,47.45,1410.83,8.3972,642.42,392,1585.25,2387.99,2388.04,9079.84,8149.84,39.09,23.3098,553.99,521.64
5,160,47.11,1407.02,8.4285,642.28,394,1589.77,2388.02,2388.01,9082.33,8156.5,38.7,23.3987,553.84,521.65
5,161,47.47,1408.28,8.4065,642.04,392,1587.84,2387.97,2388.04,9076.65,8154.94,38.94,23.3001,553.85,522.19
5,162,47.29,1401.45,8.4047,642.07,392,1586.84,2388.05,2388.0,9078.05,8160.48,38.9,23.3782,554.61,522.25
5,163,47.49,1403.54,8.4168,642.63,392,1594.42,2388.03,2388.0,9072.23,8164.66,38.94,23.2216,553.72,521.72
5,164,47.55,1397.82,8.431,642.56,392,1591.76,2388.05,2388.06,9081.97,8154.55,38.9,23.3994,554.5,521.95
5,165,47.38,1405.58,8.3896,642.53,392,1592.1,2388.1,2388.04,9086.9,8158.97,38.99,23.2691,553.89,522.03
5,166,47.41,1398.78,8.4194,642.7,392,1587.64,2388.05,2388.03,9079.54,8160.35,38.94,23.3141,554.41,522.02
5,167,47.3,1398.88,8.4001,642.54,393,1585.36,2388.02,2388.01,9076.45,8157.53,38.97,23.3531,554.44,522.33
5,168,47.22,1406.51,8.4284,642.22,395,1584.33,2388.04,2388.05,9085.1,8153.73,39.02,23.3666,553.71,521.54
5,169,47.51,1404.83,8.4577,642.61,393,1584.53,2388.01,2387.99,9087.43,8158.85,38.89,23.3704,553.94,521.47
5,170,47.57,1406.09,8.3779,642.8,392,1590.51,2388.06,2388.01,9088.19,8163.73,39.03,23.4814,553.83,521.96
5,171,47.53,1405.3,8.4307,642.41,391,1585.41,2387.99,2388.07,9079.76,8156.6,38.85,23.3103,553.62,521.62
5,172,47.48,1409.15,8.4525,642.05,393,1581.11,2388.03,2388.0,9079.47,8159.87,38.98,23.2871,554.47,521.97
5,173,47.38,1399.72,8.4031,642.61,394,1578.99,2388.02,2388.01,9077.68,8164.74,38.81,23.3066,554.43,522.11
5,174,47.37,1405.4,8.3928,642.28,391,1585.0,2388.04,2387.98,9080.43,8155.5,38.91,23.4187,553.46,521.69
5,175,47.45,1407.55,8.4409,642.07,391,1591.64,2388.06,2388.02,9078.61,8156.4,38.73,23.263,553.65,521.74
5,176,47.39,1406.02,8.4462,642.25,394,1587.02,2388.05,2388.06,9080.61,8157.38,39.01,23.2718,553.7,521.87
5,177,47.49,1404.8,8.4426,642.32,392,1593.2,2388.04,2388.07,9078.66,8163.89,38.91,23.4318,554.05,522.42
5,178,47.28,1400.44,8.4278,642.19,392,1584.35,2388.05,2388.05,9088.18,8158.21,38.89,23.3663,553.8,521.81
5,179,47.33,1404.91,8.4047,642.66,393,1585.57,2388.03,2388.06,9083.4,8163.93,38.94,23.3704,553.92,521.72
5,180,47.3,1401.28,8.4082,642.93,392,1589.16,2387.99,2387.98,9087.2,8168.65,38.83,23.3568,554.39,521.83
5,181,47.24,1406.41,8.4198,642.13,392,1585.09,2388.05,2388.0,9090.1,8157.49,38.63,23.37,553.92,521.95
5,182,47.5,1410.72,8.4283,641.97,393,1587.0,2388.04,2388.01,9085.98,8160.78,38.84,23.3856,553.43,522.09
5,183,47.57,1414.51,8.446,642.35,392,1587.85,2388.03,2388.05,9082.04,8162.34,38.86,23.2491,554.04,521.88
5,184,47.45,1405.85,8.4128,642.56,393,1590.2,2388.11,2388.04,9079.23,8165.19,38.74,23.3167,553.53,522.23
5,185,47.38,1409.3,8.4278,642.49,393,1589.31,2387.98,2388.02,9090.79,8167.26,38.89,23.3935,553.25,521.81
5,186,47.47,1403.46,8.4043,641.84,392,1589.4,2388.08,2388.03,9081.96,8164.25,38.9,23.3886,554.15,521.63
5,187,47.52,1401.97,8.4362,642.99,392,1586.12,2388.09,2388.02,9081.99,8162.51,38.71,23.322,553.8,521.82
5,188,47.32,1406.65,8.4366,642.91,393,1587.14,2388.06,2388.03,9093.76,8159.18,38.87,23.2728,553.35,521.95
5,189,47.32,1411.05,8.4415,643.18,394,1582.91,2387.99,2387.96,9082.07,8163.51,38.79,23.3599,553.77,521.53
5,190,47.41,1405.86,8.44,641.95,394,1592.58,2388.09,2388.03,9090.69,8164.86,38.91,23.3148,552.91,521.8
5,191,47.46,1401.97,8.4429,642.4,394,1580.79,2388.06,2388.03,9083.96,8163.78,38.95,23.4181,553.1,521.68
5,192,47.43,1408.25,8.4332,643.06,394,1589.78,2388.04,2388.03,9085.64,8160.47,38.96,23.3124,553.33,521.74
5,193,47.57,1414.49,8.4162,642.55,393,1589.42,2388.09,2388.02,9088.74,8166.44,38.72,23.2404,552.88,521.71
5,194,47.53,1405.27,8.4461,642.47,392,1592.41,2387.99,2388.03,9091.05,8166.57,38.83,23.2218,553.82,521.62
5,195,47.36,1421.88,8.4053,642.4,394,1590.34,2388.08,2388.04,9084.23,8163.14,38.77,23.215,553.55,521.68
5,196,47.57,1412.29,8.4615,642.36,394,1596.19,2388.05,2388.03,9088.43,8161.26,38.74,23.3996,553.47,521.4
5,197,47.33,1403.3,8.4338,642.43,394,1590.01,2388.04,2388.04,9081.19,8160.68,38.7,23.3149,553.4,521.47
5,198,47.49,1409.6,8.434,642.75,393,1591.13,2388.07,2388.06,9084.44,8169.31,38.95,23.3705,553.37,521.25
5,199,47.66,1399.32,8.4662,642.77,395,1595.73,2388.07,2388.06,9083.02,8171.46,38.82,23.1856,553.35,521.76
5,200,47.43,1404.94,8.4308,642.45,392,1585.8,2388.0,2388.02,9088.92,8166.87,38.99,23.1455,553.35,521.18
5,201,47.51,1407.48,8.4336,642.26,393,1589.08,2388.05,2388.07,9093.9,8172.32,38.87,23.1862,553.72,521.6
5,202,47.53,1418.05,8.4207,642.63,392,1592.03,2388.07,2388.1,9088.82,8164.59,38.83,23.281,553.57,521.42
5,203,47.52,1406.81,8.4343,643.22,395,1589.02,2388.06,2388.07,9092.01,8164.43,38.89,23.2729,552.99,521.88
5,204,47.5,1414.63,8.4085,642.67,394,1595.31,2388.08,2388.07,9094.49,8172.21,38.72,23.354,553.85,520.88
5,205,47.47,1402.8,8.4667,642.58,393,1584.22,2388.1,2388.03,9087.74,8168.65,38.66,23.3226,553.92,521.79
5,206,47.53,1412.15,8.4329,642.6,393,1589.26,2388.07,2388.1,9091.94,8166.21,38.81,23.2004,553.33,521.6
5,207,47.69,1418.64,8.4453,642.59,394,1585.09,2388.05,2388.08,9089.76,8166.66,38.84,23.3964,553.19,521.33
5,208,47.42,1410.31,8.4586,643.29,393,1598.96,2388.09,2388.03,9099.3,8171.3,38.92,23.2974,553.17,521.75
5,209,47.79,1407.83,8.4047,642.75,394,1588.4,2388.02,2388.03,9094.19,8171.8,38.83,23.3604,552.95,521.94
5,210,47.56,1414.9,8.4438,643.25,394,1601.16,2388.01,2388.02,9097.87,8171.74,38.75,23.3408,553.48,521.56
5,211,47.45,1410.44,8.4713,642.81,394,1593.96,2388.05,2388.05,9102.5,8172.92,38.66,23.2832,553.41,520.91
5,212,47.74,1407.63,8.4559,643.46,394,1588.53,2388.04,2388.08,9092.25,8171.49,38.65,23.17,553.14,521.0
5,213,47.64,1411.76,8.4424,642.61,394,1592.49,2388.01,2388.03,9101.41,8169.99,38.81,23.2581,553.11,521.22
5,214,47.56,1415.59,8.41,642.41,394,1590.22,2388.04,2388.02,9100.18,8175.95,38.75,23.2393,553.06,521.9
5,215,47.58,1414.35,8.4817,643.25,393,1598.9,2388.01,2388.02,9095.98,8178.3,38.81,23.1971,552.63,521.17
5,216,47.6,1419.51,8.4257,642.33,394,1597.02,2388.04,2388.08,9099.24,8171.42,38.67,23.2079,553.25,520.88
5,217,47.58,1411.58,8.4691,642.69,395,1590.44,2388.09,2388.1,9103.2,8174.26,38.59,23.2088,553.41,521.49
5,218,47.55,1412.19,8.4446,643.14,393,1593.78,2388.04,2388.12,9096.54,8174.29,38.77,23.0964,553.2,521.84
5,219,47.71,1410.72,8.4295,642.85,394,1591.7,2388.11,2388.11,9100.47,8177.08,38.49,23.2752,552.88,521.26
5,220,47.59,1412.16,8.4664,642.63,395,1591.54,2388.13,2388.11,9102.11,8173.86,38.78,23.1496,553.48,521.68
5,221,47.68,1411.56,8.4499,642.84,393,1599.89,2388.04,2388.1,9102.51,8179.15,38.75,23.2008,553.3,520.67
5,222,47.7,1413.57,8.4755,642.6,396,1593.52,2388.09,2388.09,9103.0,8173.81,38.81,23.253,553.17,520.92
5,223,47.72,1414.61,8.4987,642.33,394,1598.78,2388.06,2388.06,9101.35,8173.18,38.82,23.2127,553.29,520.86
5,224,47.47,1409.75,8.4638,642.94,396,1594.2,2388.03,2388.08,9105.9,8180.08,38.88,23.3276,553.0,521.18
5,225,47.71,1420.41,8.4576,642.92,394,1592.04,2388.08,2388.1,9102.44,8179.37,38.7,23.1596,553.01,520.41
5,226,47.59,1410.58,8.4653,642.71,395,1595.56,2388.07,2388.07,9107.22,8177.69,38.8,23.3102,553.43,521.33
5,227,47.85,1409.96,8.4805,642.72,394,1597.53,2388.09,2388.05,9111.64,8181.18,38.66,23.2685,552.61,521.23
5,228,47.75,1416.9,8.4462,642.73,395,1595.91,2388.14,2388.12,9097.12,8173.52,38.91,23.2278,553.26,520.64
5,229,47.64,1410.49,8.4722,643.36,395,1599.17,2388.07,2388.05,9102.33,8178.67,38.76,23.245,552.54,521.14
5,230,47.69,1422.13,8.4637,643.4,393,1595.61,2388.15,2388.09,9107.89,8181.46,38.6,23.2551,552.73,521.21
5,231,47.82,1418.89,8.4484,642.73,395,1585.5,2388.1,2388.04,9097.5,8181.82,38.68,23.2363,552.79,521.18
5,232,47.8,1412.06,8.4974,642.72,392,1599.3,2388.1,2388.16,9103.71,8185.5,38.56,23.2672,552.8,520.94
5,233,47.78,1410.89,8.4873,643.7,393,1596.32,2388.15,2388.09,9110.31,8181.22,38.55,23.2345,553.12,521.04
5,234,47.67,1414.62,8.4239,642.34,393,1603.24,2388.14,2388.12,9118.34,8182.23,38.78,23.1835,552.73,521.07
5,235,47.73,1414.36,8.4749,643.17,394,1597.63,2388.11,2388.13,9117.65,8183.27,38.75,23.2203,552.8,520.52
5,236,47.78,1413.45,8.4957,643.25,394,1593.6,2388.09,2388.09,9114.68,8182.36,38.67,23.1579,553.3,521.03
5,237,47.98,1416.89,8.4604,643.68,396,1589.94,2388.06,2388.06,9117.53,8185.55,38.71,23.17,553.0,521.55
5,238,47.77,1420.25,8.4438,643.14,395,1595.09,2388.08,2388.06,9114.28,8178.71,38.67,23.0958,553.35,520.63
5,239,47.85,1418.73,8.4813,643.05,394,1601.15,2388.16,2388.09,9120.67,8185.64,38.72,23.192,553.54,521.51
5,240,47.84,1420.74,8.4942,643.41,395,1587.88,2388.06,2388.15,9125.04,8187.08,38.67,23.1828,552.8,521.47
5,241,47.57,1428.4,8.487,642.99,395,1592.89,2388.1,2388.07,9117.35,8187.67,38.66,23.2378,552.57,521.03
5,242,47.91,1416.36,8.5047,643.07,395,1603.83,2388.13,2388.06,9116.12,8186.92,38.47,23.2526,552.37,521.5
5,243,47.95,1418.14,8.4759,643.25,395,1599.63,2388.12,2388.18,9125.43,8187.52,38.78,23.0681,552.95,520.69
5,244,47.83,1422.41,8.481,642.95,396,1591.37,2388.11,2388.13,9123.41,8189.79,38.46,23.0463,553.16,520.75
5,245,47.96,1421.8,8.4866,643.13,393,1599.31,2388.13,2388.18,9114.21,8195.26,38.68,23.2506,552.46,520.54
5,246,47.79,1422.59,8.4931,643.49,396,1600.21,2388.15,2388.12,9130.35,8193.04,38.58,23.2279,552.52,520.38
5,247,47.87,1416.75,8.482,643.4,395,1601.11,2388.12,2388.11,9124.41,8190.88,38.76,23.1255,551.86,520.01
5,248,48.03,1422.62,8.4656,643.45,395,1594.09,2388.07,2388.1,9122.01,8192.6,38.6,23.196,552.66,520.51
5,249,47.9,1423.94,8.5371,643.56,395,1597.93,2388.16,2388.13,9127.54,8197.28,38.57,23.2299,551.98,520.36
5,250,47.85,1425.52,8.4391,643.14,396,1596.58,2388.14,2388.12,9121.08,8197.41,38.55,23.0257,552.79,520.57
5,251,47.72,1423.26,8.4868,643.59,396,1599.58,2388.13,2388.16,9130.2,8195.27,38.67,23.125,551.47,520.49
5,252,47.82,1419.15,8.4737,643.71,396,1598.85,2388.12,2388.1,9128.7,8191.41,38.61,23.239,551.81,520.42
5,253,48.08,1423.22,8.509,643.59,396,1602.52,2388.11,2388.16,9129.89,8193.67,38.48,23.1336,551.61,520.82
5,254,47.85,1424.36,8.516,643.3,396,1591.58,2388.11,2388.18,9133.91,8198.61,38.38,23.0446,551.48,520.07
5,255,48.19,1428.03,8.4968,643.46,396,1594.11,2388.18,2388.16,9134.42,8199.45,38.67,23.2145,551.73,520.38
5,256,47.82,1431.89,8.5036,643.66,396,1602.29,2388.12,2388.09,9129.24,8203.61,38.49,23.0656,551.4,520.46
5,257,48.27,1424.27,8.5263,643.22,395,1604.25,2388.05,2388.16,9122.22,8202.02,38.61,23.2326,552.21,519.88
5,258,48.06,1427.69,8.5105,643.44,396,1596.35,2388.16,2388.11,9137.48,8200.61,38.4,23.1169,552.5,520.59
5,259,48.05,1420.14,8.539,643.78,397,1608.65,2388.21,2388.15,9136.26,8203.36,38.34,23.0195,551.42,520.12
5,260,47.96,1425.28,8.4948,643.25,396,1607.39,2388.17,2388.11,9129.69,8205.66,38.74,23.1449,552.24,520.06
5,261,48.13,1421.13,8.495,643.27,396,1600.6,2388.16,2388.14,9133.37,8201.38,38.52,23.1152,552.07,520.63
5,262,47.86,1424.81,8.4983,643.56,395,1601.82,2388.16,2388.23,9134.01,8205.75,38.54,23.0929,552.49,519.95
5,263,48.04,1421.15,8.5201,643.95,397,1608.2,2388.14,2388.15,9140.04,8211.55,38.42,23.1361,551.57,520.05
5,264,48.26,1425.39,8.5297,643.77,397,1606.55,2388.17,2388.19,9149.72,8207.19,38.37,23.1132,551.7,519.83
5,265,48.03,1424.57,8.541,643.8,395,1605.53,2388.16,2388.1,9148.96,8203.89,38.35,23.0857,551.37,519.8
5,266,48.24,1434.4,8.5254,643.38,398,1609.33,2388.2,2388.14,9147.43,8208.49,38.55,23.1621,552.35,519.57
5,267,48.26,1430.25,8.5292,643.73,397,1609.41,2388.1,2388.17,9147.65,8206.86,38.49,23.0566,551.55,519.66
5,268,48.15,1434.59,8.5196,644.02,397,1608.65,2388.15,2388.14,9146.01,8215.19,38.52,23.118,552.22,520.1
5,269,48.26,1430.74,8.5209,643.46,397,1597.28,2388.18,2388.16,9157.05,8212.75,38.45,23.0296,550.77,519.86
11,1,47.13,1395.39,8.3935,642.2,392,1585.65,2388.05,2387.97,9051.83,8135.27,39.03,23.4919,554.78,522.29
11,2,47.18,1389.78,8.3643,641.81,391,1585.63,2388.01,2388.04,9058.18,8138.28,39.12,23.4647,554.63,522.33
11,3,47.46,1392.21,8.3758,642.05,392,1587.83,2388.01,2388.03,9046.18,8137.34,39.16,23.3271,554.48,522.31
11,4,47.26,1394.48,8.3784,642.19,391,1577.4,2388.05,2388.03,9054.67,8133.88,39.06,23.4017,554.07,521.69
11,5,47.15,1398.36,8.4056,642.32,391,1578.17,2388.02,2388.0,9055.87,8135.92,38.98,23.3377,554.73,522.56
11,6,47.11,1398.81,8.396,641.88,392,1587.32,2387.98,2388.07,9056.33,8140.17,38.99,23.4387,554.49,522.6
11,7,47.12,1400.55,8.3946,642.43,391,1586.23,2388.03,2388.04,9050.13,8139.4,38.97,23.4719,553.98,522.38
11,8,47.02,1400.84,8.4047,642.21,391,1586.81,2388.04,2388.05,9051.0,8140.49,39.18,23.422,554.46,522.67
11,9,47.29,1400.39,8.3542,641.85,392,1587.66,2388.01,2388.03,9053.69,8139.79,38.93,23.4871,554.83,522.49
11,10,47.21,1399.96,8.3836,641.71,390,1580.18,2388.06,2387.94,9054.77,8135.35,38.93,23.3689,554.29,521.98
11,11,47.17,1403.4,8.4111,642.69,391,1589.05,2388.06,2387.98,9053.65,8135.99,38.92,23.4216,553.97,522.38
11,12,47.14,1398.4,8.4222,642.24,391,1581.53,2388.0,2388.0,9051.17,8141.64,39.11,23.4267,554.93,521.77
11,13,47.27,1400.43,8.3639,642.53,392,1582.63,2387.98,2388.04,9051.66,8139.41,39.15,23.4336,554.63,522.1
11,14,47.22,1391.25,8.3427,642.27,394,1589.27,2388.01,2387.99,9052.24,8134.63,39.0,23.3445,554.02,522.44
11,15,47.28,1406.64,8.3758,642.61,392,1582.4,2388.07,2387.98,9049.2,8131.09,39.05,23.2728,554.31,522.36
11,16,47.23,1400.99,8.4237,642.51,391,1591.74,2388.04,2388.02,9054.0,8138.06,39.01,23.4991,554.38,521.95
11,17,47.26,1397.7,8.4331,641.61,390,1586.2,2388.02,2388.02,9062.16,8133.82,38.89,23.3643,554.39,522.45
11,18,47.28,1394.4,8.392,641.92,392,1587.52,2388.03,2388.0,9051.61,8135.83,38.98,23.4803,554.03,522.14
11,19,47.17,1395.37,8.3984,642.79,392,1582.29,2387.96,2388.02,9053.31,8140.49,39.03,23.4238,554.79,522.76
11,20,47.21,1398.75,8.3675,642.35,393,1593.36,2388.03,2388.0,9051.23,8138.25,39.03,23.3962,554.19,522.13
11,21,47.21,1391.13,8.3857,642.44,392,1583.42,2388.06,2388.01,9049.83,8136.2,39.01,23.4342,554.51,522.54
11,22,47.28,1402.4,8.3772,642.08,391,1581.85,2388.05,2388.07,9051.46,8141.33,38.99,23.4564,553.57,522.71
11,23,47.24,1399.86,8.4163,642.25,392,1580.18,2388.03,2387.96,9063.79,8140.89,38.7,23.3861,554.03,522.05
11,24,47.15,1400.31,8.4124,642.15,392,1583.63,2388.02,2388.01,9057.68,8142.7,39.02,23.4246,554.11,522.1
11,25,47.3,1403.54,8.391,641.73,394,1580.23,2388.05,2387.99,9055.87,8137.69,38.73,23.272,555.36,522.64
11,26,47.29,1396.14,8.3937,642.09,391,1579.34,2388.06,2388.01,9061.19,8137.96,38.84,23.2838,554.32,522.42
11,27,47.3,1400.06,8.4127,642.13,393,1588.96,2388.01,2388.05,9050.54,8137.91,38.79,23.4566,554.01,522.09
11,28,47.34,1402.92,8.4136,642.22,390,1576.29,2388.05,2387.98,9045.34,8137.94,38.94,23.4501,555.28,522.32
11,29,47.24,1397.34,8.3926,642.1,392,1582.76,2388.04,2387.98,9055.78,8140.71,38.85,23.4664,555.31,522.47
11,30,47.33,1400.58,8.4034,642.01,390,1582.15,2388.0,2388.03,9045.93,8132.18,38.89,23.5179,553.93,522.85
11,31,47.22,1390.69,8.4041,642.22,393,1591.95,2388.03,2387.95,9050.34,8144.5,39.09,23.4137,553.69,522.2
11,32,47.34,1401.48,8.4134,641.69,393,1580.75,2387.97,2388.06,9061.06,8136.73,38.96,23.3978,554.41,522.05
11,33,47.21,1394.85,8.4162,641.98,390,1584.74,2387.99,2388.05,9050.64,8140.03,38.89,23.4365,554.38,522.54
11,34,47.2,1396.78,8.3959,642.91,391,1588.67,2388.03,2388.01,9052.25,8139.82,38.97,23.4385,554.29,522.66
11,35,47.15,1402.56,8.4455,642.19,392,1587.71,2388.0,2387.96,9049.16,8133.98,39.14,23.44,554.35,522.64
11,36,47.24,1397.55,8.388,641.99,392,1586.4,2388.02,2388.02,9055.09,8136.82,38.96,23.3295,553.86,521.79
11,37,47.16,1392.64,8.4105,642.18,392,1582.02,2388.06,2388.07,9052.78,8136.0,38.96,23.3884,554.52,522.52
11,38,47.11,1395.71,8.3874,642.18,393,1584.35,2387.96,2388.04,9056.28,8134.16,39.0,23.4518,553.9,522.54
11,39,47.18,1398.09,8.4254,642.73,392,1581.9,2388.04,2388.07,9044.26,8140.96,39.21,23.4269,554.9,522.18
11,40,47.39,1400.42,8.4039,642.26,391,1584.31,2388.03,2388.05,9050.94,8137.52,38.85,23.4185,554.78,522.45
11,41,47.28,1397.41,8.3796,641.62,392,1584.46,2388.03,2388.01,9055.59,8138.82,39.01,23.4146,554.26,522.26
11,42,47.24,1400.52,8.4085,641.41,392,1588.62,2388.06,2388.03,9058.15,8140.79,38.96,23.3637,553.96,521.81
11,43,47.18,1399.23,8.3586,642.38,392,1582.06,2388.03,2388.05,9049.98,8134.42,39.02,23.4501,553.95,522.15
11,44,47.17,1405.46,8.4236,642.22,391,1581.61,2388.02,2388.03,9056.38,8132.99,39.09,23.4477,554.34,522.52
11,45,47.1,1391.03,8.395,642.13,392,1576.17,2388.08,2388.01,9050.58,8135.34,39.18,23.4272,554.41,522.29
11,46,47.17,1398.47,8.4173,641.7,392,1581.5,2387.96,2387.98,9061.71,8137.83,39.04,23.5197,554.16,522.26
11,47,47.19,1397.92,8.4126,642.39,393,1587.17,2388.04,2388.03,9055.24,8135.6,38.95,23.3655,554.21,522.34
11,48,47.32,1400.98,8.3858,642.43,393,1589.74,2388.01,2388.01,9056.68,8138.82,39.12,23.426,554.35,521.97
11,49,47.27,1399.38,8.4135,641.96,393,1575.0,2388.02,2388.05,9055.62,8135.44,38.98,23.477,554.37,522.86
11,50,47.2,1403.6,8.4526,642.27,390,1571.84,2388.04,2388.04,9060.87,8143.91,39.09,23.4715,553.75,521.92
11,51,47.25,1398.17,8.422,642.34,390,1584.54,2388.01,2388.03,9058.91,8139.98,39.0,23.3789,554.69,522.38
11,52,47.17,1403.83,8.3852,642.46,392,1583.06,2388.03,2388.06,9047.21,8142.49,38.99,23.4803,555.18,522.66
11,53,47.2,1392.95,8.4087,642.49,392,1583.43,2388.04,2388.04,9053.36,8140.34,39.1,23.3581,555.13,522.59
11,54,47.23,1394.84,8.4052,642.36,391,1589.87,2388.03,2387.99,9054.95,8142.01,39.02,23.4614,554.59,522.0
11,55,47.24,1391.51,8.4011,642.11,392,1587.89,2388.07,2388.03,9057.67,8138.8,39.01,23.4166,554.04,521.96
11,56,47.27,1400.18,8.3797,642.7,392,1584.42,2388.05,2388.06,9050.18,8134.67,39.09,23.3369,554.38,521.92
11,57,47.31,1402.39,8.3852,642.08,392,1584.82,2388.0,2388.01,9052.35,8143.05,39.01,23.5788,554.6,522.42
11,58,47.36,1405.3,8.3997,641.79,391,1581.77,2388.04,2388.03,9051.44,8139.04,39.09,23.301,554.61,522.19
11,59,47.17,1405.2,8.4084,642.45,392,1585.68,2388.06,2387.98,9053.24,8139.68,38.87,23.3353,555.21,522.11
11,60,47.36,1398.27,8.3992,642.11,393,1585.22,2387.97,2388.04,9062.2,8139.74,38.98,23.2988,554.13,522.27
11,61,47.09,1399.97,8.4256,642.06,392,1595.45,2388.01,2388.0,9053.92,8138.19,39.05,23.5049,553.83,522.31
11,62,47.17,1398.58,8.4093,642.0,391,1586.58,2387.96,2388.0,9052.48,8143.93,38.83,23.35,555.3,522.26
11,63,47.31,1393.16,8.3898,641.98,392,1585.86,2388.02,2388.0,9055.39,8137.57,39.09,23.4401,554.07,522.02
11,64,47.37,1398.68,8.3873,641.97,391,1584.22,2387.97,2388.01,9050.78,8138.86,39.04,23.2613,555.04,522.12
11,65,47.31,1398.46,8.3914,642.43,391,1588.24,2388.07,2388.05,9057.54,8138.34,38.79,23.3453,554.11,522.41
11,66,47.19,1397.4,8.3816,642.72,392,1588.41,2388.05,2387.98,9060.31,8139.93,39.12,23.4133,554.47,522.14
11,67,47.4,1394.41,8.3935,642.3,391,1585.26,2387.96,2388.07,9061.18,8143.57,38.99,23.3399,555.33,522.62
11,68,47.24,1403.57,8.4065,642.23,391,1583.28,2388.04,2388.02,9057.44,8141.13,38.92,23.3509,554.36,522.27
11,69,47.28,1400.55,8.4009,642.24,392,1586.27,2388.02,2388.09,9049.58,8141.14,38.86,23.461,554.23,522.23
11,70,47.26,1401.56,8.4101,642.34,393,1580.13,2387.98,2388.01,9050.03,8147.07,38.89,23.3699,554.11,522.12
11,71,47.4,1394.86,8.4211,642.57,391,1586.2,2388.02,2388.02,9055.94,8138.34,39.1,23.4454,554.99,521.88
11,72,47.17,1400.38,8.4049,642.32,393,1591.12,2388.04,2388.03,9057.21,8144.22,38.8,23.3863,553.96,522.0
11,73,47.19,1397.97,8.3978,642.07,392,1584.11,2387.95,2388.03,9055.11,8141.16,38.94,23.3674,553.95,522.95
11,74,47.44,1395.96,8.412,642.27,392,1585.03,2388.01,2388.03,9061.66,8144.31,38.89,23.5082,554.51,521.86
11,75,47.3,1391.07,8.4128,641.95,392,1580.27,2388.0,2388.04,9058.23,8138.31,38.99,23.3972,554.31,522.08
11,76,47.25,1403.1,8.4069,642.07,395,1584.39,2387.96,2388.03,9058.95,8139.11,38.96,23.3912,553.78,521.79
11,77,47.19,1399.83,8.3871,642.42,391,1589.24,2388.02,2387.94,9056.66,8143.32,39.04,23.37,554.46,522.21
11,78,47.32,1396.85,8.3964,642.0,393,1588.75,2387.98,2388.01,9058.16,8136.36,39.03,23.3964,553.93,522.56
11,79,47.14,1396.23,8.425,642.36,392,1582.83,2388.02,2388.07,9054.08,8138.6,38.98,23.3147,553.95,521.93
11,80,47.21,1403.0,8.4361,641.96,392,1590.13,2388.01,2387.98,9051.88,8139.74,39.11,23.493,554.07,522.02
11,81,47.09,1401.14,8.4064,642.54,392,1583.78,2388.0,2387.96,9055.11,8135.51,39.0,23.3403,554.8,522.27
11,82,47.07,1394.27,8.4129,642.37,391,1590.35,2388.04,2388.1,9056.42,8136.87,38.95,23.3266,554.19,522.42
11,83,47.33,1402.02,8.42,642.49,393,1590.06,2388.0,2388.0,9058.86,8140.86,39.11,23.4632,554.42,521.66
11,84,47.23,1396.88,8.4424,641.99,393,1590.02,2388.02,2388.02,9059.07,8136.31,38.88,23.2796,554.16,521.84
11,85,47.24,1396.96,8.3929,642.63,392,1586.68,2387.98,2388.06,9063.45,8140.14,38.95,23.3431,554.29,522.44
11,86,47.36,1402.28,8.3961,642.62,394,1583.63,2388.04,2388.04,9054.39,8137.91,38.75,23.4414,553.96,522.43
11,87,47.25,1393.42,8.4316,642.3,392,1579.51,2388.04,2388.07,9065.09,8140.06,39.08,23.3275,554.91,522.52
11,88,47.35,1402.89,8.4,642.14,391,1589.38,2388.02,2388.1,9057.43,8140.75,38.9,23.3643,553.66,522.25
11,89,47.23,1402.26,8.418,642.28,394,1585.72,2388.03,2388.05,9047.54,8140.07,38.82,23.4642,554.28,522.04
11,90,47.06,1399.76,8.4055,642.14,392,1591.91,2388.02,2388.0,9061.71,8140.94,38.94,23.3496,554.37,522.02
11,91,47.22,1402.13,8.4081,642.6,392,1591.09,2388.04,2388.01,9055.96,8146.16,38.92,23.3725,554.54,522.21
11,92,47.16,1397.51,8.428,642.64,393,1586.27,2388.1,2388.01,9054.0,8140.6,39.02,23.519,554.5,522.14
11,93,47.47,1403.52,8.4103,641.9,390,1591.55,2388.05,2388.06,9053.77,8142.06,38.93,23.3372,553.87,521.95
11,94,47.29,1407.02,8.4094,642.3,390,1588.6,2388.0,2388.01,9054.9,8140.13,38.87,23.4122,553.96,522.83
11,95,47.27,1395.26,8.432,642.67,392,1587.52,2387.98,2387.99,9053.82,8143.04,38.98,23.4589,554.63,522.46
11,96,47.34,1395.03,8.4086,642.02,393,1581.98,2387.99,2388.07,9062.64,8139.27,38.9,23.4472,553.94,521.93
11,97,47.14,1406.27,8.4119,641.98,392,1588.9,2388.03,2388.02,9056.62,8134.87,39.04,23.3906,553.79,522.42
11,98,47.27,1397.71,8.4252,642.31,392,1584.87,2388.1,2388.03,9056.13,8142.52,39.07,23.3365,553.83,522.01
11,99,47.24,1394.92,8.4511,642.13,392,1581.23,2388.07,2388.02,9056.34,8140.06,39.07,23.4178,554.32,521.95
11,100,47.19,1402.81,8.3896,642.32,392,1587.87,2388.04,2388.04,9055.5,8139.44,38.81,23.376,554.72,521.96
11,101,47.27,1399.46,8.4011,642.28,391,1584.59,2388.01,2388.01,9062.14,8145.75,38.91,23.4353,554.61,522.4
11,102,47.36,1394.53,8.4309,642.21,393,1587.73,2388.01,2388.08,9058.48,8136.28,38.9,23.4063,555.04,522.0
11,103,47.27,1406.52,8.4019,642.5,393,1579.9,2388.03,2388.02,9056.15,8143.93,38.8,23.377,553.79,522.05
11,104,47.4,1392.54,8.3803,642.28,391,1586.62,2388.06,2388.03,9053.68,8141.03,38.93,23.3845,554.16,521.67
11,105,47.37,1401.55,8.3802,642.49,393,1590.06,2388.03,2388.04,9066.05,8140.08,39.0,23.4192,553.82,522.69
11,106,47.13,1399.65,8.3985,642.0,393,1590.45,2388.1,2388.07,9064.05,8139.91,39.07,23.4773,554.57,522.31
11,107,47.26,1399.41,8.3783,642.27,391,1580.91,2388.07,2388.01,9058.76,8138.8,39.1,23.3214,554.73,522.64
11,108,47.37,1396.72,8.4231,642.27,391,1590.02,2387.97,2388.09,9061.97,8146.13,39.02,23.4415,553.26,522.37
11,109,47.15,1396.62,8.3793,642.57,394,1585.26,2387.97,2388.0,9052.23,8143.23,39.08,23.3933,553.93,522.39
11,110,47.21,1399.72,8.3785,642.18,391,1592.33,2387.99,2388.01,9057.7,8148.94,38.81,23.4207,554.17,521.93
11,111,47.43,1391.22,8.4374,642.17,392,1590.1,2388.01,2388.04,9059.87,8138.83,39.21,23.4053,554.21,522.14
11,112,47.37,1391.29,8.3999,642.63,392,1582.95,2388.05,2388.07,9054.54,8136.68,39.01,23.4675,554.04,522.36
11,113,47.2,1399.14,8.3729,642.54,393,1584.52,2388.0,2387.98,9061.16,8138.66,39.18,23.3392,553.76,521.84
11,114,47.35,1401.8,8.4027,642.22,393,1589.45,2388.02,2388.04,9064.9,8145.28,38.98,23.4464,554.11,521.73
11,115,47.2,1397.09,8.4318,642.08,392,1577.94,2388.04,2388.0,9065.4,8145.89,38.99,23.3886,554.33,521.78
11,116,47.47,1400.27,8.4058,642.03,392,1582.25,2388.05,2388.02,9060.08,8144.14,38.84,23.4434,554.89,522.13
11,117,47.27,1399.08,8.4061,642.29,392,1588.99,2388.08,2388.02,9063.96,8145.25,38.86,23.4561,553.72,521.55
11,118,47.22,1410.69,8.4245,642.15,393,1582.3,2388.04,2387.94,9071.59,8143.55,38.85,23.2986,554.1,522.05
11,119,47.49,1402.35,8.4309,642.35,392,1582.34,2388.04,2387.99,9058.95,8140.54,39.12,23.4008,553.79,522.06
11,120,47.35,1398.02,8.4613,641.68,391,1592.75,2388.03,2388.03,9063.51,8138.85,38.98,23.4447,554.43,522.05
11,121,47.34,1402.7,8.4059,642.76,393,1582.4,2388.02,2388.06,9062.42,8144.46,38.9,23.316,553.71,522.31
11,122,47.27,1405.57,8.411,642.83,391,1584.81,2388.0,2388.06,9059.84,8143.01,38.94,23.3843,553.81,521.99
11,123,47.35,1397.49,8.401,642.5,393,1586.47,2388.09,2388.07,9059.05,8144.54,38.78,23.3174,554.58,522.04
11,124,47.2,1404.35,8.4334,642.33,392,1591.74,2388.05,2388.02,9059.65,8149.43,38.92,23.3691,553.94,522.32
11,125,47.5,1403.9,8.4018,642.07,391,1596.07,2387.98,2388.02,9065.39,8146.8,38.93,23.4796,554.18,521.42
11,126,47.31,1403.67,8.4358,641.9,392,1587.99,2388.06,2388.04,9058.43,8135.78,39.05,23.3785,554.4,522.5
11,127,47.44,1405.37,8.4153,641.8,393,1587.67,2388.08,2388.03,9059.25,8139.06,39.12,23.4503,554.2,521.73
11,128,47.44,1408.11,8.4113,642.21,392,1583.75,2388.05,2388.01,9068.46,8148.41,38.81,23.2457,554.25,522.02
11,129,47.43,1401.0,8.3722,642.8,394,1582.18,2388.03,2388.04,9065.13,8141.82,38.88,23.2947,554.51,521.67
11,130,47.21,1399.84,8.4119,642.17,392,1586.67,2388.05,2388.03,9060.72,8144.99,39.05,23.2464,553.74,521.98
11,131,47.35,1398.91,8.4148,642.24,392,1588.51,2387.96,2388.05,9051.26,8151.74,39.08,23.4255,553.87,522.24
11,132,47.3,1398.47,8.4236,642.11,392,1583.51,2388.04,2388.05,9058.57,8141.1,38.83,23.4041,554.27,522.17
11,133,47.39,1399.55,8.4271,642.29,393,1581.62,2388.05,2388.0,9057.11,8141.82,39.02,23.3433,554.49,521.41
11,134,47.25,1411.41,8.3899,642.46,392,1579.85,2388.06,2388.09,9069.31,8147.74,38.74,23.4338,553.13,521.79
11,135,47.36,1403.08,8.4094,642.63,393,1589.76,2388.06,2388.06,9064.12,8141.01,38.91,23.2903,554.57,521.77
11,136,47.36,1399.82,8.4335,642.03,393,1585.65,2388.08,2388.0,9077.75,8140.73,38.97,23.5463,554.85,521.57
11,137,47.27,1403.68,8.4173,641.71,392,1584.31,2388.08,2388.05,9071.44,8147.34,38.83,23.2449,553.76,521.84
11,138,47.36,1404.53,8.4331,642.78,392,1578.23,2388.06,2388.08,9067.55,8142.0,38.97,23.375,555.17,521.85
11,139,47.42,1405.9,8.428,641.96,393,1583.02,2388.0,2388.12,9068.8,8149.41,39.09,23.1994,554.16,521.91
11,140,47.26,1401.7,8.4184,642.52,394,1588.37,2388.06,2387.98,9059.87,8146.7,39.03,23.3892,554.5,521.56
11,141,47.45,1402.05,8.4207,642.05,394,1587.16,2388.0,2388.04,9066.81,8145.85,38.89,23.3066,553.79,521.74
11,142,47.35,1406.78,8.4112,642.96,392,1583.17,2388.03,2388.0,9063.2,8146.16,39.14,23.4088,554.77,522.57
11,143,47.44,1399.7,8.458,642.21,393,1589.4,2387.97,2387.98,9072.83,8144.46,38.81,23.3783,554.32,521.55
11,144,47.38,1401.62,8.454,642.61,392,1584.22,2388.03,2388.04,9072.16,8149.35,38.79,23.3179,554.28,522.12
11,145,47.46,1409.25,8.4027,642.48,393,1587.0,2388.06,2388.07,9066.6,8143.43,38.78,23.3262,554.24,521.02
11,146,47.33,1403.74,8.4312,642.13,393,1587.19,2387.99,2388.05,9070.61,8148.68,39.1,23.2712,553.85,521.96
11,147,47.57,1407.81,8.4047,642.56,393,1585.41,2388.03,2388.07,9066.95,8151.4,38.87,23.3068,553.39,521.91
11,148,47.47,1410.15,8.4286,642.62,393,1593.51,2388.04,2388.07,9067.71,8153.14,38.86,23.3528,553.41,521.97
11,149,47.47,1411.83,8.4166,642.98,392,1592.98,2388.04,2388.04,9068.98,8143.69,38.72,23.3379,553.58,521.56
11,150,47.26,1402.72,8.4277,642.06,393,1584.02,2388.06,2388.07,9065.96,8144.14,39.13,23.3631,553.68,521.89
11,151,47.19,1405.47,8.4166,642.89,394,1589.2,2388.06,2388.05,9064.23,8140.75,39.01,23.3398,554.09,521.94
11,152,47.37,1401.33,8.4052,642.53,393,1591.83,2388.04,2388.09,9070.58,8155.54,38.65,23.3459,553.49,522.04
11,153,47.32,1405.94,8.4272,642.46,394,1592.3,2388.05,2388.07,9068.83,8146.52,38.87,23.2887,552.73,522.09
11,154,47.45,1400.91,8.4356,642.83,392,1589.3,2387.99,2388.03,9067.95,8154.82,39.02,23.3234,553.53,521.98
11,155,47.5,1403.41,8.4097,642.23,392,1587.73,2388.05,2388.05,9068.36,8148.98,38.98,23.2446,553.58,522.05
11,156,47.37,1402.44,8.4318,642.29,393,1583.59,2388.12,2388.03,9074.93,8144.97,38.73,23.3631,553.9,522.0
11,157,47.44,1402.6,8.4206,642.61,395,1590.78,2388.11,2388.01,9070.72,8147.69,39.17,23.3007,554.37,522.26
11,158,47.36,1400.72,8.4512,642.47,393,1590.39,2388.09,2388.02,9073.04,8151.17,38.77,23.314,553.43,521.57
11,159,47.25,1412.72,8.4349,642.04,392,1593.59,2388.09,2388.02,9068.39,8150.18,38.82,23.4165,553.48,521.82
11,160,47.48,1405.19,8.4609,642.82,393,1587.98,2388.05,2388.07,9072.8,8148.46,38.84,23.3837,553.19,521.78
11,161,47.4,1401.88,8.4165,642.28,394,1585.28,2388.05,2388.03,9070.64,8155.92,38.84,23.3048,554.01,521.46
11,162,47.4,1402.67,8.4137,642.42,394,1593.8,2388.12,2388.06,9070.97,8150.12,38.94,23.3716,553.76,521.2
11,163,47.51,1398.22,8.4407,641.95,393,1590.62,2388.06,2388.06,9075.71,8150.8,38.91,23.3253,553.91,521.97
11,164,47.3,1400.01,8.4468,642.71,393,1590.29,2388.06,2388.0,9077.75,8154.65,38.92,23.289,553.76,521.8
11,165,47.45,1411.62,8.4446,642.55,393,1596.82,2388.04,2388.1,9070.25,8152.31,38.85,23.3122,553.6,521.63
11,166,47.56,1402.71,8.4301,642.68,393,1587.0,2388.09,2388.08,9078.42,8154.6,38.88,23.404,553.54,521.73
11,167,47.55,1406.61,8.4285,642.3,393,1592.45,2388.11,2388.02,9072.23,8148.81,38.84,23.3611,553.65,521.1
11,168,47.59,1405.65,8.4594,643.18,393,1581.81,2388.04,2388.04,9072.98,8151.28,38.67,23.29,553.72,521.45
11,169,47.47,1408.07,8.4293,642.46,392,1580.78,2388.06,2388.01,9077.23,8157.98,38.86,23.2977,553.3,521.53
11,170,47.47,1399.02,8.4334,641.97,394,1588.75,2388.05,2388.1,9070.72,8150.43,38.88,23.321,553.3,521.77
11,171,47.33,1412.85,8.4531,643.01,392,1590.91,2388.09,2387.99,9077.19,8152.96,38.93,23.2692,553.31,521.76
11,172,47.56,1401.46,8.4425,642.45,393,1586.91,2388.07,2388.1,9082.17,8156.52,38.81,23.4505,554.11,521.67
11,173,47.55,1404.02,8.4108,642.22,392,1591.75,2388.06,2388.08,9077.61,8154.79,38.66,23.3108,554.15,521.61
11,174,47.49,1411.04,8.4672,642.52,392,1592.14,2388.09,2388.07,9079.31,8157.32,38.86,23.3877,554.27,521.41
11,175,47.42,1403.34,8.4273,642.9,393,1587.68,2388.02,2388.12,9077.88,8159.93,38.76,23.241,553.55,521.66
11,176,47.13,1411.16,8.453,642.37,394,1590.8,2388.07,2388.05,9076.9,8153.47,38.91,23.4046,553.45,521.53
11,177,47.57,1404.25,8.4445,642.82,393,1589.03,2388.05,2388.0,9081.19,8155.88,38.79,23.2483,553.34,521.82
11,178,47.54,1405.88,8.4307,642.77,391,1595.91,2388.05,2388.03,9084.31,8161.33,38.8,23.3742,553.62,521.69
11,179,47.62,1412.68,8.4718,642.85,392,1590.33,2388.06,2388.06,9082.79,8155.75,38.84,23.3466,553.48,521.09
11,180,47.53,1407.66,8.4323,642.91,393,1587.71,2388.07,2388.08,9076.45,8158.23,38.67,23.2629,553.23,521.72
11,181,47.61,1406.71,8.4414,642.57,394,1590.02,2388.13,2388.09,9077.44,8157.41,38.68,23.2518,553.59,521.66
11,182,47.67,1402.03,8.424,642.59,394,1588.41,2388.03,2388.08,9081.27,8161.89,38.89,23.2896,553.27,521.48
11,183,47.35,1404.72,8.444,642.78,393,1587.06,2388.04,2388.07,9084.24,8159.18,38.59,23.2455,553.33,521.29
11,184,47.79,1419.01,8.4274,642.91,392,1595.5,2388.06,2388.08,9089.0,8163.45,38.83,23.3222,552.96,521.75
11,185,47.48,1414.52,8.4508,642.85,394,1587.53,2388.13,2388.05,9082.19,8154.81,38.89,23.2396,553.26,521.41
11,186,47.47,1409.5,8.4316,642.6,394,1589.21,2388.12,2388.12,9091.9,8157.84,38.97,23.204,553.2,521.49
11,187,47.53,1417.17,8.4573,642.32,393,1587.31,2388.02,2388.05,9083.3,8163.86,38.89,23.3545,552.85,521.71
11,188,47.52,1412.07,8.4663,643.19,393,1602.38,2388.11,2388.09,9081.55,8164.4,38.83,23.3734,553.98,521.42
11,189,47.48,1404.31,8.4781,642.45,394,1596.93,2388.06,2388.08,9083.66,8170.05,38.69,23.3143,552.94,521.06
11,190,47.64,1404.18,8.4567,642.74,393,1599.98,2388.11,2388.06,9083.7,8163.16,38.93,23.2675,553.33,521.69
11,191,47.45,1414.78,8.4506,642.44,394,1590.57,2388.03,2388.04,9082.58,8167.05,38.75,23.3386,552.77,521.31
11,192,47.53,1415.89,8.4462,642.25,394,1587.95,2388.0,2388.1,9082.49,8166.62,38.86,23.174,553.41,521.39
11,193,47.6,1414.9,8.4269,642.62,394,1594.23,2388.07,2388.14,9089.0,8167.06,38.79,23.3255,553.67,521.41
11,194,47.73,1417.31,8.4835,643.09,394,1591.38,2388.06,2388.12,9093.31,8162.99,38.73,23.3257,553.98,521.94
11,195,47.73,1416.86,8.5017,643.38,393,1591.11,2388.09,2388.14,9087.71,8164.02,38.81,23.2551,552.92,520.91
11,196,47.84,1416.39,8.451,643.24,394,1593.96,2388.1,2388.08,9090.25,8167.88,38.83,23.2212,552.86,521.32
11,197,47.65,1407.81,8.4764,642.82,392,1596.08,2388.13,2388.01,9089.76,8168.93,38.78,23.217,553.82,521.07
11,198,47.72,1412.42,8.4667,643.22,394,1597.7,2388.09,2388.07,9092.56,8169.21,38.82,23.269,553.2,521.35
11,199,47.77,1407.33,8.4817,642.75,394,1594.39,2388.03,2388.07,9095.73,8166.52,38.69,23.1649,552.85,521.56
11,200,47.61,1419.89,8.4804,642.82,394,1593.09,2388.11,2388.07,9098.29,8173.27,38.98,23.276,552.74,521.21
11,201,47.67,1409.84,8.4573,642.74,394,1594.0,2388.08,2388.06,9099.23,8173.92,38.92,23.2324,552.99,521.59
11,202,47.66,1416.12,8.4582,642.82,395,1595.43,2388.12,2388.08,9100.5,8174.1,38.84,23.2307,553.2,520.75
11,203,47.59,1415.68,8.4766,643.27,394,1594.42,2388.07,2388.09,9099.07,8172.72,38.65,23.265,553.71,521.49
11,204,47.57,1413.66,8.48,643.01,394,1600.78,2388.13,2388.05,9096.62,8177.44,38.6,23.1804,552.63,521.15
11,205,47.75,1407.48,8.4622,643.32,395,1599.68,2388.11,2388.06,9108.56,8175.98,38.64,23.2295,553.86,520.82
11,206,47.57,1416.59,8.4492,643.06,394,1592.38,2388.1,2388.07,9108.93,8170.88,38.69,23.2278,552.31,520.64
11,207,47.67,1408.91,8.4714,642.53,395,1592.09,2388.03,2388.12,9104.16,8182.03,38.74,23.1952,552.98,520.7
11,208,47.71,1410.5,8.4832,643.42,392,1597.0,2388.11,2388.1,9103.42,8175.53,38.63,23.2749,553.11,521.36
11,209,47.89,1418.53,8.4461,642.79,395,1592.08,2388.09,2388.08,9105.93,8177.4,38.86,23.1302,553.15,521.57
11,210,47.78,1417.71,8.4693,644.09,394,1595.84,2388.08,2388.09,9104.37,8180.88,38.59,23.1738,552.87,520.93
11,211,47.76,1411.15,8.4749,642.86,396,1589.33,2388.08,2388.03,9108.45,8176.81,38.48,23.2501,553.23,521.2
11,212,47.81,1416.11,8.4743,643.31,393,1601.93,2388.12,2388.11,9102.76,8182.99,38.85,23.194,552.67,521.36
11,213,47.82,1417.44,8.4793,642.97,395,1600.91,2388.06,2388.17,9105.88,8180.98,38.67,23.1144,552.92,520.43
11,214,47.92,1408.39,8.4818,643.24,396,1598.2,2388.15,2388.17,9105.88,8177.98,38.61,23.1432,553.09,520.81
11,215,47.74,1421.25,8.4508,643.24,395,1592.43,2388.13,2388.12,9114.36,8184.33,38.73,23.2806,552.73,520.96
11,216,47.67,1419.4,8.4468,643.1,395,1595.6,2388.1,2388.12,9106.96,8190.1,38.68,23.1628,552.01,520.79
11,217,47.77,1413.99,8.468,642.94,393,1595.48,2388.1,2388.11,9108.27,8185.43,38.51,23.2706,552.64,520.61
11,218,47.86,1415.34,8.4751,643.43,395,1605.0,2388.1,2388.12,9119.89,8186.36,38.72,23.2289,552.37,521.1
11,219,47.88,1419.38,8.4657,642.91,395,1603.37,2388.13,2388.13,9115.1,8182.76,38.49,23.0955,552.42,520.43
11,220,47.92,1418.16,8.4637,643.18,396,1599.36,2388.11,2388.09,9114.67,8191.42,38.6,23.1006,552.28,520.7
11,221,47.83,1422.01,8.4479,643.39,396,1596.2,2388.08,2388.12,9124.62,8193.41,38.47,23.2252,552.64,520.77
11,222,47.89,1419.71,8.489,643.38,394,1596.23,2388.07,2388.08,9126.01,8193.99,38.56,23.1194,552.58,521.03
11,223,47.87,1413.78,8.4933,643.27,397,1594.78,2388.07,2388.13,9131.05,8193.97,38.7,23.1471,552.45,520.82
11,224,47.81,1424.28,8.4721,643.19,396,1598.12,2388.05,2388.07,9125.89,8194.36,38.44,23.2245,552.62,521.26
11,225,48.0,1415.65,8.4877,643.28,396,1604.2,2388.11,2388.08,9126.81,8196.21,38.62,23.13,552.75,520.17
11,226,47.97,1418.47,8.5266,643.26,395,1601.06,2388.2,2388.12,9127.0,8196.85,38.57,23.1209,552.49,520.04
11,227,48.0,1431.26,8.4435,643.04,396,1605.96,2388.1,2388.12,9132.23,8200.57,38.68,23.2125,551.89,520.36
11,228,48.0,1418.52,8.4726,643.24,396,1605.75,2388.17,2388.16,9131.81,8204.7,38.6,23.1412,551.13,520.81
11,229,47.97,1418.75,8.4909,643.57,396,1594.52,2388.13,2388.08,9147.23,8204.27,38.56,23.1104,552.74,520.54
11,230,48.11,1421.19,8.4853,643.45,395,1600.48,2388.1,2388.13,9137.16,8203.44,38.41,23.0951,551.46,520.58
11,231,47.99,1416.66,8.5039,643.77,397,1605.96,2388.09,2388.1,9136.72,8207.25,38.51,23.0519,552.66,521.13
11,232,48.06,1415.05,8.5408,643.57,395,1608.8,2388.17,2388.15,9138.91,8210.31,38.71,23.0727,552.5,520.3
11,233,47.84,1423.14,8.4921,643.4,395,1605.43,2388.12,2388.13,9138.15,8210.46,38.53,23.2003,552.56,520.75
11,234,47.94,1420.0,8.5148,643.65,397,1592.79,2388.18,2388.13,9145.42,8209.19,38.56,23.0208,551.69,520.86
11,235,48.01,1426.16,8.5183,643.22,395,1597.07,2388.17,2388.14,9153.67,8209.57,38.37,23.0664,552.6,520.66
11,236,48.03,1420.43,8.5166,643.6,397,1609.02,2388.12,2388.14,9145.76,8210.25,38.28,23.1657,551.82,519.95
11,237,48.16,1429.22,8.5383,643.5,395,1601.64,2388.25,2388.18,9152.41,8208.22,38.49,23.1025,552.54,520.39
11,238,48.04,1426.44,8.5121,643.27,396,1607.24,2388.18,2388.12,9150.92,8214.81,38.33,23.1283,550.55,520.18
11,239,48.24,1424.85,8.4947,643.68,396,1608.34,2388.23,2388.17,9151.7,8218.6,38.49,23.0304,552.0,520.07
11,240,48.19,1432.38,8.5135,643.52,397,1598.71,2388.19,2388.16,9155.67,8218.2,38.28,23.0558,552.03,519.94
13,1,47.46,1405.5,8.4393,641.94,392,1594.32,2388.07,2388.11,9051.55,8131.99,38.76,23.3793,554.14,520.87
13,2,47.5,1406.78,8.4325,642.61,393,1592.31,2388.11,2388.08,9053.39,8135.24,38.97,23.2731,553.08,521.45
13,3,47.43,1410.36,8.4642,642.23,393,1589.66,2388.1,2388.1,9061.71,8137.34,38.67,23.2775,553.29,521.66
13,4,47.65,1408.66,8.4115,642.67,391,1593.12,2388.12,2388.16,9047.99,8133.29,38.8,23.3566,553.71,521.44
13,5,47.56,1408.31,8.3731,642.77,393,1589.93,2388.08,2388.14,9057.89,8133.3,39.08,23.4748,553.21,521.32
13,6,47.58,1406.72,8.4222,642.83,392,1589.25,2388.15,2388.1,9053.61,8134.54,38.88,23.2899,553.29,521.7
13,7,47.42,1402.15,8.43,642.69,392,1591.14,2388.09,2388.06,9057.27,8140.95,38.92,23.285,553.16,521.31
13,8,47.58,1399.39,8.4281,642.41,393,1590.39,2388.12,2388.12,9053.8,8132.12,38.94,23.4308,552.75,521.46
13,9,47.54,1416.61,8.4141,642.76,393,1589.31,2388.1,2388.1,9053.53,8136.5,38.61,23.2479,553.56,521.28
13,10,47.45,1410.1,8.4321,642.31,391,1594.02,2388.08,2388.14,9055.86,8131.43,38.75,23.272,552.65,521.86
13,11,47.57,1403.72,8.4001,642.81,394,1590.74,2388.08,2388.1,9057.06,8132.71,38.86,23.3338,553.43,522.2
13,12,47.55,1407.15,8.4438,641.91,394,1585.92,2388.07,2388.09,9057.66,8140.59,38.77,23.3329,553.28,521.58
13,13,47.43,1409.62,8.4336,643.25,394,1599.99,2388.13,2388.1,9055.24,8135.84,38.83,23.2979,553.27,521.66
13,14,47.5,1409.34,8.4295,642.22,392,1591.18,2388.08,2388.07,9059.89,8139.03,38.9,23.2906,553.57,520.85
13,15,47.68,1406.2,8.3932,642.79,391,1594.09,2388.12,2388.06,9055.37,8131.19,38.91,23.3631,552.9,522.15
13,16,47.42,1409.0,8.4156,642.59,394,1595.91,2388.07,2388.05,9052.1,8136.84,38.97,23.3014,553.08,521.74
13,17,47.37,1404.03,8.4232,643.01,393,1593.27,2388.09,2388.1,9050.42,8135.74,38.86,23.3667,553.22,521.73
13,18,47.4,1405.87,8.4075,642.08,392,1589.14,2388.1,2388.14,9054.2,8129.93,38.77,23.3347,553.54,521.54
13,19,47.48,1408.11,8.4485,642.47,394,1584.56,2388.09,2388.06,9061.64,8131.57,38.82,23.3526,553.13,521.39
13,20,47.51,1407.4,8.4264,642.77,392,1595.46,2388.06,2388.11,9054.38,8133.96,38.57,23.2427,553.28,522.05
13,21,47.62,1407.08,8.4389,642.25,393,1581.62,2388.06,2388.08,9054.83,8131.2,38.83,23.4299,553.16,521.26
13,22,47.46,1407.41,8.428,643.02,392,1586.2,2388.1,2388.08,9056.62,8138.31,38.84,23.2634,553.48,521.56
13,23,47.57,1405.63,8.4311,642.6,392,1586.29,2388.12,2388.14,9056.01,8131.79,38.98,23.3116,553.12,522.07
13,24,47.64,1406.29,8.4215,642.95,393,1587.31,2388.14,2388.05,9051.44,8134.74,38.85,23.2426,553.75,521.89
13,25,47.51,1407.62,8.4366,642.1,393,1594.3,2388.1,2388.14,9062.26,8131.96,38.86,23.3473,553.55,522.5
13,26,47.58,1402.94,8.4346,642.19,391,1586.42,2388.1,2388.11,9063.15,8133.23,38.83,23.3003,553.7,521.49
13,27,47.47,1407.03,8.4475,643.01,393,1590.15,2388.07,2388.08,9056.15,8140.32,38.71,23.4061,553.15,521.32
13,28,47.6,1406.48,8.4191,642.56,393,1590.55,2388.07,2388.07,9059.63,8139.62,38.84,23.2284,553.34,521.73
13,29,47.48,1408.82,8.4534,642.89,394,1588.97,2388.09,2388.08,9047.99,8135.18,38.85,23.2946,553.25,521.67
13,30,47.36,1409.6,8.4743,642.7,393,1588.36,2388.16,2388.11,9057.73,8138.11,38.87,23.3169,554.31,521.31
13,31,47.44,1404.89,8.4644,642.3,393,1590.98,2388.05,2388.11,9058.44,8137.52,38.82,23.2797,553.89,521.85
13,32,47.44,1405.37,8.4316,642.75,393,1589.12,2388.09,2388.08,9053.01,8136.49,38.93,23.2791,553.72,521.54
13,33,47.49,1406.37,8.4294,642.48,394,1588.69,2388.1,2388.11,9057.65,8139.33,38.82,23.349,552.64,521.57
13,34,47.5,1409.85,8.4597,642.35,393,1590.06,2388.09,2388.1,9061.24,8132.94,38.92,23.3717,553.9,521.78
13,35,47.38,1401.64,8.4422,642.61,393,1589.91,2388.09,2388.08,9051.13,8135.18,38.84,23.3348,553.08,521.19
13,36,47.58,1403.92,8.4509,642.58,393,1586.23,2388.1,2388.15,9047.89,8131.74,38.92,23.383,553.5,521.44
13,37,47.48,1412.44,8.4326,642.68,392,1582.58,2388.06,2388.07,9050.5,8132.14,38.74,23.1862,553.58,521.86
13,38,47.7,1406.92,8.4576,642.69,393,1593.33,2388.13,2388.09,9049.92,8135.67,39.07,23.2141,553.62,521.55
13,39,47.5,1403.8,8.4236,642.63,392,1581.24,2388.03,2388.05,9053.6,8140.86,38.94,23.343,553.23,521.63
13,40,47.41,1411.86,8.4448,641.99,393,1585.55,2388.13,2388.12,9062.62,8134.21,38.55,23.3491,553.69,521.68
13,41,47.58,1403.07,8.4804,642.23,393,1588.43,2388.1,2388.1,9057.22,8137.55,38.92,23.3163,553.26,521.82
13,42,47.52,1407.81,8.4216,642.86,393,1588.03,2388.11,2388.09,9061.57,8135.86,38.8,23.2903,553.52,521.91
13,43,47.39,1407.9,8.4378,642.66,394,1590.78,2388.1,2388.1,9056.2,8137.72,38.81,23.3655,553.64,521.26
13,44,47.59,1412.61,8.4059,642.45,394,1590.56,2388.07,2388.04,9055.21,8136.66,38.94,23.3218,553.88,521.3
13,45,47.51,1410.44,8.4185,642.77,391,1588.23,2388.1,2388.12,9057.0,8136.03,38.7,23.3342,553.99,521.42
13,46,47.58,1409.85,8.418,642.86,393,1584.07,2388.09,2388.07,9045.6,8136.97,38.9,23.305,553.12,521.3
13,47,47.35,1402.37,8.4108,642.14,394,1594.3,2388.07,2388.11,9057.28,8139.45,38.74,23.3972,553.34,521.81
13,48,47.57,1406.57,8.4592,642.85,393,1594.55,2388.09,2388.13,9063.15,8131.54,38.96,23.3012,553.8,521.28
13,49,47.65,1409.84,8.4155,642.91,395,1584.16,2388.1,2388.14,9062.76,8139.96,38.65,23.2812,553.06,521.3
13,50,47.61,1409.34,8.436,642.89,394,1592.76,2388.11,2388.09,9053.83,8134.3,38.67,23.2642,553.74,521.04
13,51,47.6,1405.96,8.413,641.96,393,1590.8,2388.09,2388.11,9052.06,8129.46,38.95,23.2755,553.51,521.78
13,52,47.52,1411.13,8.4222,642.56,393,1594.44,2388.1,2388.12,9055.29,8140.99,38.86,23.267,553.26,521.75
13,53,47.4,1405.82,8.4513,642.62,392,1587.86,2388.09,2388.08,9059.33,8138.09,39.02,23.3445,553.02,522.18
13,54,47.45,1410.93,8.404,642.37,392,1590.53,2388.1,2388.08,9060.14,8140.0,39.04,23.226,553.4,520.99
13,55,47.37,1406.72,8.4436,642.92,392,1594.46,2388.05,2388.08,9058.09,8139.52,38.67,23.3543,553.33,521.62
13,56,47.5,1404.01,8.4322,642.21,393,1592.74,2388.11,2388.06,9062.98,8141.38,38.94,23.3912,553.15,521.87
13,57,47.45,1403.8,8.4077,642.78,394,1594.82,2388.04,2388.12,9061.05,8138.71,38.82,23.2318,554.07,521.46
13,58,47.45,1413.32,8.4612,642.37,394,1594.12,2388.14,2388.11,9049.98,8135.93,38.87,23.3108,553.05,521.47
13,59,47.56,1413.87,8.4369,642.61,394,1584.02,2388.1,2388.14,9058.18,8131.28,38.8,23.3658,552.84,521.97
13,60,47.42,1404.27,8.4227,642.51,394,1589.07,2388.08,2388.1,9063.64,8144.2,38.69,23.3591,553.74,521.64
13,61,47.54,1411.08,8.4149,642.63,393,1585.86,2388.12,2388.14,9061.46,8140.09,39.0,23.293,553.26,521.36
13,62,47.61,1406.18,8.4358,642.23,394,1596.03,2388.11,2388.08,9057.73,8137.1,38.9,23.2968,553.4,521.47
13,63,47.48,1399.34,8.4244,642.61,392,1582.69,2388.09,2388.06,9060.4,8133.47,38.91,23.2965,553.22,522.14
13,64,47.53,1402.07,8.4536,642.8,394,1592.07,2388.08,2388.1,9053.94,8136.91,38.78,23.2062,553.46,521.86
13,65,47.59,1410.38,8.439,642.6,393,1594.17,2388.12,2388.12,9062.3,8131.35,38.99,23.1712,553.04,521.59
13,66,47.58,1403.29,8.4566,642.68,395,1586.39,2388.13,2388.07,9057.5,8142.94,38.83,23.2897,553.59,521.86
13,67,47.62,1411.71,8.477,642.85,390,1587.87,2388.1,2388.07,9052.26,8138.04,38.62,23.3134,553.67,521.59
13,68,47.46,1410.46,8.4091,643.05,393,1593.84,2388.1,2388.09,9056.67,8141.04,38.94,23.2666,554.39,521.06
13,69,47.62,1408.67,8.4165,642.94,393,1590.66,2388.09,2388.09,9058.86,8135.55,38.73,23.229,553.61,521.68
13,70,47.62,1406.78,8.4562,642.22,390,1591.39,2388.09,2388.06,9056.85,8136.82,38.78,23.2932,553.3,521.14
13,71,47.51,1414.31,8.4381,642.73,392,1591.12,2388.13,2388.08,9062.22,8140.42,38.76,23.2452,554.25,521.21
13,72,47.61,1409.41,8.4537,642.54,394,1591.82,2388.11,2388.17,9060.47,8135.27,38.93,23.3227,553.82,521.39
13,73,47.49,1411.79,8.4445,642.93,395,1589.96,2388.09,2388.05,9058.23,8132.57,38.72,23.2954,553.77,521.38
13,74,47.37,1415.71,8.4046,642.87,392,1586.46,2388.06,2388.12,9056.09,8141.35,38.89,23.2266,553.38,521.54
13,75,47.58,1410.41,8.4548,642.72,393,1584.67,2388.14,2388.1,9064.07,8139.15,38.82,23.2683,553.18,521.23
13,76,47.65,1409.33,8.477,642.76,394,1588.78,2388.12,2388.11,9057.88,8139.66,38.76,23.3218,553.19,521.72
13,77,47.44,1407.09,8.4119,642.98,394,1592.44,2388.12,2388.03,9059.92,8138.42,39.0,23.2637,553.44,520.77
13,78,47.49,1407.96,8.4692,643.34,393,1588.31,2388.1,2388.08,9056.17,8131.86,38.87,23.2975,553.59,520.7
13,79,47.56,1406.53,8.4337,642.88,392,1589.69,2388.14,2388.09,9067.65,8143.04,38.96,23.2119,553.71,521.63
13,80,47.59,1412.63,8.4287,642.75,394,1590.85,2388.05,2388.13,9066.09,8138.58,38.98,23.299,553.27,521.37
13,81,47.79,1412.8,8.4056,642.13,393,1588.28,2388.11,2388.11,9055.69,8144.43,38.82,23.2447,553.35,521.23
13,82,47.52,1402.78,8.4112,642.9,392,1593.79,2388.09,2388.05,9060.44,8146.24,38.76,23.175,553.04,521.21
13,83,47.66,1406.15,8.4517,642.47,392,1587.71,2388.1,2388.09,9062.17,8143.73,38.77,23.3331,553.21,521.02
13,84,47.37,1407.51,8.4447,642.74,393,1586.75,2388.07,2388.07,9062.51,8137.21,38.61,23.2227,553.4,521.42
13,85,47.55,1408.95,8.4292,642.53,394,1588.86,2388.14,2388.1,9061.25,8144.3,38.78,23.3566,553.55,521.04
13,86,47.31,1411.47,8.3863,642.95,394,1597.2,2388.08,2388.09,9057.25,8136.97,38.94,23.3206,553.6,521.94
13,87,47.63,1412.87,8.4561,642.93,393,1590.9,2388.14,2388.11,9066.14,8139.76,38.71,23.3149,552.76,520.66
13,88,47.53,1410.14,8.4165,643.2,394,1584.99,2388.07,2388.09,9066.42,8143.06,38.77,23.2396,554.31,521.32
13,89,47.31,1406.3,8.4431,642.78,394,1582.6,2388.09,2388.12,9064.28,8140.1,38.77,23.306,553.15,520.97
13,90,47.58,1404.97,8.4168,643.21,393,1590.21,2388.1,2388.07,9064.05,8141.49,38.66,23.3462,552.96,520.82
13,91,47.51,1408.55,8.4242,642.84,394,1584.29,2388.12,2388.08,9068.06,8145.81,38.82,23.2589,553.49,521.26
13,92,47.37,1414.03,8.4679,643.05,394,1598.85,2388.08,2388.04,9066.91,8144.24,39.0,23.2359,552.79,521.73
13,93,47.54,1418.25,8.4684,642.79,393,1590.43,2388.13,2388.14,9067.12,8145.51,38.87,23.29,553.16,521.63
13,94,47.55,1410.23,8.4461,642.95,393,1587.61,2388.05,2388.12,9068.69,8146.86,38.75,23.3104,553.68,521.23
13,95,47.77,1416.13,8.4234,642.58,393,1593.74,2388.13,2388.09,9074.47,8149.73,38.73,23.2496,552.6,521.46
13,96,47.57,1410.02,8.4371,642.51,393,1590.91,2388.05,2388.05,9064.09,8145.81,38.64,23.2385,552.94,521.87
13,97,47.61,1412.34,8.4172,642.98,393,1588.13,2388.13,2388.03,9063.33,8143.21,38.8,23.3132,552.71,521.28
13,98,47.68,1412.78,8.4596,642.89,395,1584.86,2388.12,2388.08,9073.67,8145.08,38.72,23.2199,553.42,521.57
13,99,47.27,1408.46,8.4369,642.56,394,1593.29,2388.09,2388.03,9071.3,8147.78,38.96,23.2136,554.1,520.81
13,100,47.78,1412.04,8.4227,642.78,394,1593.39,2388.12,2388.06,9068.22,8147.14,38.9,23.3333,553.44,521.44
13,101,47.75,1414.86,8.4758,642.98,394,1597.42,2388.11,2388.12,9062.6,8148.34,38.73,23.2955,553.73,520.85
13,102,47.48,1417.22,8.4534,642.65,394,1591.57,2388.05,2388.13,9066.89,8144.01,38.87,23.3309,553.56,521.41
13,103,47.69,1412.81,8.4221,643.52,394,1592.63,2388.15,2388.11,9067.29,8145.31,38.66,23.3003,553.34,521.18
13,104,47.7,1407.82,8.4414,642.36,392,1583.37,2388.13,2388.12,9074.41,8147.53,38.8,23.1497,552.65,521.26
13,105,47.57,1409.09,8.4595,642.59,394,1595.5,2388.1,2388.1,9079.35,8148.39,38.75,23.2431,552.72,521.32
13,106,47.73,1413.69,8.4458,643.32,394,1593.4,2388.11,2388.1,9069.01,8146.34,38.59,23.2403,552.83,521.06
13,107,47.55,1413.53,8.4574,642.95,393,1587.55,2388.15,2388.11,9077.44,8151.73,38.84,23.2927,552.95,520.97
13,108,47.71,1415.34,8.4501,643.21,393,1589.74,2388.14,2388.1,9068.53,8148.29,38.79,23.2752,553.34,520.62
13,109,47.68,1408.09,8.4502,642.57,394,1593.72,2388.05,2388.14,9074.03,8149.59,38.55,23.2462,552.84,520.4
13,110,47.53,1410.86,8.4475,643.13,394,1594.1,2388.11,2388.12,9078.58,8152.88,38.68,23.2126,553.41,520.8
13,111,47.75,1414.54,8.4847,643.28,394,1590.26,2388.08,2388.16,9075.37,8149.36,38.75,23.3012,553.37,521.57
13,112,47.78,1412.15,8.4958,642.9,394,1590.16,2388.1,2388.07,9074.06,8151.25,38.71,23.2348,552.3,521.29
13,113,47.6,1414.53,8.4353,642.92,395,1593.22,2388.16,2388.1,9074.19,8153.63,38.81,23.2802,553.3,521.02
13,114,47.61,1408.0,8.4751,642.88,394,1582.94,2388.1,2388.12,9077.55,8152.51,38.54,23.1653,553.08,520.83
13,115,47.64,1418.32,8.4596,642.78,393,1598.39,2388.11,2388.12,9080.4,8149.36,38.72,23.3051,552.89,520.95
13,116,47.65,1414.51,8.4555,643.39,395,1589.76,2388.14,2388.15,9068.97,8153.74,38.7,23.2549,552.85,521.22
13,117,47.77,1416.63,8.4526,643.12,396,1589.98,2388.13,2388.08,9084.03,8158.16,38.79,23.1676,552.69,521.21
13,118,47.59,1411.57,8.4566,642.19,394,1592.49,2388.13,2388.09,9077.67,8156.7,38.65,23.2317,552.77,521.23
13,119,47.88,1409.92,8.4402,643.25,393,1592.73,2388.12,2388.12,9078.64,8149.97,38.74,23.2929,552.74,521.08
13,120,47.58,1415.4,8.4332,642.4,394,1590.66,2388.09,2388.11,9080.9,8161.46,38.83,23.1578,552.91,520.9
13,121,47.57,1420.97,8.4502,643.06,394,1594.49,2388.06,2388.1,9082.8,8155.25,38.69,23.2251,552.88,521.14
13,122,47.76,1411.48,8.433,643.01,395,1596.44,2388.07,2388.13,9074.17,8159.29,38.73,23.2467,553.19,521.21
13,123,47.57,1414.96,8.5017,643.12,392,1595.22,2388.11,2388.12,9082.71,8162.23,38.65,23.1694,552.75,520.87
13,124,47.85,1418.67,8.4446,642.76,395,1595.96,2388.13,2388.07,9081.99,8163.54,38.68,23.2281,551.91,521.44
13,125,47.71,1408.57,8.4838,643.03,395,1585.89,2388.14,2388.14,9082.0,8156.63,38.79,23.2732,552.9,520.78
13,126,47.7,1414.3,8.4628,643.67,395,1592.31,2388.15,2388.15,9082.44,8162.62,38.69,23.3933,552.84,520.95
13,127,47.64,1412.94,8.4777,642.71,394,1601.18,2388.12,2388.09,9082.4,8158.72,38.84,23.2438,552.71,520.77
13,128,47.77,1418.92,8.448,643.27,395,1597.19,2388.15,2388.15,9081.87,8161.47,38.87,23.2494,552.56,520.88
13,129,47.82,1413.21,8.4563,642.59,393,1595.24,2388.08,2388.1,9085.59,8158.22,38.7,23.2775,552.66,520.71
13,130,47.76,1414.59,8.4322,643.05,396,1587.82,2388.04,2388.09,9091.8,8163.47,38.78,23.1092,552.81,520.33
13,131,47.82,1418.82,8.4116,643.07,395,1597.57,2388.08,2388.11,9090.13,8164.86,38.67,23.1022,552.14,521.22
13,132,47.85,1419.52,8.4794,642.95,395,1592.71,2388.05,2388.09,9094.23,8165.49,38.67,23.1766,552.51,520.9
13,133,47.84,1421.87,8.4554,643.17,393,1595.73,2388.16,2388.1,9086.35,8166.49,38.73,23.2046,552.6,520.7
13,134,47.77,1418.5,8.4572,643.69,394,1595.99,2388.19,2388.1,9098.66,8166.1,38.61,23.2138,552.91,521.07
13,135,47.76,1417.78,8.5038,642.98,393,1590.64,2388.13,2388.13,9099.87,8165.13,38.6,23.1608,552.19,520.8
13,136,47.78,1417.34,8.4764,643.24,395,1599.02,2388.12,2388.14,9096.29,8171.5,38.49,23.1211,552.61,520.82
13,137,47.71,1422.49,8.4447,643.11,394,1592.77,2388.08,2388.14,9101.92,8170.64,38.64,23.2517,552.84,521.21
13,138,47.79,1420.71,8.4903,642.93,394,1593.15,2388.2,2388.14,9099.01,8173.3,38.59,23.2389,552.82,520.95
13,139,47.84,1420.01,8.4811,643.14,393,1598.42,2388.15,2388.13,9104.41,8169.16,38.64,23.284,552.51,520.6
13,140,47.86,1426.52,8.4892,643.28,394,1598.29,2388.09,2388.16,9101.7,8171.99,38.85,23.1497,552.84,520.1
13,141,47.76,1413.6,8.5033,643.07,393,1594.69,2388.13,2388.13,9100.81,8173.51,38.63,23.0761,551.73,520.51
13,142,47.78,1424.19,8.4915,643.32,395,1595.55,2388.11,2388.1,9107.28,8179.36,38.64,23.1678,552.29,520.54
13,143,47.9,1422.59,8.5333,642.84,397,1598.36,2388.14,2388.11,9112.81,8178.82,38.47,23.2542,552.88,521.08
13,144,47.67,1423.84,8.5018,642.88,395,1595.65,2388.17,2388.11,9107.19,8183.99,38.51,23.1509,551.76,520.56
13,145,47.74,1419.82,8.509,643.0,397,1594.56,2388.17,2388.09,9110.0,8183.12,38.71,23.1809,553.03,520.96
13,146,47.9,1424.19,8.4818,643.71,395,1603.7,2388.13,2388.09,9112.74,8180.12,38.64,23.1287,552.33,520.52
13,147,48.03,1417.04,8.5129,643.23,394,1599.5,2388.16,2388.13,9122.41,8183.6,38.65,23.2254,551.78,520.84
13,148,47.91,1423.23,8.4997,643.21,395,1596.17,2388.19,2388.11,9119.85,8181.45,38.55,23.1753,552.01,520.24
13,149,48.03,1421.16,8.5221,643.46,394,1602.85,2388.16,2388.14,9124.86,8185.03,38.64,23.0922,552.1,520.18
13,150,48.01,1421.84,8.4655,643.39,394,1600.67,2388.12,2388.16,9123.27,8189.18,38.8,23.2275,551.97,520.89
13,151,47.76,1428.92,8.4907,643.6,395,1609.06,2388.15,2388.12,9126.03,8195.98,38.73,23.1447,551.98,520.04
13,152,47.92,1421.46,8.4987,643.54,396,1597.82,2388.14,2388.13,9121.6,8192.52,38.57,23.13,551.85,521.02
13,153,47.78,1421.08,8.5,643.73,397,1598.38,2388.14,2388.17,9129.24,8193.7,38.31,23.1185,552.27,519.94
13,154,47.8,1418.94,8.5346,643.23,396,1602.57,2388.16,2388.15,9124.75,8199.6,38.56,23.1418,551.8,520.35
13,155,48.05,1426.46,8.4948,643.08,396,1600.58,2388.11,2388.12,9134.47,8205.35,38.53,23.0528,551.96,520.44
13,156,47.87,1419.52,8.4988,643.71,395,1599.54,2388.17,2388.16,9133.8,8205.99,38.48,23.0585,552.08,520.4
13,157,48.12,1432.39,8.4845,643.43,397,1604.86,2388.16,2388.14,9136.94,8207.5,38.45,23.0453,552.42,520.61
13,158,48.07,1427.79,8.5075,643.17,396,1610.57,2388.17,2388.17,9131.0,8208.97,38.58,23.1415,552.3,520.74
13,159,48.11,1418.86,8.554,643.53,396,1612.88,2388.15,2388.2,9146.79,8212.93,38.28,23.1357,551.15,520.5
13,160,48.04,1429.73,8.5109,643.77,397,1597.42,2388.17,2388.13,9140.98,8210.94,38.49,23.209,551.2,519.8
13,161,48.34,1432.17,8.5269,643.5,396,1602.21,2388.11,2388.19,9144.17,8210.25,38.43,23.0185,551.85,520.26
13,162,48.28,1431.55,8.5015,643.87,397,1605.83,2388.16,2388.15,9149.29,8218.44,38.35,23.1104,551.48,520.08
13,163,48.22,1430.32,8.5477,644.26,397,1610.89,2388.15,2388.16,9153.32,8211.76,38.53,23.1291,550.99,519.76
19,1,47.64,1411.09,8.4148,642.55,392,1589.99,2388.17,2388.07,9048.73,8122.16,38.76,23.2468,553.09,521.86
19,2,47.46,1411.04,8.4086,642.82,392,1587.77,2388.1,2388.14,9040.04,8123.07,38.83,23.2836,553.05,521.31
19,3,47.46,1407.56,8.4316,643.37,392,1587.33,2388.16,2388.12,9044.78,8121.69,38.69,23.2071,553.31,521.74
19,4,47.55,1412.13,8.4634,642.53,393,1590.93,2388.13,2388.12,9044.46,8123.21,38.81,23.2752,553.19,521.6
19,5,47.53,1407.64,8.457,642.41,393,1588.13,2388.18,2388.11,9041.06,8127.37,38.79,23.2524,553.3,521.21
19,6,47.44,1406.78,8.4274,642.85,394,1596.95,2388.11,2388.15,9047.72,8122.88,38.73,23.255,553.57,521.57
19,7,47.66,1407.37,8.4279,642.72,391,1587.07,2388.15,2388.14,9041.85,8127.66,38.93,23.3098,553.25,521.67
19,8,47.48,1407.13,8.4393,642.64,393,1590.03,2388.11,2388.11,9051.09,8130.1,38.71,23.3006,553.43,520.7
19,9,47.59,1409.11,8.4269,643.04,394,1591.23,2388.16,2388.13,9045.26,8123.08,38.92,23.2344,553.43,521.44
19,10,47.56,1404.89,8.4081,642.54,393,1588.75,2388.05,2388.16,9046.27,8131.8,38.98,23.2501,553.97,521.52
19,11,47.57,1410.49,8.4605,643.13,393,1593.97,2388.16,2388.14,9049.79,8128.15,38.71,23.3284,552.85,521.81
19,12,47.61,1422.97,8.4289,643.1,394,1594.98,2388.15,2388.12,9050.68,8123.19,38.77,23.2868,553.7,521.15
19,13,47.6,1406.18,8.4508,642.35,395,1587.05,2388.01,2388.14,9047.32,8129.49,38.99,23.2731,553.82,521.68
19,14,47.58,1403.15,8.418,643.21,394,1590.1,2388.11,2388.14,9049.95,8123.11,38.7,23.2526,553.27,521.33
19,15,47.69,1407.62,8.4211,642.75,393,1594.28,2388.13,2388.13,9043.36,8123.24,38.77,23.2853,553.73,521.03
19,16,47.49,1407.83,8.4313,642.2,395,1593.11,2388.15,2388.09,9040.91,8129.92,38.75,23.3046,553.02,521.47
19,17,47.62,1406.05,8.435,642.53,392,1591.36,2388.15,2388.12,9049.25,8129.27,38.78,23.2081,552.47,521.9
19,18,47.4,1410.25,8.3976,643.17,393,1588.99,2388.14,2388.11,9050.18,8121.92,38.97,23.2632,552.8,521.02
19,19,47.59,1409.71,8.4309,642.45,395,1594.35,2388.15,2388.13,9046.53,8127.43,38.66,23.3521,553.1,520.6
19,20,47.71,1413.7,8.4356,642.7,393,1588.53,2388.14,2388.09,9045.11,8128.17,38.98,23.3257,553.2,521.52
19,21,47.48,1399.69,8.4498,642.76,393,1592.13,2388.12,2388.13,9050.97,8127.15,38.83,23.324,553.46,521.35
19,22,47.38,1409.84,8.4375,642.23,394,1589.77,2388.13,2388.07,9045.2,8129.42,38.92,23.3018,553.6,522.09
19,23,47.41,1404.17,8.471,642.73,392,1596.05,2388.17,2388.16,9052.78,8129.11,38.71,23.3013,553.1,521.02
19,24,47.74,1407.48,8.4323,642.9,392,1592.19,2388.13,2388.13,9037.45,8122.86,38.97,23.3265,553.64,521.49
19,25,47.63,1406.04,8.4403,642.67,392,1584.52,2388.14,2388.12,9038.15,8124.72,38.7,23.3463,553.08,521.64
19,26,47.44,1411.93,8.4408,642.37,393,1588.86,2388.11,2388.15,9046.5,8123.29,38.86,23.2728,553.96,521.48
19,27,47.49,1406.91,8.4714,642.95,393,1585.16,2388.14,2388.13,9044.31,8137.19,38.76,23.3233,553.47,521.18
19,28,47.37,1412.55,8.4498,642.07,393,1581.79,2388.11,2388.18,9046.86,8129.24,38.86,23.3038,553.45,521.71
19,29,47.53,1410.98,8.4473,641.91,392,1589.32,2388.18,2388.17,9043.34,8118.97,38.85,23.3194,553.37,521.44
19,30,47.62,1415.56,8.465,642.54,393,1588.02,2388.15,2388.14,9051.33,8124.29,39.02,23.2854,553.1,521.24
19,31,47.71,1404.5,8.4278,642.69,393,1589.83,2388.13,2388.11,9048.67,8130.1,38.82,23.2491,552.4,521.43
19,32,47.73,1411.99,8.4751,642.85,395,1591.33,2388.15,2388.17,9042.8,8124.35,38.74,23.2388,553.26,521.18
19,33,47.79,1407.84,8.4267,642.96,393,1591.64,2388.12,2388.12,9047.34,8134.21,38.8,23.2431,553.2,521.13
19,34,47.75,1409.47,8.4395,642.62,393,1592.08,2388.15,2388.12,9039.19,8127.39,38.6,23.2897,553.24,521.44
19,35,47.56,1413.73,8.4146,642.65,393,1589.06,2388.13,2388.16,9047.18,8126.74,38.68,23.2405,553.09,521.68
19,36,47.57,1412.15,8.4659,642.83,392,1598.57,2388.1,2388.13,9054.32,8126.12,38.94,23.2373,553.19,521.34
19,37,47.56,1412.13,8.4576,642.86,394,1586.82,2388.11,2388.14,9040.7,8123.86,38.83,23.2959,553.31,521.05
19,38,47.44,1410.74,8.4386,642.85,393,1590.06,2388.11,2388.16,9047.23,8125.61,38.79,23.2437,553.3,521.35
19,39,47.6,1413.22,8.4037,642.23,394,1586.95,2388.19,2388.12,9047.4,8125.02,38.85,23.3472,553.4,521.21
19,40,47.53,1411.83,8.411,642.89,393,1593.28,2388.14,2388.11,9040.46,8122.23,38.82,23.2606,552.94,521.67
19,41,47.55,1410.28,8.4308,642.98,394,1591.07,2388.11,2388.14,9036.85,8127.81,38.93,23.3649,553.03,521.21
19,42,47.51,1409.68,8.4375,642.74,394,1591.26,2388.11,2388.1,9044.78,8125.62,38.73,23.2848,553.44,521.65
19,43,47.66,1405.46,8.4716,642.72,394,1588.17,2388.17,2388.17,9041.96,8130.82,38.82,23.3131,553.31,521.44
19,44,47.52,1413.29,8.4691,642.03,393,1589.56,2388.07,2388.11,9042.69,8121.09,38.83,23.3636,553.3,520.93
19,45,47.57,1414.19,8.4268,642.4,394,1592.17,2388.14,2388.16,9047.32,8131.28,38.74,23.1953,553.32,521.93
19,46,47.75,1412.07,8.461,642.68,393,1587.13,2388.18,2388.12,9044.62,8128.12,38.9,23.3367,553.01,521.25
19,47,47.54,1407.34,8.4621,642.58,392,1592.34,2388.13,2388.16,9047.61,8124.8,38.87,23.2939,552.54,521.04
19,48,47.56,1418.49,8.443,642.73,392,1594.93,2388.14,2388.18,9039.34,8124.92,38.79,23.3338,553.05,521.45
19,49,47.72,1407.59,8.4381,642.76,393,1589.66,2388.19,2388.14,9047.18,8124.99,38.88,23.3476,552.81,520.89
19,50,47.57,1415.17,8.4007,642.77,395,1593.96,2388.19,2388.16,9047.16,8127.71,38.96,23.2549,553.3,521.39
19,51,47.47,1413.7,8.4484,642.51,394,1589.74,2388.11,2388.16,9049.71,8126.26,38.96,23.2234,553.54,521.43
19,52,47.64,1407.06,8.4823,642.43,394,1593.84,2388.15,2388.15,9047.99,8120.86,38.81,23.3347,552.69,521.8
19,53,47.65,1409.99,8.4307,643.06,395,1595.02,2388.1,2388.18,9046.45,8119.83,38.74,23.2343,553.04,521.22
19,54,47.71,1413.44,8.4485,642.79,393,1597.75,2388.18,2388.16,9035.93,8126.63,38.77,23.2657,552.63,521.57
19,55,47.83,1409.11,8.4162,642.69,393,1596.13,2388.17,2388.14,9045.32,8129.4,38.78,23.2501,552.96,521.52
19,56,47.56,1415.05,8.4502,642.86,393,1583.82,2388.1,2388.1,9049.73,8122.56,38.83,23.2757,553.37,521.22
19,57,47.52,1410.83,8.4327,642.85,393,1591.29,2388.13,2388.1,9038.94,8121.89,38.97,23.2607,552.8,520.98
19,58,47.69,1408.77,8.4629,642.74,395,1592.6,2388.12,2388.19,9041.99,8121.49,38.87,23.2729,553.11,520.88
19,59,47.52,1411.34,8.4765,642.67,394,1591.8,2388.13,2388.15,9052.59,8129.51,38.87,23.3375,552.81,521.04
19,60,47.73,1410.58,8.4315,642.68,394,1587.38,2388.15,2388.14,9041.58,8121.62,38.64,23.3252,552.91,520.76
19,61,47.65,1417.8,8.4434,642.49,394,1593.31,2388.18,2388.11,9051.72,8124.94,38.96,23.2856,553.16,521.04
19,62,47.77,1408.57,8.4276,642.28,394,1590.47,2388.08,2388.11,9038.06,8117.78,38.69,23.2194,552.73,520.8
19,63,47.63,1406.06,8.4876,642.36,394,1591.45,2388.13,2388.15,9049.42,8124.3,38.74,23.2116,553.26,521.12
19,64,47.48,1409.48,8.4468,643.01,391,1581.87,2388.13,2388.13,9055.91,8126.75,38.75,23.3097,553.76,520.99
19,65,47.68,1408.12,8.4475,642.84,393,1597.85,2388.1,2388.13,9048.84,8122.62,38.84,23.3028,552.79,521.77
19,66,47.61,1411.13,8.4398,643.15,393,1585.97,2388.18,2388.05,9043.59,8128.72,38.73,23.2549,553.99,521.04
19,67,47.68,1410.7,8.421,642.55,394,1591.7,2388.16,2388.17,9050.44,8124.91,38.76,23.2641,552.19,520.94
19,68,47.6,1405.31,8.4522,642.65,394,1586.14,2388.12,2388.18,9043.07,8127.38,38.67,23.3544,553.75,521.07
19,69,47.42,1411.62,8.4255,642.8,393,1601.78,2388.11,2388.14,9049.03,8128.36,38.6,23.2372,553.8,521.02
19,70,47.62,1409.27,8.4017,642.64,392,1593.92,2388.13,2388.12,9039.49,8122.48,38.7,23.3041,553.4,521.27
19,71,47.7,1410.85,8.452,643.33,393,1590.68,2388.12,2388.14,9046.11,8129.39,38.72,23.3074,553.06,521.04
19,72,47.55,1417.08,8.4253,643.07,393,1592.08,2388.18,2388.12,9037.01,8124.72,38.75,23.2404,552.72,520.95
19,73,47.65,1412.83,8.468,643.18,393,1583.11,2388.14,2388.13,9046.05,8125.86,38.71,23.4029,552.71,521.13
19,74,47.77,1409.74,8.4727,642.57,394,1595.49,2388.15,2388.12,9046.24,8126.89,39.05,23.2137,553.52,521.07
19,75,47.69,1408.82,8.4515,643.17,394,1590.45,2388.18,2388.18,9050.4,8127.19,38.58,23.3202,553.69,521.28
19,76,47.57,1410.25,8.4145,643.09,394,1585.28,2388.22,2388.15,9048.83,8128.93,38.72,23.3368,552.86,521.01
19,77,47.73,1414.26,8.4324,642.9,395,1595.62,2388.15,2388.17,9037.13,8127.89,38.9,23.2269,553.04,521.2
19,78,47.76,1411.63,8.4589,642.84,395,1589.09,2388.1,2388.13,9042.39,8128.45,38.69,23.2324,553.35,521.92
19,79,47.4,1404.56,8.4235,643.02,393,1593.79,2388.18,2388.15,9047.36,8124.3,38.66,23.2652,552.45,521.31
19,80,47.6,1416.52,8.4338,642.67,394,1597.33,2388.16,2388.19,9047.15,8126.07,38.61,23.2186,553.25,520.81
19,81,47.57,1420.9,8.4484,644.12,393,1601.29,2388.15,2388.18,9051.14,8125.55,38.82,23.191,553.43,521.58
19,82,47.46,1410.12,8.4622,642.98,394,1598.06,2388.18,2388.11,9046.23,8127.91,38.72,23.3299,552.83,521.3
19,83,47.65,1405.56,8.3989,642.67,394,1595.65,2388.19,2388.2,9049.09,8121.73,38.7,23.1632,552.79,520.89
19,84,47.63,1414.02,8.4648,642.76,395,1591.22,2388.16,2388.15,9047.47,8126.84,38.82,23.1799,553.51,520.8
19,85,47.87,1409.01,8.447,643.04,393,1590.63,2388.12,2388.23,9046.11,8124.62,38.76,23.2447,553.73,520.45
19,86,47.59,1410.08,8.4399,643.01,393,1590.1,2388.16,2388.2,9041.66,8131.25,38.79,23.2445,553.13,521.03
19,87,47.5,1416.18,8.4614,642.75,394,1595.77,2388.17,2388.16,9044.93,8122.96,38.72,23.234,553.24,521.38
19,88,47.64,1416.46,8.4559,642.94,395,1589.1,2388.2,2388.13,9047.07,8128.69,38.72,23.2013,552.59,521.19
19,89,47.71,1420.29,8.4657,642.77,394,1592.83,2388.14,2388.16,9043.34,8129.13,38.52,23.2285,551.72,520.66
19,90,47.7,1411.48,8.4397,642.81,393,1593.35,2388.14,2388.16,9051.66,8123.63,38.75,23.2118,552.63,521.32
19,91,47.88,1412.8,8.4723,643.1,394,1589.44,2388.13,2388.14,9045.01,8130.99,38.95,23.2277,552.66,521.19
19,92,47.7,1410.56,8.4285,642.78,394,1595.75,2388.18,2388.19,9041.85,8127.87,38.82,23.2234,553.11,521.09
19,93,47.6,1409.66,8.4571,642.9,393,1593.94,2388.19,2388.22,9050.15,8128.23,38.8,23.2608,553.0,520.43
19,94,47.75,1418.85,8.469,643.66,394,1597.84,2388.2,2388.2,9045.53,8126.32,38.7,23.1863,553.44,521.3
19,95,47.68,1414.33,8.4677,643.08,394,1595.72,2388.21,2388.18,9049.85,8124.27,38.66,23.3249,552.45,520.56
19,96,47.89,1415.37,8.4674,643.05,395,1598.49,2388.19,2388.19,9043.79,8125.26,38.7,23.1194,552.67,521.27
19,97,47.96,1409.89,8.4809,643.21,395,1593.51,2388.17,2388.21,9041.22,8127.97,38.61,23.2867,552.27,521.32
19,98,47.66,1412.37,8.4436,643.26,393,1594.33,2388.17,2388.22,9050.72,8130.42,38.65,23.3202,552.59,521.23
19,99,47.79,1410.87,8.451,642.98,394,1594.07,2388.2,2388.16,9042.49,8126.63,38.71,23.2509,552.97,521.36
19,100,47.67,1413.53,8.4545,643.21,393,1602.29,2388.16,2388.2,9053.67,8126.99,38.71,23.2006,552.94,520.43
19,101,47.73,1416.79,8.4078,643.21,393,1596.3,2388.2,2388.18,9043.18,8125.22,38.8,23.3293,552.75,520.67
19,102,47.78,1412.9,8.4626,643.0,394,1591.51,2388.2,2388.09,9047.64,8121.74,38.83,23.2054,552.77,520.63
19,103,47.63,1415.31,8.4862,642.36,395,1595.3,2388.15,2388.15,9047.57,8125.57,38.74,23.2268,553.75,521.03
19,104,47.79,1415.89,8.5036,643.14,392,1588.39,2388.16,2388.23,9048.64,8118.63,38.57,23.2781,552.69,521.06
19,105,47.88,1414.04,8.4978,642.86,394,1591.8,2388.15,2388.16,9042.41,8120.39,38.59,23.1176,552.58,520.78
19,106,47.71,1416.23,8.4865,642.86,393,1603.02,2388.18,2388.15,9042.54,8127.82,38.5,23.1649,552.85,520.46
19,107,47.81,1416.08,8.4806,643.23,393,1593.86,2388.17,2388.13,9044.79,8123.46,38.76,23.1997,552.99,521.26
19,108,47.72,1411.25,8.4685,642.56,395,1590.57,2388.16,2388.12,9049.78,8119.37,38.79,23.2061,551.81,520.72
19,109,47.76,1411.54,8.4792,642.96,394,1596.82,2388.16,2388.21,9043.24,8120.92,38.62,23.1424,552.93,521.01
19,110,47.81,1415.7,8.4965,643.32,395,1596.73,2388.18,2388.17,9049.81,8124.55,38.73,23.2228,552.47,520.81
19,111,47.87,1419.58,8.4634,643.27,395,1595.25,2388.17,2388.21,9042.7,8125.12,38.8,23.1583,552.76,520.88
19,112,47.86,1417.79,8.4829,643.15,395,1605.35,2388.23,2388.22,9044.37,8126.73,38.66,23.2076,552.22,521.07
19,113,47.54,1412.57,8.4688,643.76,394,1600.85,2388.19,2388.21,9050.96,8122.06,38.65,23.1186,552.07,521.17
19,114,47.92,1422.4,8.5157,643.37,394,1596.4,2388.18,2388.27,9051.24,8130.55,38.74,23.2054,552.66,520.94
19,115,47.77,1416.77,8.4464,642.86,394,1597.55,2388.25,2388.13,9046.04,8125.83,38.68,23.2296,553.55,520.56
19,116,47.81,1415.88,8.4579,642.72,394,1587.14,2388.2,2388.2,9043.53,8122.0,38.74,23.1796,552.24,521.09
19,117,47.59,1418.86,8.4721,642.67,395,1592.63,2388.2,2388.22,9043.05,8126.76,38.76,23.2648,552.53,521.19
19,118,47.8,1417.01,8.4841,643.06,394,1601.12,2388.24,2388.14,9043.92,8123.42,38.62,23.205,552.52,520.52
19,119,47.78,1415.64,8.482,642.99,393,1597.58,2388.22,2388.23,9043.35,8123.34,38.67,23.0846,552.23,520.67
19,120,47.77,1416.67,8.4613,643.44,392,1590.1,2388.24,2388.25,9047.0,8125.07,38.46,23.2771,552.56,520.3
19,121,47.82,1416.42,8.485,643.2,395,1600.66,2388.25,2388.18,9043.4,8126.16,38.64,23.1826,551.56,520.32
19,122,47.85,1417.15,8.5054,643.91,396,1587.38,2388.2,2388.2,9046.68,8123.54,38.51,23.2121,551.98,520.52
19,123,47.99,1421.98,8.4379,642.49,395,1598.16,2388.2,2388.19,9045.76,8118.53,38.59,23.131,552.2,520.78
19,124,47.8,1419.84,8.4868,642.9,393,1595.48,2388.26,2388.21,9040.32,8121.37,38.6,23.0959,551.84,520.08
19,125,47.98,1419.75,8.4764,643.61,394,1596.71,2388.19,2388.19,9046.72,8123.15,38.59,23.2692,551.93,520.4
19,126,47.82,1421.15,8.4877,643.09,394,1598.24,2388.2,2388.2,9044.99,8119.96,38.55,23.2356,552.34,520.94
19,127,48.0,1419.81,8.4791,643.25,393,1596.18,2388.19,2388.19,9048.67,8126.59,38.62,23.2953,552.68,520.57
19,128,48.07,1419.46,8.4803,643.18,395,1603.68,2388.25,2388.2,9045.36,8120.53,38.56,23.1868,552.27,520.29
19,129,47.94,1420.91,8.4572,643.44,394,1589.42,2388.19,2388.19,9043.52,8123.83,38.51,23.2079,552.27,520.86
19,130,47.86,1418.48,8.4336,643.41,396,1595.04,2388.24,2388.24,9043.58,8128.96,38.69,23.1258,551.9,520.32
19,131,47.93,1420.61,8.4633,642.98,394,1594.07,2388.27,2388.2,9043.1,8121.11,38.46,23.2253,552.27,520.56
19,132,48.0,1420.91,8.4731,643.39,395,1592.53,2388.28,2388.21,9051.51,8120.31,38.51,23.0466,552.05,520.52
19,133,47.89,1418.44,8.4726,643.07,395,1593.66,2388.25,2388.28,9045.48,8117.57,38.55,23.1752,551.74,520.36
19,134,47.85,1413.51,8.4955,643.46,393,1600.85,2388.29,2388.22,9040.27,8119.16,38.53,23.0666,551.68,519.7
19,135,47.88,1425.2,8.4988,643.13,396,1598.99,2388.25,2388.24,9042.27,8120.63,38.49,23.2025,552.94,519.73
19,136,47.79,1422.71,8.5123,642.92,397,1597.09,2388.29,2388.22,9040.21,8119.66,38.53,23.2237,551.76,520.25
19,137,47.8,1428.05,8.4547,643.28,395,1594.5,2388.27,2388.23,9047.28,8116.79,38.44,23.0693,552.25,519.62
19,138,47.95,1423.31,8.515,643.11,397,1598.76,2388.21,2388.31,9041.6,8118.35,38.72,23.161,552.2,520.11
19,139,47.96,1425.36,8.4808,643.54,396,1601.65,2388.23,2388.27,9043.92,8121.34,38.6,22.9693,550.69,520.29
19,140,48.17,1417.45,8.4837,643.32,395,1597.76,2388.27,2388.26,9040.71,8121.99,38.58,23.0929,551.81,519.93
19,141,47.92,1421.72,8.464,643.23,393,1599.42,2388.28,2388.22,9041.85,8120.2,38.64,23.1695,551.78,520.41
19,142,47.96,1416.28,8.4703,643.65,396,1592.36,2388.24,2388.27,9041.98,8119.97,38.57,23.2697,551.36,519.93
19,143,48.06,1427.12,8.4631,643.8,395,1599.1,2388.25,2388.3,9053.57,8127.73,38.66,23.1593,551.58,519.76
19,144,47.97,1425.19,8.5121,643.68,395,1590.73,2388.33,2388.23,9038.57,8121.4,38.55,23.2047,551.58,520.04
19,145,48.08,1421.19,8.4982,642.79,393,1597.69,2388.31,2388.19,9042.6,8116.09,38.55,23.148,551.96,519.46
19,146,48.18,1424.03,8.521,643.03,395,1605.27,2388.31,2388.32,9043.71,8116.25,38.49,23.0104,552.16,519.52
19,147,48.24,1420.42,8.501,643.48,396,1604.18,2388.28,2388.26,9043.25,8117.55,38.54,23.1683,551.83,519.85
19,148,48.05,1425.86,8.519,643.01,398,1605.53,2388.32,2388.27,9044.33,8115.67,38.62,23.0838,551.93,520.43
19,149,48.0,1421.34,8.5168,643.57,397,1604.98,2388.32,2388.3,9044.55,8123.56,38.43,23.1173,551.76,519.3
19,150,48.14,1431.34,8.4934,643.51,395,1604.42,2388.26,2388.29,9042.26,8119.07,38.5,23.1234,551.38,519.79
19,151,48.09,1431.72,8.494,643.94,397,1603.13,2388.32,2388.3,9043.2,8119.25,38.52,23.0814,551.4,519.82
19,152,48.16,1431.3,8.4974,643.66,395,1603.8,2388.3,2388.26,9046.71,8122.0,38.58,23.0703,552.2,519.79
19,153,48.14,1427.77,8.5113,643.45,396,1596.48,2388.25,2388.31,9042.05,8116.73,38.6,23.1006,550.73,519.62
19,154,48.14,1426.73,8.5145,643.99,397,1600.85,2388.27,2388.29,9042.01,8117.7,38.55,23.047,551.33,519.8
19,155,48.15,1433.78,8.5215,642.92,395,1601.97,2388.31,2388.26,9041.73,8118.91,38.23,23.053,551.24,519.45
19,156,48.14,1430.45,8.538,643.44,396,1601.17,2388.27,2388.27,9035.58,8120.36,38.47,23.0858,550.9,519.67
19,157,48.01,1426.98,8.5381,643.43,395,1597.38,2388.28,2388.29,9042.2,8112.87,38.16,23.0758,551.22,519.5
19,158,48.23,1433.97,8.5343,643.34,396,1605.58,2388.3,2388.33,9051.89,8117.14,38.28,22.9405,550.84,519.22
23,1,47.54,1408.8,8.4069,641.98,394,1591.38,2388.12,2388.1,9049.85,8131.29,38.79,23.2717,553.33,521.78
23,2,47.47,1413.03,8.4202,642.36,395,1592.51,2388.1,2388.06,9055.75,8128.77,38.81,23.302,553.62,521.45
23,3,47.65,1406.75,8.4205,642.73,392,1591.65,2388.08,2388.13,9046.92,8131.83,38.78,23.2883,554.08,521.36
23,4,47.36,1404.01,8.4426,643.14,392,1584.3,2388.15,2388.04,9054.05,8130.98,38.79,23.3341,553.79,520.8
23,5,47.47,1407.33,8.4516,643.22,393,1590.03,2388.06,2388.1,9049.28,8133.79,38.86,23.2834,553.51,522.02
23,6,47.48,1405.34,8.4537,642.63,393,1589.38,2388.12,2388.1,9054.39,8132.34,38.73,23.2312,553.27,521.54
23,7,47.42,1403.7,8.4534,642.35,395,1587.89,2388.1,2388.1,9049.23,8134.93,38.99,23.4684,553.35,521.08
23,8,47.54,1406.04,8.4299,642.42,392,1590.48,2388.08,2388.09,9051.94,8129.57,38.78,23.3211,553.55,521.88
23,9,47.55,1404.51,8.4381,642.07,394,1583.6,2388.15,2388.07,9049.9,8133.94,38.91,23.2736,553.74,521.44
23,10,47.41,1411.38,8.4447,642.82,393,1590.18,2388.16,2388.13,9046.85,8130.52,38.97,23.3787,553.06,521.8
23,11,47.41,1408.31,8.4402,642.0,395,1583.28,2388.1,2388.07,9059.41,8129.41,38.91,23.4845,553.53,521.48
23,12,47.52,1405.08,8.4723,643.02,392,1590.11,2388.05,2388.05,9049.55,8132.51,39.12,23.2584,553.81,521.99
23,13,47.53,1407.89,8.4124,642.05,393,1586.29,2388.06,2388.09,9056.87,8135.44,38.92,23.3083,553.18,521.39
23,14,47.44,1408.65,8.4418,642.28,394,1589.44,2388.08,2388.03,9053.29,8131.76,38.79,23.2471,553.06,522.03
23,15,47.47,1407.97,8.437,642.3,392,1587.72,2388.08,2388.07,9057.49,8130.96,38.73,23.2106,553.35,521.27
23,16,47.32,1404.77,8.4264,643.15,392,1592.31,2388.09,2388.09,9053.96,8133.34,38.87,23.3349,554.35,522.04
23,17,47.53,1404.46,8.4293,642.1,394,1592.03,2388.09,2388.11,9049.63,8131.16,38.83,23.1573,553.08,521.69
23,18,47.47,1403.05,8.4397,642.93,394,1585.15,2388.11,2388.09,9053.33,8129.87,38.8,23.2228,554.53,521.47
23,19,47.53,1411.0,8.441,642.97,393,1586.67,2388.1,2388.13,9057.03,8132.09,38.86,23.2699,553.24,520.97
23,20,47.51,1413.54,8.4513,642.72,394,1589.12,2388.08,2388.09,9047.01,8128.16,38.93,23.2933,554.26,521.26
23,21,47.53,1407.15,8.4451,642.79,393,1583.23,2388.14,2388.07,9056.63,8128.82,38.8,23.2619,553.58,521.53
23,22,47.68,1407.82,8.4228,642.74,393,1586.23,2388.03,2388.11,9059.88,8129.32,38.81,23.3285,553.12,521.3
23,23,47.5,1405.41,8.4293,642.42,393,1587.51,2388.08,2388.12,9050.0,8133.34,38.82,23.3447,553.24,521.54
23,24,47.37,1400.12,8.463,642.94,392,1585.49,2388.1,2388.07,9049.8,8134.69,38.88,23.4065,553.66,522.19
23,25,47.49,1410.4,8.4591,642.7,394,1585.12,2388.09,2388.12,9055.37,8137.12,38.75,23.3392,554.34,520.88
23,26,47.58,1402.9,8.4414,642.66,394,1591.82,2388.1,2388.1,9049.32,8131.56,38.98,23.3122,554.41,521.65
23,27,47.42,1410.64,8.4118,642.43,391,1581.84,2388.06,2388.1,9054.67,8130.88,38.85,23.328,553.83,522.06
23,28,47.21,1403.37,8.4486,642.38,391,1597.25,2388.11,2388.14,9056.24,8134.36,38.84,23.3566,553.48,521.48
23,29,47.53,1399.8,8.3864,642.88,394,1595.0,2388.07,2388.03,9053.04,8129.46,38.81,23.3557,554.26,521.53
23,30,47.54,1403.6,8.4041,642.46,392,1592.92,2388.08,2388.08,9051.4,8137.91,38.76,23.2102,553.6,521.85
23,31,47.56,1402.64,8.4153,642.29,393,1590.16,2388.11,2388.05,9051.22,8131.3,38.97,23.2566,553.64,520.97
23,32,47.49,1402.46,8.4178,642.04,392,1586.81,2388.08,2388.09,9047.97,8128.96,38.71,23.2137,553.47,521.71
23,33,47.56,1406.52,8.4223,642.24,394,1596.94,2388.06,2388.12,9046.42,8138.82,38.93,23.2999,553.83,520.87
23,34,47.36,1402.55,8.4356,642.64,392,1584.94,2388.09,2388.13,9048.46,8132.96,39.08,23.2762,553.86,521.61
23,35,47.33,1411.97,8.4297,643.1,393,1587.04,2388.05,2388.1,9050.21,8127.17,38.87,23.2258,553.27,521.51
23,36,47.48,1413.47,8.404,642.27,393,1590.78,2388.08,2388.1,9054.84,8127.22,38.94,23.2578,553.27,521.12
23,37,47.62,1402.02,8.4381,642.83,393,1590.79,2388.07,2388.11,9050.62,8127.05,39.02,23.2768,553.54,521.36
23,38,47.46,1403.5,8.4338,642.63,393,1597.49,2388.12,2388.05,9046.67,8128.5,38.61,23.3469,553.77,521.76
23,39,47.56,1411.93,8.4676,643.28,394,1590.26,2388.04,2388.08,9051.53,8127.92,38.73,23.3928,553.87,521.39
23,40,47.63,1406.82,8.4067,642.98,393,1589.21,2388.06,2388.12,9055.63,8133.25,38.89,23.3177,553.14,522.27
23,41,47.68,1406.95,8.4186,642.45,393,1591.9,2388.13,2388.12,9056.36,8135.58,38.99,23.3649,553.49,521.2
23,42,47.56,1400.01,8.4366,642.56,392,1588.44,2388.16,2388.09,9053.81,8133.54,38.84,23.2699,553.97,521.4
23,43,47.48,1410.08,8.4235,642.51,395,1593.46,2388.16,2388.07,9055.68,8129.57,38.89,23.2898,553.63,521.08
23,44,47.55,1418.17,8.4434,642.61,391,1591.8,2388.11,2388.07,9048.96,8135.6,38.79,23.3289,553.77,521.18
23,45,47.47,1397.83,8.4148,642.37,392,1588.61,2388.06,2388.08,9046.74,8132.83,38.8,23.321,552.68,521.24
23,46,47.38,1404.84,8.4193,642.51,393,1586.87,2388.08,2388.1,9049.11,8128.78,38.87,23.2682,553.05,521.6
23,47,47.42,1412.13,8.4083,642.77,393,1590.74,2388.12,2388.13,9053.36,8135.44,38.87,23.2218,553.59,521.52
23,48,47.39,1404.66,8.4677,642.57,394,1590.71,2388.12,2388.09,9054.43,8137.6,38.94,23.2759,553.9,521.48
23,49,47.63,1411.45,8.4516,642.56,393,1589.04,2388.05,2388.02,9051.45,8129.68,38.84,23.4376,553.76,522.05
23,50,47.68,1403.97,8.4219,641.96,393,1590.91,2388.08,2388.08,9049.62,8133.33,38.7,23.3114,553.84,520.94
23,51,47.63,1410.61,8.4475,642.57,392,1596.65,2388.1,2388.07,9053.61,8130.84,38.89,23.2696,553.3,521.48
23,52,47.62,1411.35,8.417,642.44,394,1584.97,2388.09,2388.13,9049.63,8136.29,38.78,23.2441,553.6,521.28
23,53,47.39,1409.89,8.4417,642.3,394,1599.87,2388.13,2388.15,9048.45,8129.58,38.7,23.3564,554.77,521.37
23,54,47.47,1404.15,8.4483,642.7,393,1594.12,2388.08,2388.14,9054.34,8133.64,38.69,23.2394,553.07,521.98
23,55,47.56,1407.32,8.4555,643.16,395,1585.36,2388.13,2388.16,9051.46,8132.08,38.93,23.1852,553.08,520.67
23,56,47.52,1413.58,8.4384,642.96,394,1584.44,2388.1,2388.13,9054.64,8132.53,38.68,23.3435,553.94,521.35
23,57,47.51,1408.23,8.4513,642.81,392,1589.05,2388.11,2388.18,9044.7,8128.03,38.97,23.2787,553.9,521.5
23,58,47.55,1399.05,8.3986,642.04,392,1591.61,2388.13,2388.12,9056.05,8131.85,38.74,23.2439,553.38,521.42
23,59,47.47,1406.85,8.4585,642.77,393,1594.06,2388.1,2388.15,9050.79,8132.27,38.9,23.3657,553.55,521.58
23,60,47.6,1405.14,8.4549,642.82,393,1595.87,2388.1,2388.11,9041.01,8129.47,38.92,23.262,553.12,521.54
23,61,47.75,1406.06,8.4019,642.47,392,1588.73,2388.09,2388.1,9056.08,8135.94,38.75,23.2127,553.73,521.69
23,62,47.57,1412.85,8.419,642.21,393,1595.42,2388.04,2388.11,9050.34,8136.24,38.96,23.3379,553.33,521.55
23,63,47.62,1407.48,8.4424,642.57,393,1584.25,2388.13,2388.15,9054.02,8128.56,38.69,23.3903,553.48,521.43
23,64,47.65,1408.61,8.413,643.14,392,1592.05,2388.14,2388.12,9053.17,8130.5,38.78,23.3209,552.93,521.41
23,65,47.44,1405.35,8.4562,642.94,392,1589.42,2388.1,2388.13,9049.67,8134.18,38.75,23.2586,553.39,521.46
23,66,47.63,1411.95,8.4369,642.73,394,1581.98,2388.1,2388.07,9055.96,8134.26,39.04,23.2346,552.87,521.57
23,67,47.68,1410.85,8.438,642.77,392,1596.56,2388.11,2388.11,9054.48,8130.31,38.78,23.3285,554.15,520.99
23,68,47.65,1410.18,8.4481,642.91,393,1583.94,2388.1,2388.14,9057.62,8128.05,38.93,23.3893,553.12,521.75
23,69,47.53,1410.89,8.4571,642.8,393,1584.43,2388.12,2388.11,9048.64,8125.7,38.88,23.3126,553.08,521.71
23,70,47.54,1413.8,8.4782,642.26,393,1587.32,2388.16,2388.13,9051.3,8131.39,38.78,23.2904,553.43,521.23
23,71,47.58,1414.67,8.4194,642.15,393,1595.21,2388.13,2388.16,9046.34,8131.77,38.84,23.2611,553.4,521.2
23,72,47.59,1413.44,8.4425,642.98,393,1592.27,2388.15,2388.07,9052.28,8133.7,38.82,23.2164,552.66,521.12
23,73,47.59,1403.9,8.4757,642.26,395,1592.66,2388.12,2388.12,9053.86,8129.98,38.66,23.3539,552.65,521.51
23,74,47.54,1416.03,8.4426,642.31,392,1586.39,2388.11,2388.14,9053.05,8127.25,38.8,23.1674,553.72,521.27
23,75,47.49,1410.37,8.4771,642.27,393,1587.7,2388.11,2388.14,9052.91,8127.89,38.77,23.2959,553.53,521.37
23,76,47.44,1403.58,8.471,642.78,394,1585.81,2388.13,2388.14,9051.22,8126.35,38.79,23.302,552.44,521.12
23,77,47.77,1411.43,8.4269,642.56,394,1591.4,2388.08,2388.17,9052.15,8130.16,38.85,23.3285,552.83,521.1
23,78,47.36,1411.77,8.4152,642.52,394,1590.03,2388.1,2388.16,9052.56,8134.78,38.75,23.349,553.01,521.01
23,79,47.39,1406.23,8.4487,643.01,393,1584.72,2388.14,2388.13,9048.58,8130.18,38.82,23.2729,553.77,520.93
23,80,47.44,1408.52,8.4643,642.57,393,1593.28,2388.15,2388.1,9047.91,8135.21,38.8,23.4292,552.86,521.09
23,81,47.47,1416.41,8.4335,643.32,392,1596.52,2388.08,2388.1,9054.3,8132.1,38.79,23.3065,553.54,521.18
23,82,47.76,1409.87,8.4378,642.97,393,1589.27,2388.12,2388.1,9055.91,8130.61,38.71,23.2611,553.36,521.44
23,83,47.55,1414.47,8.415,642.69,394,1594.05,2388.13,2388.06,9056.6,8130.16,38.88,23.2775,553.44,521.2
23,84,47.51,1413.19,8.4377,642.56,392,1591.83,2388.13,2388.06,9049.57,8128.67,38.79,23.3171,553.44,521.22
23,85,47.68,1413.87,8.4211,643.05,392,1592.83,2388.12,2388.15,9050.16,8131.72,38.9,23.2718,553.27,521.17
23,86,47.42,1410.81,8.3961,642.81,394,1593.35,2388.11,2388.16,9058.26,8131.33,38.59,23.3429,552.27,521.5
23,87,47.53,1407.46,8.476,643.14,393,1588.12,2388.11,2388.14,9049.48,8127.62,38.84,23.2281,553.0,521.96
23,88,47.53,1416.37,8.4006,643.09,394,1597.31,2388.17,2388.11,9053.56,8132.02,38.88,23.3296,553.08,520.88
23,89,47.59,1417.6,8.4498,642.78,393,1584.04,2388.09,2388.1,9051.44,8131.41,38.91,23.3059,552.83,521.55
23,90,47.52,1409.24,8.4761,642.94,394,1592.6,2388.09,2388.16,9057.17,8131.6,38.93,23.2136,553.36,520.95
23,91,47.51,1412.63,8.4768,643.32,393,1591.35,2388.12,2388.16,9052.04,8131.98,38.85,23.2615,553.12,521.31
23,92,47.58,1414.95,8.4513,642.81,393,1590.76,2388.14,2388.15,9049.24,8123.74,38.67,23.2467,552.76,521.15
23,93,47.59,1403.73,8.4084,642.95,393,1587.76,2388.13,2388.14,9050.85,8131.37,38.9,23.2153,553.25,521.42
23,94,47.5,1411.65,8.4513,642.5,393,1583.85,2388.14,2388.12,9049.15,8132.86,38.89,23.2676,553.16,521.17
23,95,47.8,1414.12,8.4662,642.65,393,1596.54,2388.14,2388.09,9054.5,8131.68,38.85,23.2618,552.83,521.44
23,96,47.66,1414.32,8.4466,642.78,394,1586.86,2388.1,2388.1,9052.8,8131.91,38.59,23.311,553.12,521.07
23,97,47.47,1411.17,8.4212,642.95,392,1597.85,2388.12,2388.12,9054.56,8132.77,38.81,23.316,553.75,521.49
23,98,47.71,1411.32,8.4443,642.97,394,1589.03,2388.1,2388.14,9053.25,8132.49,38.89,23.2683,553.16,520.9
23,99,47.55,1416.24,8.4248,642.66,395,1588.42,2388.12,2388.14,9049.62,8132.85,38.72,23.3109,552.51,521.01
23,100,47.6,1411.17,8.4709,642.51,394,1597.34,2388.13,2388.17,9053.52,8127.39,38.84,23.1504,552.53,520.72
23,101,47.65,1411.65,8.4495,642.66,394,1584.07,2388.15,2388.08,9051.11,8131.79,38.62,23.2358,552.81,520.67
23,102,47.67,1410.54,8.4699,643.46,393,1597.43,2388.17,2388.17,9060.35,8129.68,38.76,23.3359,553.28,520.58
23,103,47.75,1410.13,8.4654,643.03,395,1595.8,2388.13,2388.1,9053.35,8133.05,38.73,23.3199,553.38,521.38
23,104,47.67,1412.36,8.4457,643.53,393,1594.62,2388.18,2388.11,9045.86,8131.91,38.66,23.2528,553.36,521.02
23,105,47.67,1408.99,8.4433,641.97,394,1587.46,2388.16,2388.14,9059.07,8135.8,38.75,23.1725,552.8,521.66
23,106,47.58,1409.59,8.4745,642.36,394,1589.54,2388.15,2388.16,9047.79,8128.87,38.78,23.2059,553.77,521.17
23,107,47.65,1402.95,8.4871,643.19,395,1590.84,2388.12,2388.16,9054.98,8132.0,38.75,23.1456,552.05,520.91
23,108,47.44,1418.25,8.4655,642.99,394,1587.6,2388.15,2388.14,9052.23,8132.73,38.69,23.3569,552.8,521.34
23,109,47.49,1410.86,8.4724,643.11,394,1590.66,2388.14,2388.14,9057.6,8130.49,38.76,23.1946,553.44,521.6
23,110,47.62,1410.77,8.4721,642.98,394,1595.98,2388.13,2388.13,9051.41,8128.2,38.81,23.3551,552.78,521.14
23,111,47.79,1416.07,8.4583,643.15,394,1590.25,2388.16,2388.15,9049.77,8131.71,38.76,23.3043,552.51,520.93
23,112,47.67,1410.86,8.4788,642.9,393,1589.88,2388.17,2388.11,9051.29,8127.38,38.59,23.2557,553.27,521.04
23,113,47.74,1409.09,8.4798,642.87,395,1597.22,2388.11,2388.1,9055.36,8130.92,38.71,23.2625,552.99,520.61
23,114,47.95,1414.18,8.4209,643.1,394,1593.12,2388.19,2388.19,9053.79,8128.59,38.83,23.2317,553.73,520.78
23,115,47.63,1410.73,8.4349,643.48,394,1595.84,2388.12,2388.14,9055.15,8133.46,38.75,23.2762,552.35,520.53
23,116,47.61,1414.56,8.464,643.51,394,1592.55,2388.16,2388.19,9049.71,8131.21,38.59,23.1785,552.02,521.25
23,117,47.76,1414.99,8.4751,643.36,394,1592.36,2388.17,2388.19,9056.58,8127.31,38.49,23.2055,553.3,520.93
23,118,47.87,1410.78,8.4462,643.08,393,1602.27,2388.11,2388.19,9061.19,8129.42,38.64,23.1884,553.27,521.19
23,119,47.49,1414.62,8.4592,642.86,395,1592.32,2388.17,2388.18,9056.01,8136.19,38.67,23.269,552.5,520.79
23,120,47.6,1419.23,8.4982,642.92,394,1590.62,2388.12,2388.19,9044.89,8129.26,38.65,23.2834,553.01,520.54
23,121,47.55,1412.41,8.4568,643.11,394,1589.52,2388.15,2388.17,9060.11,8134.06,38.69,23.2224,553.03,520.32
23,122,47.64,1422.23,8.4647,642.9,391,1595.64,2388.2,2388.14,9049.1,8132.97,38.48,23.2529,553.62,520.97
23,123,47.71,1415.11,8.4797,643.13,394,1592.83,2388.21,2388.2,9060.1,8132.4,38.82,23.2799,552.65,520.39
23,124,47.74,1416.52,8.4341,643.34,395,1598.27,2388.18,2388.16,9050.4,8132.1,38.75,23.1822,552.74,521.14
23,125,47.76,1414.91,8.4222,643.24,394,1588.55,2388.19,2388.18,9056.65,8127.56,38.68,23.2659,553.81,520.99
23,126,47.84,1415.43,8.4879,643.03,395,1594.63,2388.16,2388.14,9050.87,8130.54,38.78,23.1621,552.66,520.54
23,127,47.66,1413.07,8.4685,642.87,395,1595.38,2388.19,2388.22,9047.1,8126.85,38.73,23.2651,552.58,520.73
23,128,47.75,1416.63,8.4614,642.55,394,1595.89,2388.2,2388.17,9051.55,8125.75,38.65,23.2851,552.05,520.59
23,129,47.75,1422.22,8.455,642.9,394,1597.07,2388.17,2388.16,9057.76,8132.31,38.54,23.1727,552.09,520.24
23,130,47.64,1418.62,8.4823,643.18,394,1593.42,2388.14,2388.19,9051.39,8136.74,38.51,23.1145,552.02,520.5
23,131,47.9,1418.25,8.4778,643.45,395,1596.12,2388.16,2388.2,9058.33,8131.45,38.67,23.2029,552.0,520.5
23,132,47.68,1415.1,8.4877,643.69,395,1600.99,2388.15,2388.14,9051.01,8124.82,38.56,23.1629,552.9,520.67
23,133,47.92,1421.33,8.4668,642.74,393,1596.68,2388.16,2388.22,9053.03,8132.74,38.6,23.2084,552.41,520.57
23,134,47.72,1413.03,8.486,642.79,394,1589.93,2388.2,2388.17,9054.54,8133.92,38.62,23.1834,552.76,520.64
23,135,47.77,1411.73,8.4896,643.16,394,1596.17,2388.23,2388.2,9050.62,8129.93,38.62,23.1722,552.38,520.47
23,136,47.96,1418.41,8.5144,643.45,395,1594.78,2388.16,2388.19,9057.7,8128.5,38.62,23.242,553.03,520.66
23,137,47.87,1412.75,8.4394,643.0,397,1593.2,2388.21,2388.18,9058.81,8129.55,38.84,23.2398,552.13,520.49
23,138,47.94,1419.12,8.51,643.3,394,1600.93,2388.16,2388.18,9052.86,8133.11,38.43,23.1726,552.41,521.02
23,139,47.87,1417.59,8.4864,643.18,395,1597.69,2388.25,2388.17,9050.79,8133.93,38.64,23.125,551.65,520.22
23,140,47.9,1410.37,8.4701,643.43,394,1594.82,2388.14,2388.17,9060.29,8127.31,38.41,23.2149,552.11,520.93
23,141,47.77,1414.31,8.4582,643.2,393,1603.27,2388.2,2388.25,9055.86,8132.49,38.56,23.2728,551.95,520.5
23,142,48.06,1420.17,8.4649,643.07,393,1599.03,2388.21,2388.18,9052.9,8128.68,38.66,23.0967,552.41,520.61
23,143,47.79,1419.25,8.5041,642.97,395,1594.65,2388.19,2388.22,9053.52,8128.28,38.6,23.1501,551.66,520.04
23,144,47.99,1423.07,8.4866,643.01,395,1594.32,2388.22,2388.18,9055.63,8128.28,38.52,23.1761,552.51,520.87
23,145,48.01,1415.71,8.4874,643.33,396,1594.2,2388.19,2388.19,9055.5,8124.9,38.69,23.1258,552.2,520.44
23,146,47.97,1421.26,8.4939,643.61,396,1594.1,2388.21,2388.26,9058.69,8127.21,38.45,23.1684,552.72,520.36
23,147,47.93,1424.51,8.4698,643.49,395,1596.31,2388.21,2388.18,9050.41,8130.95,38.64,23.1885,551.71,520.94
23,148,48.03,1422.95,8.5058,643.46,395,1597.1,2388.22,2388.22,9054.02,8130.24,38.66,23.1745,552.05,519.77
23,149,47.95,1422.14,8.4874,643.2,395,1600.07,2388.23,2388.2,9045.97,8130.33,38.5,23.0865,551.7,520.36
23,150,48.01,1423.0,8.4419,643.25,396,1592.41,2388.26,2388.2,9051.55,8126.7,38.54,23.043,551.38,520.18
23,151,47.88,1425.55,8.5021,643.44,395,1602.4,2388.23,2388.23,9059.81,8132.35,38.63,23.1031,551.72,520.22
23,152,48.07,1420.2,8.4888,642.96,396,1598.41,2388.23,2388.25,9060.07,8131.58,38.41,23.1321,551.87,519.93
23,153,47.87,1424.57,8.5274,643.44,396,1604.51,2388.23,2388.21,9058.46,8129.64,38.86,23.0991,551.58,520.76
23,154,48.08,1429.64,8.4979,643.55,395,1595.98,2388.23,2388.2,9060.39,8127.58,38.5,23.1401,551.55,519.86
23,155,48.12,1423.94,8.4805,643.03,395,1598.15,2388.22,2388.21,9052.52,8129.99,38.59,23.1968,552.15,520.5
23,156,47.9,1425.52,8.4631,643.24,393,1596.66,2388.3,2388.24,9058.96,8127.52,38.67,23.1932,552.1,520.01
23,157,48.05,1426.83,8.5077,643.29,397,1604.68,2388.29,2388.2,9061.3,8124.77,38.51,23.1551,552.6,519.76
23,158,48.15,1425.76,8.4752,643.27,396,1598.58,2388.24,2388.26,9061.7,8128.57,38.31,23.0834,551.77,519.91
23,159,48.07,1432.24,8.5183,643.77,397,1599.79,2388.28,2388.24,9063.89,8128.1,38.33,23.1688,551.84,520.52
23,160,48.1,1421.6,8.498,643.51,397,1601.65,2388.24,2388.27,9054.66,8129.37,38.4,23.1373,551.59,520.6
23,161,48.12,1422.2,8.5325,643.93,395,1595.92,2388.31,2388.27,9064.58,8132.69,38.38,23.1142,551.66,520.14
23,162,48.03,1427.07,8.5626,643.22,397,1603.35,2388.22,2388.29,9063.98,8130.19,38.66,23.1499,551.82,519.58
23,163,48.12,1424.4,8.5085,643.58,397,1597.26,2388.27,2388.25,9049.13,8133.24,38.49,23.0826,551.72,520.51
23,164,48.12,1426.59,8.5117,643.52,396,1600.25,2388.3,2388.26,9058.38,8136.45,38.23,23.2024,551.33,519.48
23,165,48.17,1425.41,8.5116,643.71,397,1598.78,2388.31,2388.25,9058.02,8127.93,38.62,23.1106,551.41,520.53
23,166,48.08,1431.62,8.4708,644.07,396,1598.2,2388.32,2388.25,9060.28,8124.49,38.37,23.1147,551.45,519.49
23,167,48.02,1431.6,8.5071,643.76,397,1603.61,2388.27,2388.27,9057.35,8129.57,38.37,23.0965,550.78,519.22
23,168,48.19,1431.69,8.5169,643.32,397,1604.16,2388.26,2388.36,9059.37,8127.93,38.32,22.9071,551.26,519.71
31,1,47.19,1393.03,8.4135,642.32,392,1582.38,2388.05,2387.99,9058.68,8138.73,39.02,23.4287,554.79,522.25
31,2,47.31,1394.01,8.3995,642.49,393,1584.07,2388.02,2388.02,9059.34,8140.24,39.01,23.4805,554.15,522.46
31,3,47.1,1394.99,8.4159,642.49,391,1585.07,2388.0,2388.01,9055.34,8140.79,39.05,23.3977,554.23,522.68
31,4,47.19,1394.07,8.4232,642.21,391,1572.4,2388.0,2388.01,9046.9,8136.16,39.02,23.3805,554.77,522.76
31,5,47.29,1396.82,8.3922,641.84,393,1584.77,2388.03,2388.02,9059.21,8139.68,39.11,23.3663,554.84,522.84
31,6,47.3,1398.27,8.3867,642.48,391,1582.5,2387.99,2387.99,9061.88,8136.34,38.97,23.5206,554.74,522.14
31,7,47.23,1405.87,8.3756,642.3,391,1584.57,2388.01,2388.0,9054.53,8132.69,39.1,23.3069,554.9,522.44
31,8,47.03,1401.08,8.3977,642.32,391,1586.33,2388.06,2387.98,9067.5,8141.14,38.97,23.4163,554.08,522.37
31,9,47.21,1402.92,8.3894,641.84,391,1585.09,2387.97,2387.98,9055.05,8133.34,38.9,23.4756,554.09,521.9
31,10,47.02,1399.16,8.3873,642.64,389,1595.07,2388.01,2388.02,9053.89,8137.21,39.12,23.469,554.44,522.29
31,11,47.15,1399.42,8.3832,642.17,392,1579.12,2387.98,2388.01,9055.09,8139.73,39.12,23.4295,554.43,522.24
31,12,47.17,1394.44,8.4032,642.18,390,1579.01,2387.99,2388.01,9057.49,8139.59,39.0,23.4151,554.3,522.12
31,13,47.23,1397.1,8.3956,642.06,393,1581.71,2388.01,2388.06,9059.26,8140.13,38.89,23.5862,554.25,522.66
31,14,47.31,1398.61,8.3706,641.66,391,1587.61,2388.01,2387.99,9057.46,8140.72,38.99,23.4726,554.4,522.8
31,15,47.19,1391.64,8.3784,642.49,392,1583.13,2388.04,2388.02,9057.39,8135.72,39.06,23.4839,554.4,522.33
31,16,47.04,1398.7,8.3947,641.65,392,1585.84,2388.0,2388.02,9049.27,8142.44,38.94,23.3974,554.72,522.21
31,17,47.11,1401.29,8.4062,642.13,392,1582.29,2388.04,2388.03,9054.63,8133.96,39.11,23.3932,554.0,522.56
31,18,47.06,1392.85,8.4117,641.76,393,1589.63,2388.04,2388.03,9054.25,8134.16,39.02,23.5791,553.69,522.75
31,19,47.32,1399.25,8.4282,642.18,389,1587.07,2388.01,2388.01,9055.95,8135.21,39.03,23.4234,554.14,522.08
31,20,47.14,1397.95,8.371,642.16,393,1592.08,2388.05,2388.03,9057.86,8138.31,39.08,23.476,554.36,521.89
31,21,47.09,1405.43,8.4408,642.43,392,1590.86,2388.01,2388.05,9057.22,8137.42,39.01,23.4254,554.3,521.99
31,22,47.2,1395.91,8.3647,642.41,390,1585.3,2387.97,2388.0,9059.15,8139.19,39.07,23.3529,554.1,522.0
31,23,47.45,1398.73,8.3973,642.13,392,1583.72,2387.99,2387.97,9049.36,8142.07,39.07,23.4756,554.09,522.33
31,24,47.01,1400.11,8.3842,642.02,391,1583.53,2388.04,2388.01,9054.41,8138.91,39.05,23.4339,554.34,522.85
31,25,47.3,1395.24,8.4043,641.81,392,1587.24,2388.05,2387.98,9053.45,8140.76,38.93,23.3552,555.03,521.68
31,26,47.16,1394.61,8.4098,642.49,393,1588.89,2388.05,2387.94,9057.32,8136.26,38.83,23.4585,554.05,522.33
31,27,47.26,1395.12,8.3659,641.97,390,1586.29,2388.02,2387.97,9060.61,8141.44,38.92,23.3088,554.79,522.39
31,28,47.24,1395.34,8.4182,641.82,392,1584.33,2387.96,2387.98,9051.49,8138.33,38.99,23.3738,554.39,521.92
31,29,47.25,1397.95,8.4084,642.75,390,1582.95,2388.0,2388.01,9056.69,8140.99,39.13,23.4073,553.71,522.83
31,30,47.25,1402.39,8.4189,642.43,391,1584.37,2388.08,2388.0,9060.37,8136.63,38.82,23.263,554.6,521.85
31,31,47.15,1398.84,8.3931,642.43,393,1585.58,2388.0,2388.0,9057.53,8140.67,38.92,23.4831,554.62,522.64
31,32,47.41,1393.16,8.4297,642.07,392,1583.16,2388.05,2388.0,9059.82,8140.07,38.99,23.4403,554.65,522.22
31,33,47.07,1401.33,8.4018,642.6,392,1589.24,2388.05,2388.03,9060.87,8141.31,38.92,23.4052,554.16,522.68
31,34,47.11,1399.33,8.4,642.08,391,1588.91,2388.0,2388.05,9050.68,8144.41,39.13,23.4073,555.31,522.17
31,35,47.3,1399.15,8.416,642.63,392,1589.74,2388.06,2388.06,9053.42,8138.96,39.0,23.5561,554.26,522.31
31,36,47.37,1397.59,8.4196,642.26,392,1575.27,2388.04,2388.04,9049.85,8134.19,39.09,23.4543,554.97,522.35
31,37,47.06,1395.54,8.3852,641.53,393,1588.56,2387.99,2388.03,9054.71,8136.76,38.93,23.4069,554.72,522.01
31,38,47.07,1400.07,8.3874,642.27,391,1585.97,2387.98,2388.03,9060.69,8141.31,38.91,23.4678,554.72,522.86
31,39,47.26,1395.41,8.4151,642.16,392,1582.17,2388.01,2388.0,9053.07,8137.55,39.02,23.5421,554.48,522.41
31,40,47.1,1397.76,8.3976,642.61,390,1583.26,2387.98,2387.98,9056.09,8141.46,38.87,23.403,553.67,522.16
31,41,47.2,1396.71,8.3995,641.87,392,1586.7,2388.09,2388.04,9059.83,8134.72,39.11,23.4224,553.96,522.42
31,42,47.22,1399.34,8.392,642.09,392,1581.83,2387.97,2387.96,9057.89,8142.58,39.04,23.3833,555.28,521.92
31,43,47.06,1394.51,8.3855,641.5,391,1577.74,2388.0,2388.03,9059.11,8132.31,38.96,23.413,554.17,521.95
31,44,47.13,1391.16,8.3587,642.27,392,1584.28,2388.04,2388.01,9051.2,8133.31,38.87,23.4417,554.36,522.09
31,45,47.07,1404.39,8.4147,641.91,390,1588.78,2388.0,2388.03,9058.85,8141.85,39.13,23.45,554.2,522.25
31,46,47.12,1395.96,8.3972,642.67,390,1579.99,2387.99,2388.03,9059.75,8138.42,39.22,23.4009,554.25,522.28
31,47,47.23,1396.91,8.3637,642.16,393,1586.8,2388.02,2388.03,9057.24,8142.75,39.0,23.4342,554.53,522.3
31,48,47.3,1398.43,8.4014,642.16,394,1582.58,2388.02,2387.97,9053.91,8138.96,39.07,23.5247,555.04,522.53
31,49,47.04,1398.33,8.3911,642.35,394,1576.11,2388.04,2387.98,9054.19,8141.86,39.11,23.4696,554.02,522.54
31,50,47.27,1404.68,8.3969,642.5,391,1587.31,2388.01,2388.01,9049.55,8138.66,39.07,23.5154,554.5,522.24
31,51,47.16,1403.08,8.4113,642.49,393,1587.64,2387.98,2388.01,9049.21,8138.28,39.12,23.3379,554.32,521.86
31,52,47.29,1394.1,8.3646,642.27,390,1583.5,2387.95,2388.0,9065.9,8140.29,39.2,23.4843,554.62,522.31
31,53,47.23,1406.84,8.4042,642.11,391,1591.74,2388.06,2387.99,9061.54,8140.83,38.99,23.4381,553.97,522.3
31,54,47.33,1397.18,8.4005,641.7,392,1581.44,2388.02,2388.04,9057.25,8140.84,38.98,23.4706,554.57,522.19
31,55,47.13,1396.34,8.4091,642.27,392,1577.19,2388.05,2388.04,9051.68,8133.8,38.91,23.4684,553.59,522.04
31,56,47.21,1396.36,8.4156,642.32,393,1582.58,2387.99,2387.95,9055.52,8139.85,39.01,23.4246,554.67,522.78
31,57,47.11,1396.08,8.4029,642.04,393,1580.68,2388.06,2387.98,9053.23,8142.32,39.22,23.4429,555.23,522.42
31,58,47.17,1398.19,8.4052,642.39,393,1590.24,2388.05,2388.02,9053.09,8141.27,39.11,23.3814,554.7,522.32
31,59,47.36,1395.32,8.3941,642.71,393,1584.82,2388.01,2388.01,9056.26,8141.39,38.99,23.4277,554.41,522.2
31,60,47.25,1397.52,8.4057,641.79,393,1580.03,2388.08,2388.05,9055.6,8141.28,39.02,23.5239,554.71,522.35
31,61,47.19,1400.26,8.3946,642.03,391,1584.42,2387.98,2388.0,9055.27,8143.3,38.98,23.4154,554.15,522.25
31,62,47.33,1400.59,8.4107,642.37,391,1581.94,2387.98,2388.03,9053.13,8137.91,38.94,23.3159,554.49,522.38
31,63,47.3,1404.25,8.4201,642.51,392,1583.2,2388.03,2388.1,9053.81,8140.65,39.22,23.4375,554.65,522.08
31,64,47.25,1394.57,8.3898,641.93,392,1578.34,2388.01,2388.11,9060.72,8139.69,39.06,23.4081,553.74,521.88
31,65,47.2,1402.65,8.4168,642.06,392,1580.85,2388.01,2388.03,9059.01,8138.9,38.9,23.4173,554.97,522.31
31,66,47.32,1401.11,8.403,642.3,391,1587.25,2387.99,2388.05,9064.4,8146.49,38.93,23.4114,554.17,522.39
31,67,47.14,1402.06,8.4404,641.83,392,1585.17,2388.0,2388.02,9061.78,8145.25,39.04,23.4479,554.84,522.41
31,68,47.2,1401.55,8.3873,642.51,390,1580.51,2388.1,2388.01,9062.01,8140.54,38.91,23.5005,554.1,521.56
31,69,47.28,1402.87,8.3597,642.15,391,1589.08,2388.04,2388.04,9048.6,8137.07,39.08,23.462,554.78,522.33
31,70,47.37,1390.86,8.3843,641.95,391,1578.36,2388.04,2388.07,9058.4,8143.0,39.07,23.4163,554.37,522.48
31,71,47.31,1389.59,8.3745,642.24,390,1583.58,2388.08,2388.01,9057.16,8141.48,39.06,23.3219,553.74,522.85
31,72,47.21,1394.39,8.4163,642.09,393,1586.63,2388.05,2387.99,9052.4,8139.29,38.87,23.4494,554.58,522.35
31,73,47.29,1401.52,8.3996,642.25,390,1590.14,2388.02,2387.95,9060.66,8140.92,39.08,23.3939,554.53,522.1
31,74,47.36,1398.63,8.4138,642.3,393,1580.25,2388.02,2387.96,9062.01,8138.76,38.98,23.3986,554.93,522.05
31,75,47.58,1403.33,8.398,642.07,393,1582.09,2388.03,2388.05,9044.83,8140.32,39.17,23.3992,554.09,521.66
31,76,47.15,1401.17,8.4217,642.13,391,1584.29,2388.06,2388.09,9057.23,8140.49,38.97,23.3696,554.17,522.24
31,77,47.25,1397.17,8.4135,642.1,392,1582.16,2388.04,2388.02,9058.22,8132.2,39.04,23.3315,553.97,521.94
31,78,47.3,1397.01,8.3719,642.55,392,1584.71,2388.03,2388.09,9062.0,8141.35,39.01,23.3907,553.76,522.17
31,79,47.16,1399.87,8.3815,642.24,391,1583.94,2388.04,2387.99,9056.32,8138.69,38.98,23.4214,554.71,521.93
31,80,47.21,1399.27,8.3977,642.36,391,1589.73,2388.03,2388.03,9056.46,8140.97,38.8,23.3383,554.34,522.08
31,81,47.32,1397.11,8.4083,642.16,395,1586.86,2388.01,2388.0,9052.36,8140.48,39.08,23.3733,554.44,522.2
31,82,47.3,1403.04,8.4063,642.4,393,1586.49,2388.01,2388.0,9049.36,8144.57,39.07,23.4354,553.41,521.43
31,83,47.37,1398.99,8.4442,642.13,393,1586.11,2388.01,2388.03,9056.86,8139.89,38.95,23.4576,554.18,521.92
31,84,47.27,1396.03,8.3898,642.27,393,1583.84,2388.05,2388.02,9059.83,8138.92,38.84,23.3944,554.39,522.38
31,85,47.26,1398.88,8.3892,641.96,390,1584.79,2388.03,2388.03,9059.34,8144.85,39.05,23.4604,554.45,522.55
31,86,47.4,1396.55,8.4166,641.84,391,1581.38,2388.01,2388.06,9060.45,8140.54,38.85,23.2815,554.64,522.51
31,87,47.34,1397.71,8.4112,642.06,392,1582.91,2388.01,2388.02,9057.86,8135.4,38.8,23.3901,554.85,521.77
31,88,47.28,1400.34,8.395,642.44,394,1584.18,2388.04,2388.06,9058.58,8139.15,39.13,23.4183,554.48,522.18
31,89,47.25,1403.75,8.4133,642.12,393,1585.38,2388.04,2388.01,9059.74,8136.24,39.13,23.4733,553.96,522.67
31,90,47.26,1404.03,8.3926,642.58,392,1580.59,2388.0,2388.05,9051.58,8141.35,39.27,23.4482,553.75,521.75
31,91,47.21,1400.75,8.4495,642.49,393,1589.4,2388.05,2388.03,9059.84,8140.34,39.07,23.4234,554.2,522.22
31,92,47.37,1394.88,8.4121,642.45,391,1591.97,2388.04,2388.13,9051.65,8141.99,39.03,23.5272,554.07,521.91
31,93,47.23,1397.48,8.4089,641.77,390,1584.84,2388.05,2388.04,9051.51,8133.56,38.97,23.3959,553.98,522.26
31,94,47.44,1402.49,8.4134,642.27,392,1592.33,2388.0,2388.04,9059.41,8139.53,39.04,23.3312,554.2,521.86
31,95,47.2,1396.89,8.4077,642.14,392,1583.63,2387.99,2388.04,9054.55,8142.26,38.8,23.4486,553.83,522.13
31,96,47.37,1400.69,8.4311,642.71,392,1576.78,2388.07,2388.09,9054.65,8136.15,38.97,23.4938,553.99,521.93
31,97,47.3,1405.52,8.4229,642.25,391,1581.34,2388.0,2388.04,9055.23,8139.72,39.06,23.3329,554.0,522.13
31,98,47.16,1399.88,8.4126,642.05,391,1588.96,2388.01,2388.05,9054.65,8137.11,38.94,23.4385,554.68,522.36
31,99,47.28,1398.71,8.4094,642.3,391,1584.06,2388.05,2388.0,9064.69,8143.29,38.98,23.2732,554.68,522.39
31,100,47.05,1399.09,8.4277,641.94,392,1582.21,2388.05,2388.03,9058.63,8135.1,38.88,23.4044,554.61,521.49
31,101,47.35,1401.44,8.3783,642.1,392,1583.86,2388.08,2388.08,9055.73,8133.5,38.85,23.3846,554.52,521.76
31,102,47.45,1402.89,8.4326,642.16,393,1584.69,2388.07,2388.01,9059.28,8137.85,38.98,23.4357,553.74,522.31
31,103,47.34,1406.99,8.3977,642.18,391,1586.57,2388.02,2388.03,9059.29,8139.48,38.91,23.4291,554.49,521.9
31,104,47.23,1397.98,8.4324,642.0,390,1582.16,2388.01,2388.0,9059.97,8137.13,38.88,23.3485,555.12,522.18
31,105,47.14,1398.02,8.4088,642.24,391,1588.38,2388.03,2388.04,9054.88,8143.61,39.02,23.2901,553.83,521.85
31,106,47.2,1401.05,8.3646,642.17,392,1587.18,2388.05,2388.07,9056.12,8143.08,38.92,23.3532,554.75,522.07
31,107,47.26,1399.65,8.4216,642.26,392,1583.76,2388.05,2388.01,9059.05,8141.29,39.1,23.3989,554.08,522.01
31,108,47.32,1401.0,8.4162,641.96,390,1581.24,2388.07,2388.04,9051.46,8137.96,38.78,23.4721,554.82,521.89
31,109,47.2,1403.88,8.4345,642.17,393,1578.66,2388.07,2388.03,9055.69,8136.79,38.98,23.4442,554.95,522.17
31,110,47.16,1398.14,8.4513,641.99,391,1587.94,2388.0,2388.06,9060.78,8137.47,38.96,23.4025,554.43,521.94
31,111,47.35,1407.75,8.4285,642.82,393,1585.58,2388.05,2388.08,9057.34,8139.48,38.81,23.3864,553.91,522.11
31,112,47.3,1403.76,8.3935,642.32,391,1584.73,2388.06,2388.04,9056.15,8140.98,39.16,23.3309,553.93,522.38
31,113,47.33,1398.06,8.3836,641.82,393,1585.36,2388.0,2388.06,9058.13,8131.73,39.18,23.3139,554.31,522.12
31,114,47.31,1398.89,8.3988,642.47,391,1573.92,2388.07,2388.06,9058.71,8141.55,39.04,23.4133,554.7,522.43
31,115,47.42,1400.61,8.4209,642.76,393,1591.29,2388.06,2388.07,9061.07,8137.88,38.84,23.4881,554.79,522.24
31,116,47.34,1408.42,8.3771,641.89,393,1595.6,2388.05,2388.01,9055.25,8141.52,38.93,23.3913,554.09,522.08
31,117,47.35,1401.82,8.4188,642.24,393,1584.86,2388.05,2388.09,9058.63,8139.19,38.91,23.4307,553.89,522.38
31,118,47.42,1399.92,8.3992,642.22,391,1585.92,2388.04,2388.03,9060.32,8135.56,38.91,23.3304,553.86,522.15
31,119,47.17,1402.17,8.4055,642.41,393,1579.35,2388.02,2388.11,9047.77,8138.43,38.99,23.2714,553.31,521.81
31,120,47.27,1402.37,8.4156,642.42,393,1587.09,2388.03,2388.06,9056.19,8139.8,38.68,23.5514,554.58,522.13
31,121,47.27,1402.34,8.4092,641.76,392,1585.79,2388.08,2387.95,9054.32,8138.64,39.04,23.3617,554.01,521.83
31,122,47.2,1406.25,8.3856,642.18,391,1588.45,2388.15,2388.02,9049.93,8137.65,38.96,23.3398,553.83,522.05
31,123,47.16,1404.48,8.3936,642.68,392,1585.86,2388.05,2387.99,9058.7,8139.85,39.02,23.3139,553.81,522.22
31,124,47.32,1405.53,8.4203,642.34,392,1584.66,2388.07,2388.06,9056.85,8140.42,38.99,23.5337,554.19,521.68
31,125,47.37,1403.84,8.4015,641.93,394,1585.47,2388.06,2388.01,9050.05,8137.92,39.02,23.3915,553.38,521.4
31,126,47.31,1403.85,8.4667,642.35,392,1586.36,2388.06,2388.04,9053.55,8136.24,39.29,23.4391,553.71,522.17
31,127,47.38,1404.85,8.4483,642.82,392,1586.92,2388.01,2388.06,9059.17,8136.73,38.78,23.3477,554.1,521.85
31,128,47.17,1402.36,8.4376,642.58,391,1590.97,2388.02,2388.08,9059.25,8136.52,38.99,23.3748,554.42,522.08
31,129,47.31,1404.6,8.4003,641.98,392,1588.97,2387.99,2388.04,9059.61,8143.15,39.1,23.301,553.63,521.84
31,130,47.27,1407.02,8.4061,642.46,392,1585.58,2388.08,2388.06,9054.18,8137.95,38.86,23.285,554.55,522.28
31,131,47.2,1408.27,8.4122,643.02,392,1581.67,2388.05,2388.04,9053.97,8136.96,38.94,23.3609,553.78,522.04
31,132,47.51,1398.13,8.4164,642.51,392,1586.16,2388.05,2388.07,9057.29,8136.88,39.06,23.3908,554.53,521.92
31,133,47.22,1405.45,8.4393,642.26,392,1588.12,2388.08,2388.07,9062.87,8138.06,38.98,23.3907,554.43,522.16
31,134,47.49,1405.31,8.4016,642.19,394,1589.83,2388.03,2388.06,9053.93,8129.12,38.91,23.2717,553.39,522.01
31,135,47.33,1401.49,8.4031,641.56,393,1590.87,2388.08,2388.09,9058.74,8140.09,38.72,23.4951,554.2,521.61
31,136,47.37,1401.02,8.4027,642.73,394,1583.42,2388.11,2388.11,9055.48,8142.39,38.85,23.3925,553.57,522.11
31,137,47.43,1408.51,8.4156,642.18,392,1592.42,2388.02,2388.06,9053.81,8137.45,39.07,23.3351,553.23,522.21
31,138,47.47,1404.89,8.4174,642.62,392,1587.27,2388.06,2388.1,9060.34,8141.35,38.89,23.2082,554.26,522.37
31,139,47.31,1401.78,8.4492,642.29,393,1593.1,2388.11,2388.05,9055.71,8131.82,39.03,23.2539,553.62,521.89
31,140,47.51,1403.44,8.4666,642.47,392,1588.69,2388.08,2388.07,9056.63,8129.43,39.01,23.2502,554.84,521.52
31,141,47.42,1398.14,8.4442,642.58,390,1591.87,2388.09,2388.06,9053.6,8140.13,38.91,23.2488,553.95,522.5
31,142,47.26,1404.11,8.4237,642.44,392,1587.55,2388.07,2388.06,9055.67,8138.99,38.91,23.3373,554.23,522.15
31,143,47.47,1405.62,8.4239,642.22,393,1588.18,2388.04,2388.08,9060.88,8143.74,38.84,23.372,554.33,522.2
31,144,47.3,1400.03,8.4416,642.08,391,1584.98,2388.07,2388.06,9053.41,8141.43,38.82,23.4426,553.72,521.66
31,145,47.45,1411.23,8.4399,642.13,393,1585.38,2388.07,2388.08,9057.53,8142.62,38.88,23.3472,553.4,521.98
31,146,47.48,1401.39,8.4106,642.57,392,1588.63,2388.08,2388.1,9058.67,8140.73,39.06,23.3759,554.57,521.45
31,147,47.37,1405.08,8.4413,642.35,395,1589.01,2388.09,2388.1,9061.8,8140.38,38.83,23.316,554.21,521.79
31,148,47.31,1402.39,8.4221,642.57,392,1592.49,2388.1,2388.08,9058.01,8137.83,38.89,23.3517,553.96,520.87
31,149,47.36,1407.89,8.3871,642.5,392,1596.95,2388.01,2388.09,9054.99,8138.33,39.07,23.4434,553.84,521.53
31,150,47.41,1402.37,8.4045,642.57,392,1587.82,2388.05,2388.06,9056.79,8139.52,38.98,23.3595,553.58,521.9
31,151,47.35,1405.01,8.4409,642.21,394,1587.25,2388.08,2388.06,9056.44,8136.21,38.76,23.3454,552.81,521.8
31,152,47.46,1407.14,8.4387,642.47,392,1585.13,2388.06,2388.12,9060.49,8135.55,38.91,23.3289,554.2,521.89
31,153,47.31,1404.64,8.4287,642.72,392,1591.58,2388.05,2388.07,9050.4,8137.41,38.89,23.2679,553.7,521.26
31,154,47.37,1408.25,8.4345,642.57,393,1588.47,2388.03,2388.08,9055.23,8141.83,38.76,23.3128,554.33,521.86
31,155,47.59,1405.83,8.435,642.83,393,1593.09,2388.06,2388.07,9055.35,8135.07,38.89,23.3514,553.96,521.7
31,156,47.45,1405.88,8.419,642.78,392,1588.92,2388.09,2388.08,9060.96,8129.07,39.0,23.3315,553.72,521.18
31,157,47.42,1400.72,8.4417,642.15,393,1595.21,2388.12,2388.07,9063.01,8133.55,38.84,23.2909,553.18,521.87
31,158,47.46,1404.73,8.4492,642.46,393,1592.1,2388.06,2388.11,9055.82,8132.74,38.93,23.2213,553.52,521.44
31,159,47.5,1403.24,8.4563,642.33,393,1591.55,2388.11,2388.1,9050.51,8142.78,38.76,23.222,553.57,521.66
31,160,47.54,1401.32,8.451,642.93,393,1591.64,2388.07,2388.04,9057.35,8144.75,38.9,23.3917,554.02,521.46
31,161,47.57,1407.04,8.4306,642.52,393,1591.1,2388.05,2388.07,9068.41,8136.68,38.95,23.1793,552.74,522.14
31,162,47.29,1410.34,8.4432,643.02,392,1594.85,2388.04,2388.15,9055.64,8133.29,39.01,23.3423,553.92,521.79
31,163,47.45,1403.17,8.4195,642.69,393,1585.73,2388.1,2388.14,9060.3,8136.67,38.91,23.3211,553.86,521.57
31,164,47.35,1409.25,8.4308,642.15,393,1586.6,2388.06,2388.04,9045.41,8140.7,38.97,23.3815,553.51,521.59
31,165,47.61,1406.3,8.4037,642.26,393,1581.7,2388.08,2388.1,9057.01,8139.01,38.95,23.3877,553.19,521.41
31,166,47.45,1409.64,8.4267,643.1,394,1588.23,2388.08,2388.07,9046.73,8133.37,38.99,23.3332,553.54,521.86
31,167,47.74,1410.44,8.452,641.62,394,1591.98,2388.11,2388.18,9057.21,8141.96,38.93,23.1925,552.82,521.71
31,168,47.39,1404.56,8.4207,642.15,395,1587.05,2388.05,2388.12,9054.61,8143.78,38.85,23.3879,553.39,521.48
31,169,47.64,1407.48,8.4244,642.55,394,1578.77,2388.11,2388.05,9058.31,8135.95,38.68,23.3424,554.0,521.22
31,170,47.6,1401.14,8.425,642.81,393,1591.95,2388.12,2388.15,9051.56,8137.57,38.96,23.253,552.52,521.49
31,171,47.65,1406.34,8.4268,642.34,394,1589.46,2388.15,2388.08,9054.76,8134.7,38.79,23.3784,553.63,521.35
31,172,47.7,1411.49,8.4785,643.03,393,1582.03,2388.12,2388.11,9060.76,8131.87,38.89,23.2834,553.87,521.34
31,173,47.53,1410.64,8.4333,642.57,392,1590.28,2388.04,2388.09,9058.45,8139.4,38.79,23.338,552.66,521.4
31,174,47.45,1400.46,8.4473,642.54,393,1587.72,2388.08,2388.1,9064.21,8135.97,38.73,23.2243,553.6,520.93
31,175,47.6,1411.52,8.4759,642.68,393,1590.79,2388.09,2388.09,9063.63,8134.7,38.68,23.2591,553.9,521.18
31,176,47.57,1402.83,8.4431,643.76,395,1585.81,2388.12,2388.1,9056.24,8132.89,38.78,23.2197,553.38,521.12
31,177,47.48,1408.47,8.4643,642.44,394,1585.01,2388.12,2388.1,9056.85,8136.43,38.78,23.2824,552.27,521.69
31,178,47.54,1407.84,8.4216,642.83,392,1596.38,2388.08,2388.16,9059.01,8133.52,38.88,23.3443,553.69,520.86
31,179,47.65,1414.18,8.4523,642.31,395,1597.18,2388.12,2388.1,9055.06,8136.11,38.74,23.2259,553.59,520.93
31,180,47.56,1410.57,8.4281,642.44,393,1592.08,2388.09,2388.06,9054.74,8134.8,38.98,23.3185,553.02,521.27
31,181,47.58,1407.05,8.4477,643.11,393,1583.92,2388.16,2388.14,9050.13,8135.4,38.67,23.254,553.17,521.23
31,182,47.6,1403.05,8.449,642.75,395,1590.59,2388.17,2388.11,9063.22,8131.61,38.78,23.3036,552.68,521.63
31,183,47.46,1407.03,8.412,642.78,394,1593.46,2388.1,2388.13,9054.33,8134.98,38.75,23.3858,553.27,521.64
31,184,47.62,1411.46,8.4668,642.77,394,1593.08,2388.11,2388.08,9052.59,8132.26,38.77,23.2027,553.97,520.86
31,185,47.6,1409.93,8.4421,642.93,394,1595.2,2388.12,2388.15,9062.71,8133.37,38.74,23.2711,552.86,520.97
31,186,47.72,1413.03,8.4706,643.24,393,1588.74,2388.12,2388.07,9064.28,8132.65,38.89,23.2308,553.12,521.36
31,187,47.58,1418.82,8.444,642.41,393,1596.81,2388.11,2388.2,9058.06,8128.44,38.83,23.2724,553.56,521.52
31,188,47.7,1411.94,8.4378,643.42,394,1596.19,2388.17,2388.17,9057.4,8130.56,38.75,23.3027,552.54,521.72
31,189,47.56,1411.58,8.4472,643.1,392,1595.59,2388.2,2388.2,9056.37,8127.67,38.75,23.221,553.18,521.34
31,190,47.52,1406.14,8.4656,643.28,394,1595.87,2388.16,2388.15,9055.0,8133.46,38.8,23.1736,552.64,521.24
31,191,47.66,1413.24,8.4497,643.2,393,1590.33,2388.15,2388.17,9051.5,8129.67,38.69,23.3146,552.89,521.05
31,192,47.46,1409.32,8.4582,642.93,393,1591.79,2388.17,2388.12,9057.62,8133.59,38.94,23.3407,553.19,520.64
31,193,47.6,1418.24,8.4467,643.15,393,1588.7,2388.15,2388.11,9057.39,8127.11,38.96,23.2027,552.82,521.03
31,194,47.79,1416.01,8.4709,642.3,394,1588.3,2388.17,2388.16,9059.46,8133.52,38.73,23.3371,552.5,521.01
31,195,47.57,1413.72,8.4697,642.86,394,1597.28,2388.14,2388.15,9057.98,8133.13,38.63,23.2138,553.4,520.64
31,196,47.72,1415.21,8.4483,643.06,394,1589.6,2388.15,2388.11,9048.02,8132.68,38.79,23.2927,552.26,520.34
31,197,47.79,1411.15,8.4487,642.87,395,1592.55,2388.19,2388.2,9047.21,8129.55,38.7,23.2288,552.55,520.81
31,198,47.55,1417.66,8.4781,642.48,395,1590.2,2388.17,2388.18,9053.11,8137.49,38.57,23.1996,552.34,521.04
31,199,47.67,1424.13,8.468,642.54,393,1594.44,2388.18,2388.16,9060.5,8133.52,38.69,23.2373,551.98,521.03
31,200,47.61,1424.56,8.4825,642.99,395,1591.2,2388.16,2388.14,9058.74,8127.5,38.58,23.1759,552.83,520.74
31,201,47.84,1418.49,8.4808,643.39,394,1590.35,2388.17,2388.19,9056.61,8131.66,38.73,23.1204,551.77,520.33
31,202,47.72,1416.46,8.472,642.7,393,1602.78,2388.17,2388.14,9050.38,8129.53,38.66,23.2345,552.67,520.75
31,203,47.94,1418.31,8.4792,643.08,394,1587.54,2388.18,2388.18,9054.14,8131.65,38.59,23.268,552.01,520.53
31,204,47.79,1411.85,8.4292,642.67,394,1597.92,2388.19,2388.17,9049.57,8131.51,38.67,23.1413,552.22,520.79
31,205,47.86,1412.85,8.4899,643.26,393,1592.93,2388.18,2388.25,9054.82,8129.28,38.45,23.2457,552.02,520.66
31,206,47.83,1427.59,8.4771,643.28,394,1595.29,2388.17,2388.25,9053.81,8130.5,38.64,23.139,552.32,520.66
31,207,47.82,1411.14,8.4957,642.6,393,1591.08,2388.22,2388.19,9052.93,8131.82,38.66,23.1918,552.33,519.88
31,208,47.89,1418.33,8.4544,643.27,394,1606.79,2388.19,2388.2,9053.57,8129.32,38.6,23.2397,552.29,520.46
31,209,47.89,1417.6,8.4563,643.1,394,1590.49,2388.21,2388.18,9050.85,8132.4,38.54,23.1642,552.26,520.82
31,210,47.78,1414.18,8.5095,643.14,396,1600.49,2388.23,2388.23,9047.31,8121.07,38.65,23.1762,552.22,520.54
31,211,48.01,1427.97,8.5038,643.26,396,1604.58,2388.22,2388.22,9046.26,8123.03,38.57,23.2898,552.47,520.53
31,212,47.94,1425.24,8.4583,643.35,395,1591.18,2388.19,2388.18,9051.62,8125.9,38.65,23.1623,552.06,519.9
31,213,47.7,1416.53,8.4483,643.19,396,1596.87,2388.19,2388.23,9051.37,8132.45,38.36,23.246,552.23,520.57
31,214,47.91,1420.56,8.4957,643.5,394,1596.65,2388.23,2388.22,9046.68,8126.62,38.59,23.1847,551.97,520.1
31,215,48.08,1420.7,8.4771,642.41,395,1604.84,2388.23,2388.25,9049.47,8128.08,38.65,23.1527,552.66,520.6
31,216,47.93,1415.41,8.4698,642.93,396,1598.21,2388.18,2388.26,9060.59,8127.4,38.62,23.171,552.29,520.43
31,217,48.07,1421.66,8.49,643.28,396,1594.03,2388.17,2388.15,9043.2,8128.93,38.54,23.178,552.04,520.66
31,218,48.21,1423.87,8.4957,643.69,396,1598.21,2388.19,2388.17,9047.17,8122.47,38.63,23.1818,551.89,520.47
31,219,48.15,1423.53,8.4898,643.37,395,1594.68,2388.22,2388.27,9051.27,8126.04,38.63,23.1122,551.57,520.34
31,220,47.93,1429.25,8.4865,643.98,394,1595.32,2388.21,2388.23,9047.58,8128.88,38.7,23.1928,552.19,519.77
31,221,48.16,1423.13,8.5174,643.52,396,1600.61,2388.21,2388.29,9043.86,8129.98,38.42,23.0305,552.43,520.32
31,222,47.92,1420.58,8.4755,643.22,395,1600.63,2388.26,2388.19,9047.4,8130.27,38.59,23.1057,551.78,520.03
31,223,47.96,1422.75,8.5229,642.98,393,1606.34,2388.26,2388.2,9045.3,8122.55,38.42,23.1375,551.1,519.28
31,224,48.03,1432.73,8.5313,643.62,395,1598.21,2388.29,2388.2,9045.11,8126.02,38.44,23.1149,551.43,519.9
31,225,48.0,1423.18,8.4932,643.35,396,1595.95,2388.29,2388.25,9046.08,8119.34,38.63,23.0751,551.37,520.09
31,226,48.11,1426.01,8.5264,643.05,397,1601.52,2388.29,2388.28,9047.34,8118.91,38.5,23.1028,552.04,520.25
31,227,48.13,1424.33,8.5089,643.51,395,1601.75,2388.3,2388.25,9050.69,8127.06,38.51,23.0634,551.33,519.77
31,228,48.22,1426.05,8.5145,642.77,396,1594.36,2388.22,2388.22,9044.63,8126.02,38.59,23.0135,551.45,520.05
31,229,48.26,1429.78,8.5085,644.11,396,1602.35,2388.3,2388.3,9050.49,8125.82,38.45,23.0127,551.66,519.23
31,230,48.0,1428.95,8.4803,643.48,396,1602.57,2388.2,2388.27,9045.1,8123.25,38.52,23.0058,550.93,519.64
31,231,48.1,1428.63,8.5289,643.75,397,1606.56,2388.28,2388.3,9052.33,8124.55,38.4,23.1205,551.45,519.62
31,232,48.08,1429.18,8.5153,644.07,394,1602.77,2388.32,2388.25,9043.3,8128.78,38.48,23.0406,551.15,519.65
31,233,48.04,1424.74,8.5001,643.41,396,1601.56,2388.27,2388.3,9048.94,8118.7,38.29,23.1609,551.29,519.68
31,234,48.32,1425.76,8.4871,643.5,397,1599.79,2388.34,2388.35,9042.46,8116.96,38.46,23.0314,550.86,519.88
32,1,47.68,1405.9,8.4717,643.03,393,1588.85,2388.17,2388.14,9047.84,8124.43,38.79,23.3229,553.38,521.08
32,2,47.61,1402.8,8.4412,642.69,394,1587.64,2388.09,2388.15,9055.53,8131.61,38.79,23.371,553.45,521.68
32,3,47.54,1403.3,8.4176,642.56,394,1590.75,2388.1,2388.12,9054.0,8132.46,38.87,23.3437,552.79,521.37
32,4,47.48,1410.18,8.4113,642.33,393,1587.59,2388.13,2388.18,9044.51,8131.52,38.73,23.278,553.67,521.69
32,5,47.47,1407.27,8.4297,642.71,394,1590.78,2388.15,2388.13,9051.71,8128.1,38.78,23.2464,553.82,521.56
32,6,47.52,1402.86,8.4464,642.55,393,1592.45,2388.09,2388.08,9045.41,8125.23,38.85,23.271,552.87,521.41
32,7,47.69,1407.25,8.4507,642.69,393,1592.23,2388.12,2388.11,9053.34,8125.77,38.56,23.2722,552.91,521.31
32,8,47.66,1409.63,8.4183,642.89,394,1590.62,2388.13,2388.17,9054.27,8132.59,38.95,23.2828,552.9,521.35
32,9,47.5,1410.39,8.4557,642.9,394,1586.53,2388.12,2388.16,9044.04,8124.42,38.61,23.3429,553.12,521.49
32,10,47.78,1409.03,8.4563,642.65,394,1593.89,2388.11,2388.1,9056.44,8126.57,38.82,23.3468,553.6,521.21
32,11,47.74,1405.68,8.4175,643.04,395,1589.22,2388.1,2388.14,9051.52,8128.24,38.89,23.3806,553.43,521.12
32,12,47.45,1402.48,8.4628,642.71,393,1589.75,2388.14,2388.1,9051.09,8132.71,38.86,23.3214,553.3,520.95
32,13,47.44,1411.06,8.4234,643.17,392,1591.85,2388.13,2388.14,9049.86,8126.33,38.71,23.2398,553.13,521.1
32,14,47.35,1409.66,8.4608,642.71,394,1589.21,2388.08,2388.13,9046.65,8132.63,38.56,23.3053,552.75,521.57
32,15,47.52,1415.05,8.404,643.19,394,1586.95,2388.16,2388.14,9052.67,8133.39,38.73,23.2958,553.31,521.49
32,16,47.46,1405.61,8.4164,642.61,394,1585.11,2388.12,2388.08,9053.07,8131.89,38.93,23.3462,553.12,520.99
32,17,47.63,1410.7,8.4677,642.94,394,1590.4,2388.17,2388.11,9050.29,8130.51,38.77,23.2141,554.19,521.44
32,18,47.52,1410.28,8.4542,643.08,394,1587.97,2388.13,2388.1,9046.81,8132.17,38.85,23.4037,553.15,521.54
32,19,47.41,1406.56,8.4351,642.28,392,1588.93,2388.17,2388.09,9046.79,8130.35,38.78,23.1949,553.85,521.77
32,20,47.47,1420.61,8.4827,642.73,393,1587.11,2388.07,2388.17,9050.54,8135.19,38.92,23.2388,553.76,521.29
32,21,47.38,1415.42,8.3979,643.35,395,1597.23,2388.14,2388.12,9052.71,8127.97,38.69,23.3501,552.75,521.51
32,22,47.53,1404.95,8.4311,642.31,392,1591.53,2388.14,2388.06,9047.24,8127.56,38.76,23.4096,553.27,520.96
32,23,47.42,1401.24,8.4518,642.7,393,1594.49,2388.17,2388.12,9054.37,8130.42,38.8,23.2279,552.99,521.61
32,24,47.43,1406.22,8.4314,642.5,394,1590.83,2388.16,2388.11,9053.69,8133.12,38.87,23.33,552.91,521.53
32,25,47.5,1414.77,8.4596,642.9,394,1588.45,2388.08,2388.1,9052.01,8134.85,38.87,23.3002,553.52,521.37
32,26,47.48,1410.55,8.4576,642.39,392,1601.88,2388.06,2388.13,9051.55,8130.17,38.84,23.1325,552.61,521.53
32,27,47.54,1411.97,8.4504,643.35,393,1594.34,2388.14,2388.09,9050.91,8124.48,38.76,23.1795,553.71,520.92
32,28,47.54,1406.5,8.4369,642.72,392,1589.22,2388.1,2388.13,9051.1,8126.7,38.82,23.2714,552.14,521.72
32,29,47.57,1410.51,8.4308,642.58,393,1589.57,2388.11,2388.15,9049.8,8130.62,38.76,23.2873,553.41,521.21
32,30,47.63,1406.51,8.4342,642.81,393,1579.68,2388.12,2388.12,9053.92,8126.31,38.76,23.2309,553.2,520.76
32,31,47.45,1407.18,8.4689,643.15,393,1588.28,2388.15,2388.08,9048.26,8124.44,38.88,23.2711,553.05,521.56
32,32,47.39,1413.24,8.4956,642.96,394,1589.91,2388.13,2388.14,9050.34,8128.42,38.76,23.3232,553.52,521.26
32,33,47.43,1407.25,8.4495,643.33,391,1587.75,2388.12,2388.1,9056.46,8129.92,38.94,23.32,553.56,521.45
32,34,47.52,1406.59,8.4566,642.78,394,1593.39,2388.1,2388.11,9048.07,8127.84,38.71,23.2476,553.28,521.13
32,35,47.56,1412.89,8.4384,642.6,392,1593.3,2388.16,2388.11,9049.95,8134.09,38.81,23.2459,553.34,521.56
32,36,47.63,1402.41,8.4476,642.54,393,1575.9,2388.14,2388.2,9042.24,8130.72,38.78,23.2506,553.16,521.59
32,37,47.64,1403.09,8.4312,643.01,393,1593.56,2388.15,2388.13,9051.42,8125.57,38.83,23.29,553.17,520.88
32,38,47.63,1408.53,8.4144,642.77,395,1589.74,2388.13,2388.15,9050.46,8127.17,38.82,23.2964,553.79,520.85
32,39,47.56,1402.41,8.4624,642.89,391,1588.25,2388.15,2388.11,9042.74,8124.09,38.69,23.2767,552.66,521.49
32,40,47.55,1408.56,8.4275,642.72,392,1592.19,2388.08,2388.12,9051.46,8122.4,38.81,23.2703,553.1,520.98
32,41,47.53,1410.51,8.4626,642.74,394,1593.16,2388.09,2388.08,9056.94,8133.92,38.88,23.3179,553.94,521.29
32,42,47.63,1415.57,8.4389,642.43,393,1591.59,2388.14,2388.1,9055.64,8126.23,38.72,23.2562,553.47,521.16
32,43,47.59,1409.94,8.4499,642.47,393,1592.81,2388.1,2388.09,9053.41,8133.25,38.89,23.1593,552.88,521.64
32,44,47.55,1413.23,8.4456,642.8,393,1598.75,2388.09,2388.11,9044.25,8128.76,38.67,23.1554,553.84,521.36
32,45,47.5,1411.16,8.4114,642.74,393,1585.27,2388.09,2388.18,9047.59,8125.71,38.74,23.3292,552.47,521.63
32,46,47.54,1409.85,8.451,642.51,394,1594.3,2388.12,2388.13,9054.96,8135.32,39.0,23.2587,553.24,521.63
32,47,47.49,1415.16,8.4459,642.58,393,1592.59,2388.11,2388.1,9046.88,8126.78,38.69,23.2743,554.07,521.06
32,48,47.53,1403.72,8.4227,642.53,393,1589.15,2388.17,2388.14,9045.21,8133.26,38.87,23.3041,553.03,521.61
32,49,47.64,1415.19,8.457,643.11,395,1593.59,2388.1,2388.15,9053.1,8131.0,38.82,23.2753,552.9,521.2
32,50,47.54,1404.57,8.4564,642.26,392,1586.73,2388.16,2388.07,9054.34,8130.29,38.7,23.2423,553.5,520.88
32,51,47.55,1409.4,8.4368,642.8,394,1586.46,2388.14,2388.1,9044.22,8126.01,38.91,23.3317,553.33,521.42
32,52,47.64,1414.78,8.4272,642.82,394,1590.38,2388.11,2388.11,9047.78,8132.27,38.72,23.1388,553.19,521.29
32,53,47.52,1412.12,8.4523,643.45,391,1594.02,2388.12,2388.1,9046.1,8126.76,38.79,23.2594,553.03,520.95
32,54,47.49,1403.18,8.4292,642.64,393,1589.84,2388.12,2388.14,9054.42,8127.45,38.7,23.2727,553.31,521.39
32,55,47.52,1410.09,8.4311,642.76,395,1587.72,2388.12,2388.08,9042.23,8131.48,38.9,23.225,552.71,521.49
32,56,47.7,1409.04,8.4417,642.87,393,1588.6,2388.15,2388.14,9045.94,8125.52,38.65,23.3999,552.8,521.32
32,57,47.56,1412.03,8.4337,643.04,393,1589.88,2388.06,2388.15,9048.33,8133.31,38.77,23.2263,553.23,521.83
32,58,47.59,1410.4,8.4474,642.61,394,1591.13,2388.18,2388.16,9054.43,8128.92,38.77,23.3147,552.83,521.35
32,59,47.64,1412.37,8.4677,643.0,393,1597.01,2388.13,2388.14,9054.4,8133.15,38.99,23.3316,552.59,521.56
32,60,47.59,1414.73,8.4383,642.6,394,1589.23,2388.13,2388.09,9048.53,8132.84,38.74,23.2456,553.44,521.7
32,61,47.4,1408.85,8.4411,643.21,395,1589.99,2388.12,2388.07,9049.0,8128.99,38.94,23.3041,552.75,521.52
32,62,47.64,1411.96,8.4781,642.1,393,1595.47,2388.13,2388.12,9049.87,8131.03,38.81,23.235,552.93,521.55
32,63,47.8,1411.01,8.4308,642.6,392,1593.07,2388.11,2388.13,9046.0,8138.15,38.71,23.2673,553.33,521.43
32,64,47.7,1418.64,8.4191,642.77,393,1595.23,2388.13,2388.14,9050.02,8132.91,38.96,23.3069,552.92,521.27
32,65,47.74,1406.15,8.4316,643.14,394,1582.14,2388.13,2388.1,9048.09,8126.62,38.66,23.2625,552.74,521.44
32,66,47.56,1418.87,8.44,643.21,394,1587.99,2388.12,2388.15,9052.91,8122.23,38.8,23.2342,553.24,520.66
32,67,47.68,1405.46,8.4212,643.04,393,1596.69,2388.13,2388.12,9051.98,8125.43,38.78,23.2917,553.13,521.19
32,68,47.65,1411.26,8.4208,642.89,395,1588.24,2388.18,2388.07,9055.54,8128.45,38.83,23.241,553.23,521.23
32,69,47.51,1413.12,8.4105,642.72,391,1592.38,2388.12,2388.12,9053.26,8129.42,38.85,23.2847,552.98,521.42
32,70,47.37,1413.65,8.4617,642.77,392,1588.93,2388.13,2388.12,9048.0,8130.88,38.92,23.3295,553.3,521.3
32,71,47.51,1398.95,8.4839,642.43,394,1594.53,2388.08,2388.13,9051.57,8128.61,38.84,23.2256,553.0,521.28
32,72,47.61,1410.64,8.3846,642.66,393,1594.84,2388.18,2388.18,9056.19,8133.29,38.96,23.2413,552.79,520.98
32,73,47.69,1411.32,8.4574,643.19,394,1591.24,2388.14,2388.15,9048.95,8122.7,38.84,23.3037,553.2,521.41
32,74,47.48,1410.89,8.4113,642.78,393,1588.94,2388.15,2388.16,9053.1,8133.62,38.87,23.4242,553.04,521.01
32,75,47.58,1413.27,8.4208,643.06,394,1590.6,2388.1,2388.13,9060.41,8140.0,38.64,23.3621,553.61,521.48
32,76,47.6,1404.54,8.464,642.16,393,1588.98,2388.12,2388.12,9050.2,8132.14,38.59,23.2645,553.23,521.4
32,77,47.47,1409.46,8.4573,642.54,394,1587.99,2388.15,2388.13,9052.22,8128.29,38.88,23.2737,552.86,521.15
32,78,47.59,1410.07,8.4425,642.45,392,1589.82,2388.15,2388.13,9057.82,8135.88,38.84,23.1274,553.2,520.92
32,79,47.76,1408.33,8.4205,642.71,395,1589.85,2388.12,2388.14,9046.95,8128.83,38.74,23.2151,553.04,521.63
32,80,47.65,1409.33,8.443,642.98,395,1585.46,2388.1,2388.14,9050.61,8136.15,38.95,23.2346,552.94,521.02
32,81,47.5,1414.03,8.445,642.71,395,1591.06,2388.1,2388.15,9055.58,8129.42,38.7,23.347,553.23,521.34
32,82,47.65,1411.68,8.4611,643.12,393,1588.05,2388.11,2388.08,9051.48,8133.77,38.62,23.3497,553.54,521.32
32,83,47.66,1405.67,8.4448,643.27,393,1592.54,2388.09,2388.14,9055.78,8131.22,38.84,23.1973,553.03,521.61
32,84,47.52,1413.53,8.4174,642.67,393,1587.24,2388.1,2388.2,9055.4,8131.71,38.92,23.2686,552.96,521.01
32,85,47.55,1411.63,8.4489,642.85,393,1598.13,2388.12,2388.14,9054.54,8135.36,38.7,23.3047,552.28,521.2
32,86,47.73,1408.53,8.4214,643.06,394,1585.69,2388.15,2388.15,9054.91,8133.36,38.64,23.2206,553.16,521.57
32,87,47.57,1410.62,8.4559,642.61,395,1595.36,2388.11,2388.15,9054.11,8129.41,38.72,23.199,553.02,521.22
32,88,47.87,1411.92,8.4459,642.78,394,1596.3,2388.12,2388.14,9057.01,8137.99,38.73,23.3565,552.63,521.18
32,89,47.73,1407.34,8.4104,642.89,393,1594.13,2388.18,2388.13,9049.28,8129.06,38.79,23.2882,553.31,520.81
32,90,47.48,1414.69,8.4427,642.09,392,1586.01,2388.11,2388.13,9051.9,8134.85,38.84,23.3455,553.29,521.34
32,91,47.57,1413.26,8.4706,642.77,392,1596.24,2388.1,2388.15,9056.45,8137.23,38.73,23.1774,552.51,520.95
32,92,47.52,1406.65,8.4738,643.38,393,1589.51,2388.1,2388.2,9049.65,8132.91,38.8,23.2609,553.21,521.42
32,93,47.44,1414.92,8.4672,643.39,392,1594.65,2388.13,2388.09,9066.16,8130.01,38.85,23.1859,552.73,521.25
32,94,47.53,1408.45,8.4531,642.77,393,1591.56,2388.15,2388.13,9054.53,8130.63,38.7,23.1766,553.04,520.82
32,95,47.74,1414.69,8.4458,643.06,394,1592.18,2388.18,2388.13,9055.52,8133.89,38.86,23.2536,552.93,521.17
32,96,47.8,1411.76,8.466,643.07,392,1588.99,2388.15,2388.13,9056.87,8138.63,38.67,23.224,553.27,520.88
32,97,47.78,1408.98,8.4606,642.76,393,1588.96,2388.14,2388.14,9058.25,8140.24,38.75,23.2715,552.91,521.33
32,98,47.74,1408.77,8.445,643.2,395,1587.12,2388.15,2388.17,9049.99,8133.31,38.63,23.2593,552.72,521.35
32,99,47.62,1404.11,8.4415,643.41,393,1590.54,2388.09,2388.11,9057.3,8131.97,38.59,23.2357,553.21,521.05
32,100,47.75,1411.12,8.4579,643.2,394,1591.71,2388.15,2388.14,9048.98,8132.82,38.73,23.2031,553.11,521.5
32,101,47.64,1415.0,8.4534,642.6,394,1592.93,2388.16,2388.1,9053.15,8127.44,38.65,23.3606,553.52,521.05
32,102,47.72,1409.09,8.4393,642.59,394,1588.15,2388.19,2388.15,9056.77,8134.47,38.73,23.3052,553.41,520.87
32,103,47.68,1417.72,8.4561,643.06,394,1595.24,2388.19,2388.11,9058.18,8137.59,38.78,23.2069,552.38,521.43
32,104,47.74,1420.69,8.4495,642.54,393,1597.88,2388.1,2388.17,9062.48,8131.78,38.84,23.2273,552.66,521.03
32,105,47.86,1418.82,8.4513,643.2,394,1591.51,2388.13,2388.16,9063.99,8131.02,38.63,23.1943,552.92,521.25
32,106,47.6,1409.14,8.4463,642.45,393,1595.15,2388.15,2388.17,9058.27,8136.75,38.66,23.2868,552.96,520.92
32,107,47.59,1416.19,8.4763,642.59,394,1597.75,2388.11,2388.16,9054.66,8138.93,38.76,23.2579,552.6,520.96
32,108,47.67,1415.2,8.4691,642.61,394,1581.78,2388.13,2388.14,9055.85,8134.6,38.9,23.3524,553.01,520.97
32,109,47.72,1417.17,8.4089,642.18,392,1591.58,2388.12,2388.13,9056.65,8133.76,38.75,23.2752,553.37,520.98
32,110,47.68,1412.99,8.4465,642.87,393,1589.98,2388.2,2388.18,9059.33,8136.61,38.6,23.1122,552.98,520.95
32,111,47.54,1417.72,8.4797,642.41,394,1585.26,2388.15,2388.14,9052.97,8133.06,38.71,23.2641,552.05,521.35
32,112,47.51,1415.1,8.4346,642.68,393,1593.49,2388.18,2388.14,9053.99,8135.23,38.78,23.2421,553.09,521.04
32,113,47.72,1415.13,8.4656,643.03,394,1591.9,2388.12,2388.17,9051.58,8133.59,38.74,23.2313,553.0,520.95
32,114,47.62,1413.51,8.4453,643.17,394,1587.25,2388.13,2388.1,9052.93,8140.75,38.83,23.2744,552.65,521.0
32,115,47.8,1416.45,8.4947,643.07,393,1593.26,2388.13,2388.15,9054.77,8132.33,38.63,23.2113,552.99,521.2
32,116,47.87,1409.36,8.4373,643.57,393,1597.09,2388.15,2388.15,9055.93,8133.01,38.75,23.2187,553.1,521.03
32,117,47.71,1415.21,8.4616,642.52,394,1593.45,2388.16,2388.2,9064.43,8131.79,38.86,23.2261,553.36,521.1
32,118,48.01,1414.8,8.4897,643.11,393,1593.08,2388.17,2388.09,9059.45,8133.93,38.7,23.286,552.27,521.28
32,119,47.62,1416.1,8.4807,643.01,395,1590.87,2388.14,2388.15,9057.53,8137.83,38.72,23.2872,553.11,521.09
32,120,47.74,1413.64,8.4746,642.9,394,1591.17,2388.1,2388.19,9051.45,8133.72,38.68,23.1447,552.94,520.8
32,121,47.58,1412.62,8.4977,643.19,393,1604.11,2388.1,2388.12,9051.02,8135.07,38.76,23.1846,553.48,520.99
32,122,47.65,1413.93,8.4707,642.96,393,1597.2,2388.18,2388.17,9063.4,8135.15,38.72,23.2185,553.12,520.74
32,123,47.71,1412.98,8.4612,643.13,396,1591.25,2388.15,2388.19,9055.48,8136.61,38.71,23.1669,552.31,520.75
32,124,47.74,1409.69,8.4699,642.76,395,1592.06,2388.13,2388.17,9059.31,8137.47,38.75,23.2803,552.82,520.82
32,125,47.55,1412.92,8.4861,642.95,394,1595.26,2388.15,2388.14,9057.4,8134.59,38.59,23.1752,553.08,521.1
32,126,47.73,1410.98,8.4747,642.95,395,1594.87,2388.12,2388.11,9059.93,8138.59,38.84,23.2334,552.83,521.43
32,127,47.51,1407.04,8.448,642.86,393,1595.9,2388.17,2388.18,9064.88,8133.59,38.7,23.2255,553.45,520.63
32,128,47.67,1415.11,8.4648,642.52,393,1595.03,2388.16,2388.14,9058.03,8135.59,38.45,23.174,552.92,520.78
32,129,47.81,1413.96,8.4635,643.15,393,1594.26,2388.15,2388.12,9060.17,8133.86,38.52,23.2761,552.83,520.73
32,130,47.7,1411.91,8.4462,643.03,393,1590.84,2388.12,2388.15,9064.48,8138.6,38.84,23.1326,553.47,520.69
32,131,47.81,1420.57,8.5212,642.9,394,1591.69,2388.13,2388.07,9056.59,8137.25,38.64,23.2128,552.97,520.71
32,132,47.74,1415.96,8.4794,642.97,394,1590.33,2388.15,2388.18,9067.61,8137.2,38.64,23.2253,552.52,520.84
32,133,47.8,1420.18,8.4672,643.21,393,1592.67,2388.13,2388.15,9067.11,8137.22,38.47,23.3179,552.94,521.11
32,134,47.87,1424.93,8.4176,643.22,396,1593.66,2388.16,2388.15,9062.55,8141.62,38.76,23.3021,552.55,520.83
32,135,48.02,1414.46,8.4974,643.55,393,1593.32,2388.12,2388.17,9064.05,8138.82,38.7,23.1736,553.41,520.93
32,136,47.69,1421.56,8.4619,642.66,396,1594.92,2388.19,2388.17,9064.02,8139.59,38.72,23.0896,552.04,520.73
32,137,47.7,1417.69,8.4465,642.75,395,1593.97,2388.13,2388.17,9068.08,8134.65,38.73,23.2006,552.83,520.6
32,138,47.79,1413.38,8.4779,642.51,396,1596.73,2388.18,2388.14,9060.04,8135.84,38.52,23.1638,552.44,521.23
32,139,47.83,1419.87,8.4708,642.89,394,1595.07,2388.18,2388.17,9062.33,8142.07,38.63,23.137,552.7,521.24
32,140,47.82,1420.68,8.4586,642.62,394,1595.38,2388.16,2388.2,9063.17,8140.08,38.62,23.1936,552.51,521.03
32,141,47.83,1424.15,8.4927,643.24,393,1587.72,2388.18,2388.15,9063.91,8134.66,38.72,23.1835,552.87,520.78
32,142,47.57,1419.27,8.5028,643.44,395,1598.61,2388.2,2388.23,9069.36,8146.8,38.66,23.2004,551.78,520.99
32,143,47.98,1412.56,8.4774,643.62,396,1595.09,2388.16,2388.12,9063.27,8148.47,38.71,23.2323,552.46,520.79
32,144,47.85,1412.12,8.4474,642.82,395,1597.47,2388.13,2388.2,9064.58,8136.23,38.59,23.2716,552.59,521.03
32,145,47.86,1425.74,8.4731,643.13,395,1598.2,2388.14,2388.17,9067.22,8139.74,38.55,23.1409,552.09,521.04
32,146,47.85,1413.99,8.4833,643.28,395,1586.29,2388.11,2388.16,9059.93,8140.26,38.69,23.2742,551.89,520.67
32,147,47.86,1412.88,8.4825,643.13,394,1597.63,2388.19,2388.19,9065.31,8139.57,38.69,23.278,553.07,521.15
32,148,47.72,1415.64,8.4777,643.06,395,1592.59,2388.16,2388.17,9069.13,8144.06,38.61,23.2173,552.44,520.62
32,149,47.61,1415.65,8.4888,643.07,395,1599.17,2388.16,2388.12,9069.92,8141.68,38.58,23.2535,552.34,520.32
32,150,47.88,1414.27,8.4758,643.12,393,1591.1,2388.16,2388.2,9063.65,8138.53,38.61,23.2106,552.33,520.67
32,151,47.93,1416.67,8.4651,642.64,395,1594.11,2388.13,2388.19,9066.89,8144.03,38.53,23.1815,552.52,520.39
32,152,47.78,1418.22,8.4842,643.5,395,1595.9,2388.22,2388.15,9070.08,8141.92,38.65,23.1338,552.91,520.79
32,153,47.76,1414.1,8.4905,643.43,395,1595.09,2388.17,2388.21,9074.86,8140.38,38.42,23.0981,552.59,520.23
32,154,47.88,1419.79,8.4771,643.02,395,1599.29,2388.19,2388.14,9061.37,8137.89,38.67,23.1298,551.88,520.1
32,155,47.71,1423.71,8.4572,642.94,395,1590.69,2388.16,2388.18,9063.34,8139.65,38.48,23.2381,552.35,520.38
32,156,47.9,1417.16,8.4965,643.06,395,1600.69,2388.14,2388.11,9064.17,8145.43,38.65,23.1552,552.29,520.74
32,157,47.82,1423.07,8.468,643.08,393,1593.49,2388.16,2388.17,9066.76,8142.08,38.64,23.2297,552.54,520.4
32,158,47.93,1423.25,8.5064,642.97,396,1604.48,2388.21,2388.18,9067.46,8142.12,38.56,23.1026,552.39,520.52
32,159,47.94,1424.0,8.4864,643.25,396,1603.5,2388.15,2388.17,9073.62,8142.11,38.46,23.1657,551.69,519.69
32,160,47.86,1414.76,8.4829,642.97,395,1592.5,2388.19,2388.17,9077.78,8146.88,38.47,23.0734,552.53,520.24
32,161,48.12,1427.52,8.4795,643.23,397,1585.11,2388.2,2388.18,9074.32,8150.09,38.61,23.1756,551.84,520.11
32,162,47.94,1416.42,8.4925,643.17,394,1598.09,2388.17,2388.21,9069.1,8149.07,38.47,23.248,552.1,521.11
32,163,47.88,1425.06,8.4907,643.59,396,1595.62,2388.24,2388.21,9070.79,8138.44,38.77,23.0088,552.57,520.14
32,164,47.99,1416.92,8.5228,643.25,395,1600.47,2388.23,2388.17,9079.07,8144.57,38.71,23.2542,552.09,520.61
32,165,48.05,1420.93,8.5018,643.37,395,1601.42,2388.16,2388.21,9068.0,8147.39,38.61,23.0816,551.9,520.64
32,166,47.95,1426.65,8.5067,643.07,395,1599.14,2388.19,2388.24,9076.82,8152.16,38.67,23.066,551.75,519.98
32,167,47.95,1424.4,8.4941,643.63,396,1600.23,2388.22,2388.19,9073.91,8147.12,38.49,23.11,551.43,520.09
32,168,48.1,1420.09,8.4841,643.79,395,1598.7,2388.23,2388.19,9071.83,8147.31,38.69,23.0624,552.22,520.21
32,169,47.76,1423.19,8.5271,643.71,395,1602.69,2388.19,2388.19,9068.05,8149.31,38.57,23.1569,551.15,520.13
32,170,48.11,1416.23,8.4951,643.54,395,1596.95,2388.15,2388.21,9076.58,8150.55,38.57,23.1431,552.38,520.81
32,171,48.02,1422.27,8.4753,643.29,396,1595.19,2388.18,2388.19,9074.73,8144.99,38.54,23.2284,551.8,520.21
32,172,48.05,1424.99,8.5169,643.24,395,1599.06,2388.18,2388.2,9076.53,8150.06,38.44,23.0351,552.09,519.91
32,173,48.17,1423.61,8.4917,643.73,396,1602.88,2388.22,2388.21,9082.25,8149.42,38.46,23.0737,551.12,520.13
32,174,47.99,1418.3,8.5494,643.38,395,1599.59,2388.25,2388.22,9078.77,8150.37,38.64,23.1118,551.35,519.9
32,175,48.04,1417.94,8.4674,643.54,396,1597.73,2388.24,2388.17,9081.04,8151.34,38.54,23.1733,551.31,520.43
32,176,47.93,1427.29,8.4987,643.56,395,1595.79,2388.18,2388.2,9078.08,8151.65,38.59,23.156,551.37,520.0
32,177,48.15,1428.69,8.4842,643.4,397,1597.47,2388.23,2388.19,9084.62,8150.67,38.49,22.9933,552.22,519.85
32,178,48.14,1430.73,8.52,643.34,397,1597.84,2388.2,2388.26,9083.82,8150.02,38.51,23.0393,552.15,519.83
32,179,48.09,1422.95,8.49,643.71,396,1604.82,2388.2,2388.28,9081.84,8150.75,38.43,23.0918,550.76,520.05
32,180,48.1,1423.33,8.5034,643.11,397,1604.94,2388.17,2388.18,9079.93,8153.95,38.61,23.1649,551.72,520.41
32,181,48.0,1427.33,8.5359,643.82,398,1605.61,2388.21,2388.16,9076.89,8150.6,38.46,23.0849,551.75,519.93
32,182,47.9,1421.69,8.488,643.35,395,1600.74,2388.18,2388.17,9086.81,8154.16,38.54,23.0462,551.3,519.93
32,183,48.23,1427.48,8.5098,643.33,395,1599.92,2388.18,2388.24,9081.34,8154.37,38.62,23.1186,552.27,520.09
32,184,48.3,1429.07,8.474,643.77,395,1592.4,2388.21,2388.23,9089.39,8156.38,38.47,23.2104,551.39,520.37
32,185,48.07,1428.19,8.4894,643.63,396,1604.23,2388.22,2388.24,9090.48,8155.41,38.48,23.0683,551.34,520.46
32,186,48.18,1427.36,8.5223,643.04,397,1600.38,2388.27,2388.21,9092.4,8152.81,38.39,23.0851,551.28,520.02
32,187,48.02,1431.95,8.5203,643.66,395,1597.73,2388.21,2388.21,9088.75,8153.27,38.52,23.0518,551.39,520.29
32,188,48.1,1433.31,8.5276,643.18,396,1603.72,2388.22,2388.21,9085.92,8156.89,38.58,23.0711,551.27,519.72
32,189,48.23,1429.42,8.5147,643.49,397,1602.65,2388.17,2388.2,9087.26,8154.47,38.47,23.1576,551.72,520.03
32,190,48.14,1430.3,8.549,643.88,397,1608.09,2388.27,2388.21,9095.02,8158.32,38.48,23.0643,551.6,519.72
32,191,48.53,1435.15,8.5372,643.35,396,1605.39,2388.18,2388.21,9089.9,8156.17,38.3,23.1225,551.45,519.65
34,1,47.33,1407.9,8.4248,642.44,392,1586.84,2388.07,2388.07,9058.32,8143.4,38.76,23.242,553.56,521.54
34,2,47.14,1404.51,8.3995,642.16,394,1585.43,2388.12,2387.99,9063.24,8143.09,38.8,23.2772,553.62,521.2
34,3,47.36,1403.07,8.4287,642.87,392,1587.98,2388.07,2388.08,9059.4,8138.5,39.06,23.2365,554.76,521.65
34,4,47.56,1400.73,8.4225,642.22,394,1591.59,2388.14,2388.08,9054.09,8139.79,38.93,23.3723,553.86,521.94
34,5,47.58,1404.55,8.409,641.69,392,1590.08,2388.07,2388.12,9049.74,8138.64,38.78,23.2569,554.34,521.99
34,6,47.37,1409.35,8.4086,642.1,394,1591.54,2388.03,2388.06,9057.65,8140.77,38.92,23.3895,554.03,521.91
34,7,47.29,1403.87,8.4453,642.83,393,1587.08,2388.08,2388.01,9060.15,8138.34,38.85,23.4315,553.57,521.68
34,8,47.32,1401.76,8.4285,642.41,390,1579.1,2388.12,2388.07,9053.28,8134.38,38.9,23.3029,553.76,521.63
34,9,47.55,1405.36,8.4172,642.63,392,1589.51,2388.1,2388.04,9062.06,8140.72,38.93,23.4358,553.66,521.82
34,10,47.3,1401.62,8.4137,642.77,393,1589.45,2388.06,2388.03,9057.7,8134.58,38.93,23.3387,554.33,521.15
34,11,47.62,1408.71,8.4251,642.81,393,1594.28,2388.08,2388.08,9056.48,8132.44,38.72,23.2583,553.93,521.55
34,12,47.58,1405.5,8.4601,642.96,391,1580.19,2388.05,2388.11,9063.23,8134.78,38.77,23.2702,554.06,521.37
34,13,47.23,1406.61,8.4304,641.8,394,1589.15,2388.07,2388.04,9066.11,8140.99,38.88,23.3323,554.03,521.28
34,14,47.56,1407.89,8.443,642.14,394,1589.91,2388.09,2388.1,9062.29,8139.32,38.8,23.2588,553.93,522.32
34,15,47.24,1410.94,8.4345,642.55,394,1593.95,2388.03,2388.12,9059.18,8138.5,38.9,23.302,554.52,521.84
34,16,47.34,1393.39,8.4385,642.41,393,1582.81,2388.09,2388.06,9061.95,8138.61,38.83,23.349,553.28,521.66
34,17,47.4,1411.03,8.43,642.34,391,1582.9,2388.09,2388.09,9059.53,8141.71,38.85,23.4101,552.75,521.96
34,18,47.25,1406.15,8.4408,642.16,393,1590.36,2388.05,2388.06,9051.31,8133.08,38.71,23.2618,553.35,522.21
34,19,47.48,1407.36,8.4302,642.81,392,1582.26,2388.07,2388.07,9062.65,8144.16,38.86,23.304,554.11,521.71
34,20,47.3,1411.01,8.4538,642.8,391,1593.16,2388.05,2388.1,9054.32,8137.77,38.87,23.2972,553.86,522.18
34,21,47.36,1411.06,8.4209,642.61,393,1595.56,2388.08,2388.07,9050.34,8138.26,38.84,23.3097,553.89,521.49
34,22,47.31,1400.88,8.453,642.55,392,1597.6,2388.04,2388.07,9062.39,8135.66,38.88,23.2835,553.72,521.44
34,23,47.38,1399.94,8.4402,642.62,391,1581.63,2388.06,2388.09,9056.45,8140.03,38.9,23.394,553.26,522.0
34,24,47.54,1407.67,8.4283,642.81,392,1587.33,2388.06,2388.1,9062.28,8141.39,38.91,23.3411,553.41,521.17
34,25,47.36,1409.69,8.401,642.05,392,1595.39,2388.16,2388.06,9049.94,8135.63,38.82,23.1221,553.11,521.91
34,26,47.37,1399.66,8.427,642.77,393,1589.52,2388.07,2388.15,9062.43,8139.21,38.74,23.3325,554.17,521.89
34,27,47.66,1409.37,8.4129,642.68,394,1590.23,2388.08,2388.02,9058.08,8138.23,38.98,23.358,554.33,521.7
34,28,47.37,1405.91,8.4308,642.63,392,1592.38,2388.08,2388.07,9060.69,8139.31,38.86,23.4111,553.7,522.0
34,29,47.52,1405.95,8.4775,642.19,393,1587.72,2388.05,2388.04,9051.73,8135.5,38.89,23.3982,554.04,521.75
34,30,47.3,1413.57,8.4225,642.39,394,1592.08,2388.07,2388.02,9064.83,8137.81,38.9,23.3223,554.3,521.87
34,31,47.58,1406.34,8.4347,642.08,392,1587.7,2388.11,2388.1,9052.28,8142.86,38.86,23.4244,553.52,521.41
34,32,47.57,1412.95,8.4352,642.58,392,1588.79,2388.02,2388.06,9064.11,8138.13,38.95,23.1939,553.53,521.57
34,33,47.33,1400.52,8.4115,642.22,393,1586.02,2388.08,2388.08,9055.78,8142.24,38.79,23.2488,554.39,521.65
34,34,47.37,1405.64,8.4318,642.45,394,1582.58,2388.07,2388.07,9056.63,8137.42,38.8,23.3369,553.91,521.54
34,35,47.44,1404.57,8.4296,642.25,393,1593.06,2388.1,2388.04,9053.5,8136.89,38.81,23.4492,552.96,521.29
34,36,47.38,1399.0,8.4243,643.33,392,1584.04,2388.1,2388.04,9061.85,8144.02,39.11,23.3295,555.21,521.95
34,37,47.37,1407.98,8.4321,642.78,393,1588.01,2388.07,2388.13,9052.47,8138.29,38.96,23.2246,553.3,521.76
34,38,47.71,1404.47,8.4139,642.81,392,1592.44,2388.05,2388.09,9062.28,8145.18,38.82,23.2971,553.97,521.79
34,39,47.39,1404.37,8.4177,642.52,392,1585.67,2388.02,2388.04,9060.39,8137.56,38.82,23.3361,553.18,521.56
34,40,47.39,1400.41,8.4386,642.72,393,1588.38,2388.05,2388.07,9062.51,8147.63,38.88,23.3154,553.76,521.49
34,41,47.34,1400.25,8.4212,641.78,392,1588.06,2388.02,2388.08,9055.12,8139.01,39.09,23.2734,553.73,521.72
34,42,47.43,1407.12,8.4427,641.57,393,1587.67,2388.07,2388.07,9061.17,8140.84,38.93,23.2725,553.83,521.86
34,43,47.41,1407.26,8.4069,642.4,393,1593.49,2388.1,2388.07,9058.17,8139.37,38.96,23.3085,553.64,521.74
34,44,47.43,1402.52,8.4423,642.74,393,1579.87,2388.08,2388.06,9059.87,8137.86,39.07,23.3093,554.25,521.58
34,45,47.52,1407.75,8.4222,642.9,393,1579.53,2388.1,2388.03,9060.95,8136.11,38.93,23.2076,554.15,521.8
34,46,47.42,1413.07,8.4391,642.85,392,1581.07,2388.1,2388.13,9057.01,8142.22,38.85,23.2845,553.68,521.83
34,47,47.34,1406.22,8.4457,642.39,392,1590.54,2388.03,2388.06,9066.25,8141.14,38.96,23.38,553.94,521.62
34,48,47.6,1398.02,8.388,642.19,392,1585.97,2388.1,2388.09,9063.22,8141.99,38.87,23.2446,554.22,521.3
34,49,47.43,1407.11,8.4501,642.19,392,1592.61,2388.1,2388.04,9051.07,8138.07,38.89,23.4083,553.72,521.13
34,50,47.5,1409.96,8.4074,643.1,393,1586.32,2388.08,2388.12,9062.25,8136.43,38.87,23.315,553.57,521.5
34,51,47.52,1404.25,8.4553,642.32,393,1585.91,2388.02,2388.04,9068.73,8139.62,38.95,23.2841,552.8,521.61
34,52,47.24,1402.05,8.4105,642.74,393,1586.11,2388.06,2388.06,9058.26,8138.45,38.93,23.3873,553.77,521.86
34,53,47.39,1403.11,8.4292,642.6,393,1593.38,2388.07,2388.08,9063.74,8145.25,38.93,23.4019,553.14,522.13
34,54,47.5,1410.01,8.4226,642.07,394,1595.68,2388.1,2388.09,9059.59,8147.56,38.74,23.2064,553.55,521.57
34,55,47.48,1405.19,8.4689,642.62,394,1594.13,2388.1,2388.1,9053.94,8140.26,38.9,23.2388,553.49,521.67
34,56,47.36,1407.03,8.4042,642.31,393,1589.15,2388.06,2388.07,9065.04,8140.82,38.86,23.3543,553.37,521.92
34,57,47.29,1401.73,8.4528,642.82,392,1585.1,2388.1,2388.03,9053.93,8140.29,38.69,23.2589,553.42,521.27
34,58,47.34,1398.02,8.4433,642.18,393,1588.88,2388.06,2388.06,9065.76,8140.36,38.88,23.3289,553.9,521.9
34,59,47.37,1399.68,8.3928,642.4,391,1590.72,2388.07,2388.07,9059.63,8144.52,38.79,23.4203,553.86,521.22
34,60,47.47,1401.72,8.4031,642.99,394,1591.46,2388.06,2388.05,9054.11,8142.43,38.95,23.3458,552.97,521.71
34,61,47.4,1406.89,8.4243,642.1,393,1591.23,2388.04,2388.06,9067.36,8145.49,38.74,23.3103,553.46,521.75
34,62,47.41,1407.27,8.4354,642.56,393,1588.1,2388.12,2388.07,9059.44,8138.17,38.79,23.3106,553.64,521.65
34,63,47.64,1407.1,8.4264,643.34,393,1590.64,2388.08,2388.09,9062.98,8144.55,38.89,23.2826,553.94,521.49
34,64,47.32,1407.09,8.442,642.97,392,1581.83,2388.13,2388.1,9055.8,8141.82,39.02,23.2584,553.1,521.62
34,65,47.44,1402.96,8.4349,642.4,391,1586.04,2388.08,2388.08,9058.78,8136.47,38.89,23.2628,553.09,521.97
34,66,47.44,1397.86,8.4374,642.38,392,1584.29,2388.08,2388.07,9062.45,8141.22,38.68,23.374,553.67,521.59
34,67,47.33,1405.53,8.4049,642.49,394,1590.73,2388.09,2388.06,9063.96,8142.46,38.75,23.418,554.62,521.51
34,68,47.45,1405.68,8.428,642.88,394,1586.2,2388.08,2388.02,9057.22,8140.92,38.85,23.2545,553.58,521.49
34,69,47.34,1404.64,8.3985,642.94,393,1591.77,2388.07,2388.05,9058.9,8140.16,38.86,23.3099,553.97,522.06
34,70,47.43,1414.73,8.4133,641.92,394,1598.08,2388.08,2388.07,9060.66,8142.78,38.78,23.3579,553.42,521.6
34,71,47.66,1399.19,8.4319,642.49,393,1586.31,2388.07,2388.13,9054.54,8150.68,38.77,23.314,553.9,521.68
34,72,47.54,1406.23,8.4236,642.28,393,1593.62,2388.08,2388.06,9057.63,8143.26,38.91,23.2126,552.75,521.63
34,73,47.33,1411.6,8.4287,642.41,393,1588.33,2388.07,2388.07,9064.08,8146.94,38.73,23.2742,553.61,521.94
34,74,47.37,1402.95,8.4302,642.78,393,1589.21,2388.08,2388.07,9065.82,8141.76,38.79,23.3161,554.46,521.94
34,75,47.44,1410.05,8.4445,642.08,394,1594.52,2388.04,2388.06,9068.85,8138.57,38.91,23.3479,554.49,521.75
34,76,47.35,1401.31,8.4375,642.58,392,1587.11,2388.07,2388.09,9064.94,8141.75,38.87,23.327,552.97,521.95
34,77,47.4,1405.09,8.4298,642.75,392,1594.03,2388.17,2388.04,9061.7,8142.43,38.68,23.273,554.07,521.76
34,78,47.44,1403.74,8.4091,642.96,393,1590.94,2388.06,2388.1,9064.17,8143.41,38.77,23.3573,553.81,521.82
34,79,47.55,1404.2,8.4227,642.26,394,1591.88,2388.07,2388.1,9070.36,8139.21,38.8,23.2292,552.7,521.71
34,80,47.67,1404.13,8.4409,643.04,393,1598.38,2388.12,2388.09,9064.26,8138.29,38.89,23.2893,553.71,521.59
34,81,47.61,1411.27,8.4641,642.49,392,1582.83,2388.06,2388.1,9066.46,8139.31,38.73,23.3494,553.95,522.29
34,82,47.48,1409.52,8.4196,642.2,394,1588.4,2388.1,2388.02,9065.08,8143.99,38.73,23.2784,553.53,521.58
34,83,47.52,1411.81,8.4305,642.78,392,1597.1,2388.09,2388.07,9058.95,8142.37,38.78,23.4206,554.64,521.57
34,84,47.58,1407.45,8.428,642.66,391,1590.94,2388.1,2388.12,9068.49,8140.33,38.88,23.2912,553.33,521.3
34,85,47.55,1413.17,8.4133,642.91,393,1591.24,2388.06,2388.09,9067.16,8139.69,38.8,23.3607,552.67,521.62
34,86,47.55,1404.76,8.4346,642.93,393,1593.41,2388.03,2388.11,9061.23,8144.34,38.81,23.3333,553.08,521.17
34,87,47.45,1399.25,8.4464,642.27,394,1587.08,2388.07,2388.08,9057.03,8147.82,38.8,23.3282,553.65,521.74
34,88,47.45,1409.98,8.4273,642.04,393,1586.72,2388.05,2388.07,9063.23,8143.71,38.97,23.3775,553.07,521.93
34,89,47.46,1410.57,8.4264,642.87,394,1587.07,2388.11,2388.12,9065.22,8143.09,38.76,23.4224,553.01,521.01
34,90,47.48,1407.77,8.4146,643.01,393,1585.65,2388.1,2388.08,9066.19,8148.4,38.9,23.3544,553.99,521.27
34,91,47.76,1406.98,8.4306,642.17,394,1585.98,2388.07,2388.07,9062.96,8147.51,38.83,23.4003,553.32,521.94
34,92,47.5,1407.92,8.429,642.33,393,1585.98,2388.07,2388.0,9067.05,8147.87,38.73,23.2569,553.48,521.46
34,93,47.34,1413.55,8.4549,642.27,395,1584.96,2388.12,2388.02,9070.81,8147.38,38.74,23.218,553.3,521.77
34,94,47.53,1410.49,8.4165,642.12,392,1588.32,2388.08,2388.0,9073.59,8138.85,38.93,23.2349,553.27,521.85
34,95,47.43,1405.43,8.437,643.0,393,1589.67,2388.0,2388.09,9064.19,8146.89,38.82,23.3666,553.95,521.45
34,96,47.43,1408.72,8.4093,642.32,394,1591.4,2388.05,2388.04,9071.29,8140.98,38.79,23.3088,553.36,521.81
34,97,47.43,1412.55,8.4534,642.39,393,1589.47,2388.03,2388.08,9066.36,8144.26,38.92,23.2416,553.68,521.37
34,98,47.42,1408.27,8.4414,642.56,394,1591.0,2388.1,2388.08,9060.41,8140.63,38.71,23.2201,553.66,521.09
34,99,47.42,1404.24,8.4527,642.43,392,1587.86,2388.11,2388.07,9069.36,8148.2,38.93,23.3279,553.28,522.19
34,100,47.6,1410.34,8.47,643.23,393,1588.09,2388.02,2388.06,9068.8,8152.58,38.68,23.3118,553.75,522.0
34,101,47.5,1415.84,8.4784,642.4,394,1590.5,2388.06,2388.12,9068.28,8147.03,38.93,23.3211,552.62,521.29
34,102,47.74,1401.75,8.4333,643.24,392,1595.19,2388.05,2388.06,9065.03,8149.31,38.8,23.3329,553.1,521.37
34,103,47.49,1406.05,8.4568,642.88,392,1588.28,2388.05,2388.09,9059.6,8142.01,38.98,23.2256,553.76,521.19
34,104,47.63,1411.39,8.422,642.63,393,1587.95,2388.08,2388.09,9065.82,8142.93,38.74,23.2705,552.92,521.38
34,105,47.62,1413.81,8.4337,642.86,393,1592.18,2388.08,2388.09,9065.37,8144.35,38.68,23.2611,553.22,521.39
34,106,47.5,1408.83,8.4548,643.05,392,1595.62,2388.07,2388.11,9076.74,8144.17,38.82,23.341,553.27,520.84
34,107,47.6,1411.37,8.41,642.75,392,1594.66,2388.1,2388.11,9065.19,8148.43,38.83,23.1518,553.69,521.33
34,108,47.44,1401.82,8.4084,642.71,394,1590.01,2388.12,2388.15,9070.67,8145.15,38.7,23.2632,553.24,521.53
34,109,47.53,1402.53,8.4547,642.47,393,1587.34,2388.11,2388.06,9067.14,8145.41,38.82,23.1446,553.19,521.7
34,110,47.46,1403.2,8.4324,642.92,393,1595.45,2388.06,2388.06,9073.36,8148.33,38.88,23.2356,552.9,521.25
34,111,47.51,1406.57,8.47,642.67,393,1594.25,2388.1,2388.1,9075.09,8149.33,38.96,23.1901,552.62,521.46
34,112,47.64,1410.34,8.4176,642.2,393,1591.06,2388.13,2388.07,9071.46,8150.18,38.92,23.2321,553.65,521.86
34,113,47.62,1414.49,8.4723,642.5,394,1586.36,2388.03,2388.1,9072.8,8144.65,38.7,23.3738,553.21,521.13
34,114,47.57,1411.57,8.4354,642.58,392,1594.94,2388.1,2388.02,9072.99,8148.42,38.66,23.3156,553.45,521.21
34,115,47.4,1411.36,8.4453,642.17,394,1588.34,2388.12,2388.06,9076.91,8148.07,38.73,23.3623,553.72,521.74
34,116,47.48,1404.91,8.4516,642.77,394,1589.0,2388.07,2388.11,9078.16,8154.4,38.92,23.2053,553.69,521.52
34,117,47.49,1407.67,8.4173,642.89,393,1587.05,2388.03,2388.07,9069.94,8148.84,38.71,23.2901,554.07,521.19
34,118,47.4,1413.98,8.4525,642.34,392,1587.17,2388.1,2388.04,9078.15,8147.59,38.82,23.331,553.25,521.03
34,119,47.54,1406.24,8.4605,642.8,394,1589.61,2388.07,2388.09,9070.58,8149.37,38.63,23.2639,553.78,521.15
34,120,47.53,1411.91,8.4694,642.9,394,1588.23,2388.09,2388.08,9073.56,8156.12,38.76,23.2153,553.78,521.09
34,121,47.51,1404.87,8.4411,642.94,395,1594.26,2388.12,2388.15,9075.59,8147.5,38.98,23.3351,553.55,521.33
34,122,47.64,1405.9,8.4579,643.33,394,1590.47,2388.14,2388.06,9078.05,8149.53,38.94,23.2889,553.41,521.26
34,123,47.55,1404.13,8.4807,642.86,394,1593.34,2388.11,2388.11,9069.99,8149.89,38.62,23.1041,553.83,521.49
34,124,47.48,1407.12,8.4463,642.59,393,1599.05,2388.16,2388.12,9078.77,8149.39,38.88,23.3437,552.65,521.27
34,125,47.56,1415.65,8.4469,642.6,393,1586.42,2388.07,2388.06,9071.16,8156.92,38.91,23.1779,552.38,521.3
34,126,47.48,1407.99,8.454,642.5,395,1595.22,2388.04,2388.03,9077.15,8152.88,38.9,23.3216,553.7,521.06
34,127,47.53,1410.51,8.4298,642.24,392,1595.09,2388.07,2388.11,9085.29,8151.79,38.83,23.2812,552.94,521.3
34,128,47.73,1414.31,8.4636,642.85,393,1597.51,2388.08,2388.12,9072.89,8154.11,38.79,23.2286,552.44,521.36
34,129,47.6,1416.4,8.4601,642.57,392,1587.44,2388.11,2388.09,9084.62,8150.92,38.75,23.2974,553.63,521.13
34,130,47.48,1413.81,8.4386,643.1,394,1589.41,2388.14,2388.11,9081.13,8158.11,39.16,23.2703,553.03,521.37
34,131,47.46,1410.87,8.4702,642.88,393,1591.29,2388.07,2388.09,9079.25,8162.95,38.63,23.1323,553.38,521.59
34,132,47.53,1413.76,8.461,642.52,395,1598.77,2388.08,2388.11,9075.98,8154.85,38.78,23.315,552.39,521.33
34,133,47.72,1416.64,8.462,642.39,395,1595.6,2388.1,2388.1,9082.99,8157.08,38.84,23.2767,553.05,520.97
34,134,47.56,1415.95,8.4564,643.16,393,1593.07,2388.08,2388.09,9081.04,8155.83,38.78,23.2685,553.47,520.54
34,135,47.56,1409.06,8.4526,642.74,394,1592.84,2388.1,2388.09,9078.56,8152.35,38.98,23.276,552.57,520.95
34,136,47.65,1412.12,8.4578,642.56,396,1594.72,2388.09,2388.08,9085.2,8154.28,38.6,23.3061,552.9,521.45
34,137,47.37,1406.06,8.4572,642.59,394,1590.82,2388.11,2388.1,9078.28,8158.69,38.75,23.2107,553.19,520.84
34,138,47.63,1406.22,8.4546,643.0,393,1595.74,2388.08,2388.1,9076.15,8153.67,38.8,23.2919,553.19,521.14
34,139,47.67,1411.32,8.4703,642.77,393,1598.47,2388.11,2388.05,9078.56,8157.22,38.71,23.3597,552.86,520.57
34,140,47.74,1409.45,8.4572,643.63,395,1585.91,2388.13,2388.05,9082.64,8163.14,38.67,23.394,552.67,521.8
34,141,47.59,1413.42,8.4221,643.11,391,1588.95,2388.08,2388.08,9087.31,8154.68,38.81,23.156,552.93,521.52
34,142,47.6,1409.63,8.4967,642.51,392,1590.73,2388.13,2388.07,9082.67,8159.57,38.75,23.2984,552.35,520.95
34,143,47.58,1410.48,8.45,643.29,394,1593.02,2388.1,2388.11,9083.08,8166.79,38.78,23.1907,552.96,521.1
34,144,47.77,1417.97,8.4597,643.15,392,1599.2,2388.11,2388.13,9089.71,8165.57,38.77,23.1555,553.54,521.16
34,145,47.6,1405.74,8.4781,642.76,394,1584.96,2388.08,2388.05,9089.61,8162.29,38.7,23.2894,553.18,520.92
34,146,47.57,1406.33,8.4674,642.94,395,1593.96,2388.09,2388.09,9093.26,8168.81,38.82,23.289,552.75,521.56
34,147,47.55,1422.99,8.4756,642.73,394,1595.25,2388.11,2388.08,9089.86,8161.76,38.74,23.3026,553.16,520.93
34,148,47.64,1416.22,8.4616,642.86,395,1601.14,2388.09,2388.14,9090.25,8166.46,38.66,23.2557,552.95,520.84
34,149,47.64,1408.42,8.4575,642.7,393,1593.19,2388.11,2388.15,9087.97,8163.75,38.8,23.221,553.04,520.97
34,150,47.74,1410.75,8.4526,643.46,394,1589.54,2388.03,2388.09,9093.51,8167.0,38.56,23.1587,552.93,521.12
34,151,47.62,1411.99,8.4697,642.85,395,1586.99,2388.07,2388.04,9091.22,8161.54,38.84,23.1504,552.43,520.64
34,152,47.66,1414.93,8.4722,642.86,394,1592.46,2388.11,2388.11,9088.5,8165.28,38.7,23.2403,552.76,521.05
34,153,47.53,1412.27,8.4303,643.07,394,1600.12,2388.11,2388.05,9091.62,8168.99,38.74,23.2021,552.29,520.64
34,154,47.69,1417.1,8.4657,642.8,394,1590.54,2388.16,2388.1,9095.69,8164.2,38.7,23.1475,552.43,520.4
34,155,47.52,1414.88,8.495,642.99,395,1591.27,2388.1,2388.07,9098.48,8174.41,38.66,23.1985,553.4,521.05
34,156,47.76,1413.29,8.4224,642.93,394,1587.54,2388.09,2388.11,9103.29,8173.79,38.65,23.1507,552.81,521.35
34,157,47.7,1419.02,8.4719,643.02,392,1593.0,2388.13,2388.11,9102.08,8176.98,38.71,23.2835,553.73,521.17
34,158,47.72,1417.52,8.4911,643.44,394,1584.73,2388.11,2388.1,9096.55,8172.43,38.48,23.1967,552.59,521.08
34,159,47.97,1414.27,8.5069,643.33,395,1593.69,2388.09,2388.16,9097.53,8169.24,38.75,23.1277,552.82,520.72
34,160,47.7,1417.02,8.4933,642.86,393,1594.78,2388.11,2388.15,9099.73,8168.88,38.56,23.1401,551.97,521.43
34,161,47.65,1410.38,8.4643,642.86,396,1590.89,2388.11,2388.1,9099.03,8171.56,38.73,23.2084,552.9,521.58
34,162,47.85,1409.5,8.4669,643.14,393,1592.95,2388.08,2388.12,9111.01,8179.29,38.69,23.1557,552.91,520.53
34,163,47.61,1421.17,8.4696,643.4,393,1590.3,2388.08,2388.1,9103.25,8174.4,38.82,23.2383,552.48,520.58
34,164,47.66,1419.84,8.4818,643.17,394,1610.14,2388.09,2388.08,9104.05,8179.24,38.74,23.2412,552.52,521.01
34,165,47.99,1418.39,8.5121,643.26,396,1592.59,2388.12,2388.1,9107.79,8181.81,38.88,23.2412,552.21,520.68
34,166,47.83,1417.31,8.485,642.79,394,1599.95,2388.12,2388.11,9114.36,8179.22,38.74,23.2144,553.02,520.62
34,167,47.55,1415.52,8.4967,642.92,394,1595.61,2388.1,2388.08,9108.1,8180.29,38.58,23.135,552.31,520.58
34,168,47.72,1420.72,8.4695,643.02,395,1598.32,2388.08,2388.09,9116.68,8178.04,38.79,23.204,552.36,520.85
34,169,47.81,1418.78,8.477,643.19,396,1593.26,2388.12,2388.11,9108.72,8184.63,38.74,23.2687,552.58,520.28
34,170,47.73,1421.7,8.4975,643.22,394,1599.85,2388.14,2388.17,9113.24,8179.94,38.73,23.2821,552.28,520.31
34,171,47.78,1415.32,8.4795,642.56,394,1590.82,2388.14,2388.07,9116.69,8183.4,38.65,23.2086,552.25,520.85
34,172,47.87,1422.56,8.4519,643.1,394,1601.06,2388.14,2388.14,9113.62,8181.76,38.65,23.0896,551.85,521.21
34,173,47.83,1419.57,8.486,643.58,395,1602.55,2388.08,2388.12,9117.78,8187.58,38.58,23.1,552.66,521.15
34,174,47.81,1419.74,8.4736,643.42,396,1601.32,2388.1,2388.11,9117.32,8189.36,38.58,23.2538,552.66,520.59
34,175,47.77,1418.78,8.4565,642.77,396,1601.29,2388.13,2388.11,9120.39,8195.13,38.63,23.0932,552.13,520.87
34,176,47.84,1415.32,8.5046,643.41,395,1599.66,2388.1,2388.17,9122.53,8191.31,38.67,23.2376,552.92,521.03
34,177,47.86,1417.64,8.521,643.22,396,1591.4,2388.16,2388.11,9123.99,8194.71,38.58,23.21,552.44,520.91
34,178,47.88,1421.08,8.4976,643.45,395,1604.03,2388.13,2388.09,9126.7,8194.55,38.62,23.081,552.63,520.41
34,179,47.89,1419.03,8.4974,643.48,396,1597.72,2388.17,2388.13,9125.75,8191.1,38.68,23.1899,552.24,520.66
34,180,47.72,1418.7,8.4777,643.21,395,1596.12,2388.15,2388.12,9133.19,8195.12,38.42,23.1092,552.58,520.7
34,181,47.76,1412.98,8.4759,643.18,397,1600.96,2388.11,2388.13,9129.07,8199.88,38.71,23.0938,552.15,520.67
34,182,47.97,1418.46,8.4928,643.36,396,1599.16,2388.13,2388.16,9131.6,8199.66,38.55,23.0697,552.31,520.39
34,183,47.92,1421.05,8.4883,643.52,397,1604.74,2388.19,2388.16,9134.8,8203.53,38.52,23.1732,552.19,520.44
34,184,48.02,1424.35,8.5054,643.06,396,1593.95,2388.17,2388.16,9141.75,8200.4,38.57,23.2029,551.84,520.53
34,185,47.88,1427.22,8.5127,643.25,396,1601.11,2388.13,2388.15,9136.63,8203.44,38.51,23.0462,551.67,520.46
34,186,48.35,1422.41,8.5046,643.75,396,1598.98,2388.18,2388.17,9146.83,8211.62,38.45,23.0505,552.3,520.62
34,187,47.98,1425.4,8.5215,643.91,396,1599.92,2388.12,2388.17,9144.14,8204.7,38.43,23.1659,552.49,519.85
34,188,48.06,1425.85,8.4984,643.63,396,1597.71,2388.14,2388.19,9144.57,8214.84,38.43,23.0691,552.34,520.11
34,189,48.13,1425.76,8.4878,643.93,396,1599.6,2388.12,2388.12,9151.28,8220.08,38.39,23.1228,552.06,520.39
34,190,48.01,1425.41,8.4646,643.29,395,1607.37,2388.15,2388.23,9157.54,8216.41,38.48,23.0289,551.59,519.79
34,191,48.11,1431.68,8.5044,643.83,397,1601.08,2388.14,2388.13,9155.1,8216.68,38.37,23.0613,552.2,520.47
34,192,48.07,1428.02,8.5151,643.53,397,1602.3,2388.14,2388.16,9164.23,8216.6,38.38,22.9959,552.04,519.49
34,193,48.09,1424.76,8.4963,643.61,396,1602.13,2388.19,2388.15,9163.9,8220.91,38.41,23.0797,551.73,520.24
34,194,48.08,1426.19,8.5213,643.44,396,1601.27,2388.18,2388.12,9166.06,8228.95,38.36,23.0603,551.45,520.41
34,195,48.33,1434.09,8.5014,643.94,397,1597.74,2388.17,2388.14,9162.57,8230.84,38.36,22.9984,551.46,520.01
40,1,47.59,1412.72,8.4417,642.71,394,1594.14,2388.08,2388.07,9051.76,8134.87,38.61,23.2017,552.9,521.25
40,2,47.55,1414.86,8.4227,642.91,392,1585.97,2388.13,2388.14,9058.39,8137.99,38.63,23.3334,553.02,521.29
40,3,47.39,1410.39,8.4526,643.19,394,1593.68,2388.16,2388.11,9052.46,8142.58,38.81,23.3308,552.7,521.49
40,4,47.65,1397.07,8.4452,642.76,393,1592.3,2388.13,2388.11,9053.78,8136.67,39.0,23.3082,554.1,520.89
40,5,47.47,1412.14,8.4603,642.9,394,1586.67,2388.16,2388.11,9058.23,8132.89,38.73,23.3157,553.47,520.75
40,6,47.38,1411.76,8.4303,642.83,393,1593.66,2388.09,2388.1,9058.48,8133.72,38.81,23.3616,553.49,521.36
40,7,47.38,1408.85,8.4591,642.46,392,1589.19,2388.11,2388.12,9047.93,8139.5,38.71,23.2662,553.5,520.96
40,8,47.63,1413.12,8.468,642.78,395,1591.79,2388.11,2388.13,9055.95,8134.78,38.85,23.2745,554.21,521.13
40,9,47.57,1410.11,8.4579,642.79,394,1597.62,2388.12,2388.14,9054.91,8134.09,38.91,23.1765,553.81,520.81
40,10,47.58,1411.55,8.4313,642.83,395,1586.46,2388.11,2388.14,9057.67,8136.79,38.76,23.2966,554.41,521.13
40,11,47.66,1419.81,8.4429,642.36,394,1590.28,2388.1,2388.17,9060.92,8140.49,38.78,23.2786,553.63,521.49
40,12,47.69,1410.43,8.4291,642.51,393,1588.0,2388.07,2388.15,9060.64,8137.14,38.73,23.31,553.07,521.33
40,13,47.52,1407.93,8.4294,642.94,394,1589.98,2388.16,2388.12,9056.51,8134.05,38.72,23.2496,552.61,521.61
40,14,47.42,1409.9,8.444,642.18,393,1590.02,2388.08,2388.13,9059.31,8134.25,38.79,23.2742,553.73,521.39
40,15,47.61,1412.32,8.4483,643.19,393,1591.23,2388.15,2388.12,9048.76,8136.89,38.73,23.3176,552.93,521.52
40,16,47.57,1412.44,8.4535,643.2,393,1591.5,2388.1,2388.15,9051.32,8136.96,38.67,23.2702,553.58,521.53
40,17,47.65,1414.27,8.433,642.56,392,1591.77,2388.14,2388.09,9060.58,8141.22,38.85,23.1651,553.88,521.58
40,18,47.43,1413.64,8.447,642.64,392,1588.2,2388.07,2388.12,9066.33,8131.63,38.73,23.2036,553.0,521.47
40,19,47.55,1405.28,8.4649,643.19,393,1582.17,2388.18,2388.1,9059.49,8135.07,38.73,23.3641,553.09,521.34
40,20,47.72,1407.63,8.4422,642.33,393,1590.42,2388.15,2388.07,9049.23,8134.51,38.7,23.1759,552.73,521.39
40,21,47.57,1413.32,8.4398,642.51,393,1593.76,2388.1,2388.18,9056.21,8137.26,38.82,23.2687,554.33,521.5
40,22,47.55,1408.6,8.4962,643.2,392,1585.89,2388.15,2388.11,9052.51,8134.27,38.81,23.2584,552.61,521.01
40,23,47.56,1406.47,8.4524,642.38,395,1597.07,2388.12,2388.11,9060.62,8135.59,38.54,23.356,553.09,521.23
40,24,47.61,1408.76,8.4263,642.8,395,1588.47,2388.18,2388.14,9057.23,8137.74,38.83,23.2815,552.88,521.41
40,25,47.69,1406.65,8.407,643.16,392,1592.65,2388.14,2388.13,9054.5,8135.14,38.76,23.3242,553.77,521.31
40,26,47.48,1402.24,8.452,642.79,395,1596.22,2388.12,2388.09,9065.03,8136.92,38.62,23.1935,553.01,521.64
40,27,47.75,1408.86,8.4473,643.05,393,1586.74,2388.14,2388.14,9059.52,8137.12,39.0,23.3386,553.44,521.4
40,28,47.69,1409.8,8.4479,643.11,393,1591.34,2388.1,2388.08,9057.05,8133.88,38.81,23.3432,553.32,521.05
40,29,47.48,1409.44,8.4622,642.29,393,1592.54,2388.1,2388.08,9057.23,8132.79,38.75,23.2615,553.22,521.35
40,30,47.67,1403.24,8.4513,642.58,393,1587.66,2388.02,2388.11,9060.61,8136.39,38.72,23.2686,553.56,521.78
40,31,47.62,1410.67,8.4464,642.67,395,1589.31,2388.14,2388.12,9062.06,8136.97,38.69,23.32,553.54,521.76
40,32,47.71,1412.57,8.4438,643.13,393,1590.3,2388.14,2388.13,9064.1,8139.1,38.78,23.3247,554.36,521.51
40,33,47.57,1410.32,8.402,642.74,395,1592.62,2388.09,2388.09,9060.33,8136.43,38.71,23.3052,553.35,521.72
40,34,47.65,1412.12,8.4462,643.08,392,1595.37,2388.14,2388.11,9060.34,8133.56,38.97,23.238,552.85,520.65
40,35,47.58,1409.24,8.4667,642.83,392,1592.36,2388.08,2388.13,9050.74,8141.58,38.85,23.3051,553.03,521.39
40,36,47.69,1419.64,8.467,643.12,392,1594.8,2388.12,2388.12,9051.8,8139.16,38.81,23.2452,553.04,520.72
40,37,47.44,1410.43,8.448,642.54,393,1587.98,2388.15,2388.09,9055.64,8138.09,38.88,23.3287,553.41,521.76
40,38,47.78,1414.05,8.4604,642.6,393,1586.63,2388.13,2388.12,9057.31,8135.48,38.77,23.2696,553.34,521.88
40,39,47.6,1409.54,8.447,642.48,393,1589.93,2388.07,2388.24,9059.41,8137.06,38.88,23.1313,553.14,520.52
40,40,47.52,1409.94,8.4851,643.2,392,1587.55,2388.13,2388.13,9064.16,8140.64,38.81,23.159,553.11,520.86
40,41,47.54,1405.1,8.4705,642.44,392,1594.77,2388.13,2388.11,9057.93,8137.75,38.62,23.2912,553.11,521.4
40,42,47.68,1414.16,8.4507,642.97,393,1592.56,2388.11,2388.08,9057.76,8134.66,38.93,23.3395,553.09,521.63
40,43,47.65,1407.18,8.4583,642.63,394,1589.56,2388.11,2388.07,9050.67,8133.85,38.82,23.2922,552.97,520.82
40,44,47.55,1406.72,8.4397,642.73,395,1589.39,2388.13,2388.12,9059.67,8137.17,38.58,23.2741,553.08,520.89
40,45,47.73,1408.39,8.471,642.77,392,1590.79,2388.14,2388.1,9054.68,8134.1,38.87,23.3171,553.22,521.1
40,46,47.57,1412.87,8.452,642.62,394,1592.66,2388.12,2388.14,9056.11,8135.68,38.71,23.2818,552.55,520.66
40,47,47.58,1414.45,8.4421,642.57,394,1589.71,2388.1,2388.14,9056.29,8140.14,38.67,23.1959,553.49,520.75
40,48,47.71,1415.7,8.4731,642.64,394,1594.51,2388.12,2388.19,9066.92,8134.43,38.69,23.2099,553.28,521.68
40,49,47.61,1411.14,8.4589,642.48,392,1588.87,2388.07,2388.08,9060.44,8143.35,38.8,23.3461,553.46,521.67
40,50,47.66,1408.61,8.4229,642.66,392,1593.37,2388.15,2388.14,9059.14,8135.14,38.78,23.2677,553.07,520.96
40,51,47.62,1407.15,8.4712,642.56,394,1587.02,2388.12,2388.15,9062.87,8137.27,38.84,23.2322,553.04,521.46
40,52,47.5,1413.37,8.4454,643.28,393,1599.39,2388.13,2388.14,9059.5,8134.92,38.89,23.2111,552.8,520.99
40,53,47.45,1408.84,8.4289,642.35,394,1596.21,2388.1,2388.12,9054.56,8134.73,38.58,23.2225,553.07,521.2
40,54,47.47,1419.34,8.4235,642.88,393,1592.2,2388.1,2388.11,9049.98,8140.83,38.67,23.2745,553.19,521.08
40,55,47.57,1414.24,8.4902,643.17,393,1584.07,2388.14,2388.1,9062.83,8137.33,38.91,23.375,553.02,521.49
40,56,47.66,1405.11,8.4149,642.34,394,1590.22,2388.13,2388.05,9061.16,8138.0,38.79,23.2956,553.18,521.6
40,57,47.52,1406.19,8.4655,642.72,392,1590.75,2388.07,2388.12,9064.79,8136.07,38.87,23.2412,553.59,520.86
40,58,47.73,1409.57,8.4075,642.73,393,1589.18,2388.08,2388.08,9061.39,8135.68,38.77,23.2759,553.25,520.84
40,59,47.69,1409.68,8.4601,643.05,394,1592.81,2388.15,2388.11,9062.16,8139.16,38.73,23.2414,553.19,521.33
40,60,47.56,1409.03,8.4596,642.9,394,1590.62,2388.06,2388.1,9056.04,8138.59,38.79,23.2207,553.08,521.23
40,61,47.64,1413.51,8.4577,642.63,393,1593.3,2388.14,2388.17,9065.25,8138.15,38.73,23.3164,552.87,521.49
40,62,47.49,1414.58,8.4513,642.24,391,1593.8,2388.15,2388.1,9058.67,8133.16,38.75,23.2461,552.52,521.16
40,63,47.67,1412.29,8.4659,642.68,394,1598.3,2388.1,2388.1,9061.96,8145.19,38.73,23.3229,553.04,521.52
40,64,47.64,1411.15,8.4025,642.84,394,1583.9,2388.16,2388.12,9058.88,8142.12,38.71,23.3062,552.95,521.0
40,65,47.52,1403.66,8.491,642.79,394,1590.67,2388.11,2388.11,9059.11,8139.33,38.67,23.159,552.94,521.82
40,66,47.7,1404.16,8.4276,642.66,393,1590.61,2388.12,2388.11,9063.15,8138.01,38.83,23.1865,552.7,521.33
40,67,47.49,1407.57,8.406,642.59,393,1589.7,2388.06,2388.11,9058.31,8139.77,38.86,23.222,553.56,521.32
40,68,47.6,1410.59,8.4505,643.53,392,1596.04,2388.16,2388.15,9064.53,8139.65,38.99,23.3446,553.1,521.24
40,69,47.77,1410.34,8.448,643.06,395,1592.68,2388.12,2388.04,9062.32,8141.79,39.1,23.275,552.96,521.16
40,70,47.6,1411.94,8.4442,643.06,393,1594.98,2388.12,2388.09,9060.07,8143.29,38.94,23.3139,554.27,521.72
40,71,47.61,1415.67,8.482,642.31,391,1594.95,2388.13,2388.13,9060.08,8140.19,38.89,23.2546,553.07,521.26
40,72,47.67,1413.75,8.4594,642.5,393,1591.17,2388.14,2388.13,9059.7,8140.85,38.85,23.2792,553.8,520.81
40,73,47.62,1411.64,8.4607,642.35,394,1581.96,2388.16,2388.11,9063.02,8137.76,38.69,23.3159,552.77,521.03
40,74,47.67,1409.01,8.4719,642.53,394,1596.6,2388.13,2388.06,9061.61,8142.06,38.71,23.1927,552.9,521.35
40,75,47.6,1415.56,8.4545,642.87,393,1588.77,2388.08,2388.12,9058.67,8132.59,38.77,23.2344,552.88,521.36
40,76,47.64,1417.79,8.4718,642.43,394,1593.47,2388.1,2388.08,9067.22,8140.98,38.61,23.2327,553.18,520.71
40,77,47.69,1413.79,8.4311,642.24,394,1596.49,2388.16,2388.11,9065.98,8138.7,38.65,23.2423,553.41,521.03
40,78,47.58,1408.29,8.4571,643.17,393,1589.04,2388.1,2388.14,9062.64,8136.19,38.89,23.1645,553.81,521.08
40,79,47.43,1417.75,8.4494,642.82,393,1590.31,2388.09,2388.12,9061.32,8136.18,38.76,23.2611,554.17,521.26
40,80,47.59,1413.66,8.4677,642.64,393,1593.31,2388.13,2388.09,9063.38,8141.66,38.69,23.3749,553.62,521.11
40,81,47.68,1405.56,8.475,642.99,393,1592.2,2388.11,2388.14,9063.92,8137.41,38.64,23.1707,552.78,521.1
40,82,47.6,1415.43,8.4584,642.58,394,1594.91,2388.09,2388.14,9064.93,8134.89,38.82,23.1879,552.82,521.12
40,83,47.61,1410.25,8.4671,643.09,393,1594.49,2388.13,2388.16,9064.5,8135.61,38.58,23.2723,553.17,521.04
40,84,47.83,1412.34,8.4588,642.87,392,1587.46,2388.12,2388.1,9060.51,8138.09,38.64,23.1565,552.49,521.35
40,85,47.6,1414.32,8.4339,642.88,393,1588.02,2388.19,2388.08,9061.97,8144.3,38.71,23.2003,553.09,521.33
40,86,47.61,1418.97,8.4388,643.29,393,1594.18,2388.11,2388.06,9062.92,8133.37,38.73,23.2281,553.72,520.81
40,87,47.73,1410.74,8.4681,643.14,393,1590.84,2388.08,2388.18,9060.53,8142.4,38.79,23.1591,552.33,520.56
40,88,47.64,1408.72,8.4905,642.41,393,1592.78,2388.06,2388.1,9057.75,8141.21,38.67,23.3422,552.86,520.58
40,89,47.59,1417.96,8.4467,642.81,394,1592.81,2388.15,2388.14,9063.58,8145.93,38.73,23.2449,553.04,521.63
40,90,47.67,1412.49,8.4675,642.71,395,1590.56,2388.09,2388.14,9062.91,8142.23,38.7,23.1938,553.28,521.17
40,91,47.68,1416.53,8.4574,643.58,393,1592.55,2388.11,2388.09,9068.33,8144.45,38.7,23.2028,552.89,520.85
40,92,47.53,1414.66,8.4619,643.02,395,1592.39,2388.11,2388.13,9066.73,8143.06,38.75,23.2744,553.01,520.61
40,93,47.53,1414.46,8.4603,643.38,394,1596.95,2388.14,2388.12,9068.07,8140.81,38.74,23.3175,553.14,521.32
40,94,47.62,1415.38,8.4351,642.96,394,1593.34,2388.11,2388.08,9064.36,8143.56,39.01,23.3343,553.33,521.27
40,95,47.68,1414.74,8.4225,643.21,395,1592.83,2388.17,2388.12,9062.83,8137.3,38.52,23.1453,552.31,521.11
40,96,47.64,1413.48,8.4753,642.28,393,1598.15,2388.12,2388.11,9062.73,8146.4,38.87,23.2752,553.85,520.98
40,97,47.76,1413.47,8.4455,642.68,394,1591.1,2388.08,2388.12,9064.99,8143.16,38.73,23.3222,552.89,520.82
40,98,47.6,1414.3,8.4906,642.44,396,1594.5,2388.16,2388.13,9065.59,8142.77,38.67,23.1859,553.67,521.29
40,99,47.68,1410.74,8.4554,642.56,394,1593.36,2388.15,2388.13,9068.94,8143.24,38.82,23.2319,552.55,521.22
40,100,47.86,1410.7,8.4719,642.61,393,1592.13,2388.15,2388.14,9069.26,8142.5,38.6,23.1742,552.92,521.23
40,101,47.7,1420.24,8.4421,642.92,393,1589.92,2388.08,2388.15,9062.74,8139.36,38.8,23.1153,553.04,521.24
40,102,47.85,1421.29,8.4694,642.88,395,1596.55,2388.13,2388.14,9064.8,8145.42,38.73,23.3326,553.43,521.14
40,103,47.63,1411.95,8.4525,643.17,394,1595.13,2388.1,2388.14,9064.2,8146.2,38.83,23.2187,554.03,520.38
40,104,47.6,1413.01,8.4554,643.21,392,1584.57,2388.14,2388.1,9070.46,8147.42,38.82,23.291,553.82,520.99
40,105,47.72,1415.68,8.4423,642.88,394,1590.1,2388.15,2388.09,9066.12,8142.27,38.69,23.2934,553.09,520.79
40,106,47.6,1422.89,8.4755,643.24,394,1588.99,2388.1,2388.15,9070.77,8147.3,38.83,23.2113,552.4,521.02
40,107,47.78,1411.95,8.4617,643.05,394,1590.21,2388.19,2388.15,9064.55,8137.03,38.84,23.1594,552.87,521.99
40,108,47.78,1417.07,8.4781,643.65,394,1591.38,2388.13,2388.17,9065.78,8143.28,38.64,23.2279,553.32,521.06
40,109,47.7,1415.79,8.4727,642.65,394,1589.15,2388.13,2388.11,9076.12,8142.91,38.7,23.1671,553.25,521.26
40,110,47.7,1413.05,8.4593,643.05,394,1601.65,2388.08,2388.09,9066.92,8143.01,38.89,23.1446,553.03,520.95
40,111,47.83,1412.76,8.4163,642.86,394,1592.16,2388.15,2388.15,9065.85,8140.96,38.83,23.2337,552.67,520.8
40,112,47.74,1415.28,8.4555,642.63,394,1593.34,2388.14,2388.11,9062.68,8145.92,38.86,23.1957,553.36,521.02
40,113,47.62,1406.46,8.4394,643.29,394,1595.24,2388.1,2388.09,9071.81,8141.99,38.7,23.3191,552.96,520.94
40,114,47.6,1410.8,8.4579,643.35,395,1596.76,2388.17,2388.11,9071.91,8144.87,38.74,23.204,553.02,520.68
40,115,47.56,1412.2,8.477,642.49,395,1592.47,2388.09,2388.09,9066.05,8150.23,38.7,23.3213,553.0,521.07
40,116,47.83,1416.41,8.4484,643.39,394,1595.58,2388.17,2388.16,9075.93,8150.82,38.66,23.2514,552.89,521.08
40,117,47.86,1416.29,8.4684,642.99,395,1590.89,2388.12,2388.16,9071.42,8149.87,38.71,23.3111,552.33,521.44
40,118,47.66,1414.41,8.438,642.83,395,1594.88,2388.19,2388.14,9068.83,8148.56,38.69,23.1924,552.96,521.1
40,119,47.54,1406.44,8.4931,643.23,395,1592.27,2388.19,2388.13,9079.77,8153.57,38.73,23.2514,552.7,520.77
40,120,47.66,1412.09,8.4549,643.69,394,1596.67,2388.16,2388.17,9070.72,8144.69,38.72,23.3413,552.52,521.19
40,121,47.44,1412.01,8.4926,642.66,394,1590.1,2388.13,2388.11,9072.38,8151.0,38.79,23.2284,553.24,520.72
40,122,47.75,1418.72,8.4719,643.39,393,1588.78,2388.12,2388.15,9072.86,8149.08,38.83,23.1672,553.39,520.24
40,123,47.71,1414.84,8.4571,642.99,394,1597.06,2388.12,2388.17,9065.8,8147.8,38.62,23.1853,553.35,520.98
40,124,47.8,1419.88,8.4947,643.19,394,1593.54,2388.19,2388.1,9071.46,8150.41,38.72,23.225,553.0,520.92
40,125,47.69,1412.83,8.4888,642.48,394,1588.22,2388.13,2388.1,9072.55,8142.58,38.68,23.2241,552.21,520.94
40,126,47.66,1421.92,8.4805,643.31,394,1600.8,2388.16,2388.12,9068.38,8151.49,38.64,23.1126,551.98,521.21
40,127,47.68,1412.73,8.4389,642.99,395,1596.53,2388.16,2388.14,9073.05,8148.8,38.77,23.25,553.1,521.54
40,128,47.62,1415.51,8.4844,643.47,396,1593.05,2388.12,2388.11,9075.73,8153.02,38.77,23.2382,552.57,520.49
40,129,47.85,1415.94,8.477,643.12,395,1597.15,2388.11,2388.14,9074.7,8147.46,38.68,23.2466,551.94,521.13
40,130,47.79,1422.86,8.4642,642.58,395,1589.19,2388.13,2388.14,9074.44,8148.6,38.44,23.1718,552.9,520.98
40,131,47.67,1416.33,8.4732,643.04,396,1596.71,2388.1,2388.15,9072.25,8148.33,38.76,22.9884,552.19,520.9
40,132,47.71,1424.12,8.4802,642.91,394,1595.06,2388.05,2388.11,9071.38,8154.47,38.7,23.089,552.56,520.98
40,133,47.7,1420.19,8.4813,642.81,397,1599.75,2388.14,2388.14,9072.47,8152.35,38.71,23.2426,552.89,520.85
40,134,47.73,1416.87,8.431,642.96,394,1591.02,2388.07,2388.1,9079.03,8152.74,38.76,23.1097,553.06,520.69
40,135,47.92,1416.27,8.4907,643.28,394,1593.03,2388.07,2388.15,9087.11,8151.37,38.8,23.172,553.56,520.43
40,136,47.8,1417.51,8.4909,642.75,394,1593.1,2388.13,2388.11,9082.91,8148.46,38.75,23.1907,552.93,520.59
40,137,47.91,1411.93,8.4292,642.75,393,1590.91,2388.16,2388.18,9077.03,8152.56,38.68,23.2265,552.6,520.87
40,138,47.72,1414.9,8.4698,642.84,395,1600.93,2388.19,2388.2,9087.51,8148.69,38.62,23.1908,552.35,521.16
40,139,47.69,1411.65,8.4631,643.02,394,1591.79,2388.11,2388.09,9076.22,8150.78,38.66,23.2684,552.54,520.91
40,140,47.78,1416.32,8.4827,643.11,394,1601.04,2388.13,2388.16,9079.96,8155.07,38.49,23.1124,552.76,521.19
40,141,47.79,1420.84,8.5089,642.41,396,1593.39,2388.12,2388.14,9073.17,8154.24,38.41,23.226,552.16,520.84
40,142,47.82,1417.29,8.4494,643.46,394,1598.31,2388.13,2388.16,9081.26,8159.74,38.63,23.2028,553.09,520.64
40,143,47.61,1415.5,8.5097,642.89,396,1595.6,2388.15,2388.13,9078.17,8158.62,38.63,23.2497,551.77,521.15
40,144,47.86,1418.99,8.4692,643.72,394,1596.64,2388.16,2388.18,9082.25,8154.85,38.65,23.1117,552.66,520.63
40,145,47.93,1420.09,8.4877,642.87,396,1594.2,2388.07,2388.13,9087.31,8162.84,38.53,23.2354,553.1,520.44
40,146,47.64,1414.27,8.5127,643.31,395,1594.14,2388.1,2388.13,9082.02,8152.76,38.49,23.22,552.43,520.86
40,147,47.68,1417.04,8.4695,643.31,395,1593.49,2388.16,2388.15,9085.17,8163.24,38.7,23.2738,552.64,521.02
40,148,47.75,1420.1,8.4593,643.54,396,1596.47,2388.13,2388.17,9084.94,8161.67,38.71,23.1265,552.19,520.42
40,149,47.71,1421.33,8.4716,642.77,394,1598.98,2388.17,2388.14,9085.53,8162.69,38.67,23.1167,553.36,521.01
40,150,47.95,1423.88,8.4644,643.56,394,1598.29,2388.12,2388.2,9089.1,8163.49,38.74,23.1691,553.07,520.86
40,151,47.74,1420.46,8.4725,642.84,394,1597.36,2388.14,2388.17,9081.96,8166.34,38.64,23.1927,552.5,520.62
40,152,47.98,1411.43,8.4777,643.65,393,1596.73,2388.13,2388.09,9086.9,8162.25,38.57,23.1096,551.94,520.51
40,153,47.77,1416.22,8.5221,643.23,396,1594.83,2388.15,2388.15,9084.36,8161.16,38.56,23.1506,553.15,520.94
40,154,48.0,1418.6,8.4865,643.13,395,1596.86,2388.14,2388.19,9093.35,8159.78,38.52,23.0844,552.21,520.28
40,155,47.85,1417.95,8.4892,643.04,395,1597.9,2388.11,2388.12,9099.13,8167.58,38.55,23.0479,552.05,520.31
40,156,47.82,1423.83,8.4869,643.44,398,1593.4,2388.22,2388.16,9098.02,8165.98,38.71,23.2481,552.35,520.28
40,157,47.87,1420.97,8.4936,642.91,395,1596.23,2388.17,2388.18,9099.86,8167.85,38.68,23.2025,552.9,520.5
40,158,47.92,1421.75,8.4846,642.96,394,1598.97,2388.21,2388.18,9090.2,8164.87,38.71,23.0951,551.57,520.19
40,159,47.97,1415.27,8.4841,643.41,396,1598.67,2388.16,2388.18,9096.12,8165.11,38.46,23.206,552.05,520.5
40,160,47.98,1422.9,8.4912,642.87,396,1595.69,2388.15,2388.18,9092.63,8167.62,38.6,23.1296,552.62,519.88
40,161,47.89,1425.36,8.5036,643.53,395,1583.91,2388.18,2388.16,9093.04,8169.04,38.64,23.0539,552.27,520.71
40,162,47.71,1423.7,8.4862,643.69,396,1601.18,2388.11,2388.17,9102.56,8169.79,38.57,23.0332,551.53,520.31
40,163,47.73,1417.51,8.4827,643.17,393,1594.13,2388.13,2388.18,9103.55,8164.49,38.69,23.2238,552.19,520.41
40,164,47.82,1424.2,8.4999,643.53,393,1602.3,2388.16,2388.18,9095.95,8172.54,38.54,23.1855,552.56,520.13
40,165,47.85,1421.72,8.4927,643.45,394,1597.18,2388.16,2388.14,9102.92,8170.34,38.43,23.1393,552.59,520.32
40,166,48.03,1422.24,8.5036,643.59,396,1598.48,2388.18,2388.12,9100.85,8171.39,38.52,23.0775,551.82,520.28
40,167,47.87,1422.9,8.482,643.61,396,1592.84,2388.22,2388.18,9105.82,8167.87,38.58,23.1092,551.87,520.53
40,168,47.78,1424.77,8.4896,643.2,398,1596.3,2388.16,2388.23,9110.94,8173.09,38.38,23.2124,552.12,520.06
40,169,48.13,1423.45,8.513,643.27,395,1598.73,2388.11,2388.14,9102.26,8176.48,38.51,23.0678,552.01,520.22
40,170,47.89,1422.47,8.476,643.29,395,1599.9,2388.13,2388.22,9110.13,8178.88,38.52,23.1798,552.12,520.19
40,171,47.83,1421.72,8.512,643.44,398,1599.69,2388.18,2388.13,9101.61,8179.72,38.41,23.1361,552.29,520.4
40,172,48.04,1422.74,8.5442,643.42,395,1597.18,2388.17,2388.2,9105.17,8183.77,38.55,23.1271,552.08,520.55
40,173,47.88,1429.6,8.5191,643.95,395,1599.81,2388.18,2388.23,9112.69,8178.68,38.53,23.2039,552.3,520.12
40,174,48.12,1430.95,8.4808,643.51,396,1604.6,2388.16,2388.13,9120.78,8186.11,38.45,23.0757,552.78,520.43
40,175,47.99,1423.96,8.5106,643.63,395,1598.28,2388.2,2388.18,9111.11,8179.09,38.52,23.124,551.82,520.53
40,176,48.08,1415.96,8.4808,643.97,395,1607.64,2388.14,2388.18,9121.78,8185.17,38.63,23.1903,551.27,519.74
40,177,47.98,1425.87,8.5179,644.26,395,1598.58,2388.17,2388.17,9122.69,8181.32,38.52,23.1628,551.54,520.49
40,178,48.06,1429.43,8.4845,643.93,394,1603.02,2388.19,2388.16,9112.86,8188.82,38.41,23.0295,551.27,519.92
40,179,47.97,1419.48,8.5238,643.3,397,1598.63,2388.24,2388.23,9125.11,8192.22,38.74,23.1035,551.6,520.47
40,180,48.05,1431.78,8.5237,643.68,397,1606.65,2388.16,2388.11,9118.87,8186.41,38.39,22.9777,551.36,520.81
40,181,48.16,1429.35,8.503,643.33,395,1606.82,2388.17,2388.22,9123.82,8194.13,38.58,23.0732,552.15,520.51
40,182,48.13,1430.81,8.5184,643.81,398,1607.54,2388.19,2388.14,9127.8,8193.83,38.39,23.0108,551.38,520.03
40,183,48.2,1428.22,8.5317,643.7,396,1602.54,2388.15,2388.15,9130.24,8195.59,38.53,22.9529,551.88,520.39
40,184,48.08,1425.46,8.5105,643.59,396,1604.29,2388.18,2388.19,9129.43,8199.71,38.54,23.0755,551.38,520.31
40,185,48.12,1427.3,8.5312,643.32,397,1604.87,2388.21,2388.18,9127.07,8194.02,38.47,22.9686,552.45,519.56
40,186,48.16,1427.59,8.4929,643.6,396,1614.93,2388.22,2388.21,9133.34,8198.36,38.3,23.1198,551.58,519.73
40,187,48.15,1428.42,8.4856,644.06,397,1604.34,2388.14,2388.22,9133.51,8198.9,38.5,23.0906,550.87,519.75
40,188,48.03,1432.96,8.535,643.87,397,1611.92,2388.23,2388.25,9142.42,8202.76,38.37,23.1022,551.08,520.33
45,1,47.13,1403.72,8.3918,642.4,391,1584.27,2387.99,2387.95,9071.34,8150.67,39.15,23.4142,554.81,522.49
45,2,47.2,1398.95,8.3873,642.57,390,1580.54,2387.93,2387.99,9068.79,8155.6,39.01,23.4461,554.31,522.53
45,3,47.03,1396.16,8.4158,641.83,390,1586.01,2387.94,2388.02,9072.93,8156.34,38.97,23.3814,554.86,522.4
45,4,47.21,1399.46,8.3862,642.51,392,1588.56,2387.97,2387.96,9074.0,8159.99,38.89,23.5169,554.81,522.43
45,5,47.45,1402.37,8.4016,642.43,391,1577.38,2387.94,2388.02,9068.84,8153.01,39.01,23.3457,554.54,522.16
45,6,47.14,1394.36,8.3942,642.25,391,1586.89,2388.02,2387.95,9068.47,8149.79,38.98,23.4869,554.91,522.52
45,7,47.24,1394.63,8.4392,642.59,391,1586.75,2388.01,2388.02,9076.48,8152.54,38.77,23.4211,554.3,522.55
45,8,47.22,1397.04,8.4142,641.75,392,1583.59,2387.98,2387.97,9071.25,8143.72,39.08,23.4394,554.83,522.6
45,9,47.33,1393.75,8.3895,642.48,392,1575.54,2387.94,2388.01,9077.86,8150.72,38.86,23.3374,554.93,522.57
45,10,47.26,1395.36,8.4147,642.19,392,1586.95,2387.95,2387.93,9077.97,8154.64,39.09,23.3871,554.75,522.29
45,11,47.21,1395.97,8.3684,642.04,392,1581.9,2388.0,2388.0,9064.09,8151.27,39.0,23.4111,554.93,521.71
45,12,47.22,1401.5,8.402,642.23,393,1589.56,2387.95,2387.95,9074.9,8149.41,39.0,23.4707,554.55,522.52
45,13,47.18,1396.11,8.4204,641.83,391,1580.03,2388.04,2388.02,9074.75,8157.31,38.95,23.4372,554.64,523.07
45,14,47.0,1395.27,8.3869,642.2,392,1578.76,2387.99,2388.0,9076.98,8154.58,38.98,23.463,554.56,522.68
45,15,47.34,1399.03,8.3869,642.15,392,1585.59,2387.98,2388.04,9068.15,8152.81,38.99,23.3841,555.12,521.74
45,16,47.22,1396.88,8.3892,642.28,392,1586.88,2387.93,2387.96,9068.3,8150.84,38.98,23.5026,554.87,522.23
45,17,47.06,1406.43,8.3696,642.06,391,1583.64,2388.0,2388.05,9070.49,8152.64,38.85,23.4428,554.16,522.62
45,18,47.2,1400.46,8.4012,642.47,392,1590.93,2388.0,2388.0,9067.69,8158.15,39.0,23.3411,554.32,522.26
45,19,47.15,1390.08,8.3959,641.91,392,1584.73,2388.01,2387.96,9070.81,8151.07,39.09,23.3803,554.84,522.32
45,20,47.33,1394.04,8.3932,642.11,391,1589.46,2388.01,2387.96,9071.12,8149.96,38.97,23.4737,554.0,521.62
45,21,47.15,1396.32,8.3811,642.23,391,1582.61,2388.04,2387.98,9079.16,8149.71,39.15,23.3855,554.12,522.02
45,22,47.14,1404.5,8.387,642.64,391,1583.37,2387.93,2387.99,9072.85,8154.55,39.12,23.4677,553.71,522.33
45,23,47.17,1391.76,8.4418,642.31,391,1590.53,2387.97,2388.02,9070.83,8158.59,38.92,23.3783,554.6,522.41
45,24,47.3,1406.04,8.4091,642.15,393,1583.11,2388.0,2388.01,9071.34,8152.79,38.96,23.3422,554.47,522.31
45,25,47.18,1397.36,8.3803,642.74,392,1581.95,2387.97,2387.99,9074.31,8154.97,39.09,23.4403,553.77,522.57
45,26,47.24,1405.01,8.3997,641.57,392,1586.48,2387.99,2388.0,9076.04,8151.66,39.16,23.4187,554.65,522.29
45,27,47.18,1403.04,8.3762,641.64,391,1587.1,2387.99,2387.97,9070.97,8150.2,39.01,23.5326,554.16,522.41
45,28,47.0,1396.93,8.4205,642.0,392,1588.32,2387.99,2388.02,9069.58,8147.45,39.12,23.3835,554.15,522.6
45,29,47.12,1394.31,8.369,641.66,392,1586.43,2388.0,2387.96,9073.6,8149.98,38.84,23.4971,554.12,522.35
45,30,47.25,1398.59,8.3854,641.87,393,1578.31,2387.96,2388.0,9073.33,8149.15,38.94,23.3643,554.54,522.51
45,31,47.09,1401.2,8.4278,641.99,390,1592.57,2388.02,2388.0,9075.67,8153.18,38.92,23.2955,554.35,522.1
45,32,47.26,1395.14,8.4265,642.83,393,1586.52,2387.99,2387.95,9080.29,8147.43,38.98,23.4345,555.01,522.09
45,33,47.25,1395.86,8.3851,642.15,391,1587.98,2388.01,2388.0,9068.15,8154.57,38.97,23.4007,555.55,522.58
45,34,47.25,1394.74,8.3669,642.1,391,1592.79,2388.04,2387.95,9078.64,8148.39,38.9,23.4692,554.88,522.47
45,35,47.23,1400.39,8.4195,642.21,391,1585.5,2387.98,2388.02,9074.8,8153.12,39.04,23.5263,553.55,522.22
45,36,47.21,1397.19,8.4203,642.04,389,1585.16,2388.0,2388.03,9079.73,8151.94,39.12,23.3833,554.61,522.41
45,37,47.12,1403.56,8.3982,641.71,394,1580.55,2388.01,2387.98,9066.42,8155.47,38.93,23.3336,554.06,522.26
45,38,47.21,1401.91,8.4212,642.21,391,1583.07,2387.93,2388.03,9074.13,8152.47,38.96,23.4666,554.7,522.53
45,39,47.18,1392.69,8.4237,641.98,391,1589.63,2388.0,2388.01,9074.44,8152.8,38.99,23.4472,554.23,522.39
45,40,47.15,1400.18,8.4236,642.08,391,1581.91,2388.03,2387.92,9069.2,8154.85,39.05,23.3772,554.53,522.25
45,41,47.42,1400.5,8.3765,642.24,391,1586.62,2387.97,2387.97,9069.24,8153.24,38.82,23.3982,554.2,522.64
45,42,47.13,1396.96,8.3982,642.32,392,1585.49,2387.98,2387.96,9069.85,8152.29,38.9,23.4523,553.89,522.65
45,43,47.14,1401.41,8.3868,642.17,392,1587.28,2387.92,2387.96,9071.84,8152.4,39.08,23.5111,554.97,522.6
45,44,47.09,1394.7,8.4357,642.07,393,1586.47,2387.97,2387.98,9074.08,8145.36,38.85,23.3458,553.98,522.27
45,45,47.23,1398.05,8.3932,642.15,392,1595.0,2388.03,2387.96,9079.61,8160.05,38.99,23.302,554.16,522.57
45,46,47.31,1401.57,8.4015,643.17,393,1588.53,2388.02,2388.03,9062.84,8152.05,38.92,23.4281,554.66,521.68
45,47,47.14,1403.25,8.4099,641.91,391,1581.36,2387.99,2388.0,9074.87,8156.51,39.06,23.3755,555.01,522.51
45,48,47.26,1392.41,8.393,642.02,391,1590.0,2388.01,2388.02,9069.51,8151.33,39.07,23.4273,554.45,521.92
45,49,47.24,1403.24,8.4343,642.18,391,1580.0,2388.02,2388.06,9062.9,8149.36,38.91,23.4004,553.76,522.28
45,50,47.47,1404.79,8.3901,641.62,391,1588.67,2387.99,2388.02,9072.56,8155.53,38.94,23.4344,554.23,522.37
45,51,47.23,1403.06,8.386,642.69,393,1582.0,2388.04,2387.98,9072.97,8146.61,38.9,23.3697,554.51,522.43
45,52,47.37,1394.36,8.4097,642.68,392,1579.54,2388.03,2388.02,9074.14,8154.23,39.07,23.3703,554.97,522.51
45,53,47.4,1405.98,8.4051,642.34,391,1586.75,2388.01,2387.96,9072.92,8154.06,38.73,23.4671,554.45,521.63
45,54,47.3,1395.67,8.3898,642.62,392,1585.88,2388.03,2388.02,9079.19,8153.55,39.0,23.4379,554.98,522.57
45,55,47.21,1405.3,8.4216,641.84,392,1584.92,2387.97,2388.07,9077.01,8152.46,38.96,23.2986,554.25,522.66
45,56,47.12,1404.08,8.4091,642.12,392,1586.36,2388.01,2387.99,9070.34,8154.53,39.03,23.419,554.05,521.88
45,57,47.3,1407.04,8.4117,642.23,391,1590.47,2388.0,2387.98,9074.2,8152.93,39.06,23.3349,554.29,521.97
45,58,47.31,1406.97,8.4252,642.46,392,1576.54,2388.0,2387.95,9065.63,8149.03,39.1,23.4298,553.94,521.87
45,59,47.41,1402.79,8.4057,642.11,392,1584.14,2388.04,2388.0,9069.23,8145.97,38.98,23.4285,554.23,522.06
45,60,47.28,1401.7,8.4207,642.43,392,1583.83,2387.96,2388.04,9071.75,8152.56,38.93,23.4548,554.56,521.72
45,61,47.42,1397.41,8.3744,641.93,389,1583.9,2388.02,2387.98,9072.21,8151.77,38.96,23.3939,554.28,522.11
45,62,47.31,1399.12,8.4062,642.66,391,1591.98,2388.04,2388.0,9069.02,8155.37,38.82,23.3384,554.09,522.0
45,63,47.32,1395.48,8.4038,642.07,390,1584.08,2387.97,2388.01,9058.36,8151.11,39.08,23.4599,554.46,522.33
45,64,47.25,1400.19,8.4047,642.49,393,1589.82,2388.0,2388.02,9076.76,8152.16,38.99,23.4297,554.36,522.7
45,65,47.11,1407.63,8.4138,642.39,392,1593.18,2388.03,2387.99,9074.89,8153.75,39.07,23.4085,553.17,521.91
45,66,47.29,1396.07,8.3846,641.96,392,1585.76,2388.03,2388.06,9078.16,8158.91,38.94,23.4591,554.12,521.51
45,67,47.27,1396.55,8.4191,641.87,391,1585.9,2388.0,2388.0,9074.27,8148.59,38.7,23.4329,554.89,522.27
45,68,47.21,1398.97,8.4287,642.58,394,1583.13,2388.04,2388.02,9072.54,8154.91,39.02,23.4152,554.56,522.62
45,69,47.31,1395.54,8.3977,642.62,392,1587.53,2388.03,2388.01,9068.4,8156.75,39.01,23.4174,554.43,522.0
45,70,47.33,1395.88,8.4105,642.25,393,1574.14,2388.02,2388.05,9075.99,8154.02,38.87,23.2702,554.24,522.34
45,71,47.32,1398.68,8.3965,642.72,391,1584.31,2388.03,2388.02,9068.0,8150.82,38.99,23.3141,554.32,522.01
45,72,47.33,1404.83,8.4344,642.51,394,1588.4,2388.01,2387.99,9070.99,8160.53,39.03,23.3482,553.97,522.15
45,73,47.06,1399.45,8.4361,642.32,390,1579.67,2388.02,2388.01,9074.6,8151.28,38.88,23.2875,554.46,522.59
45,74,47.29,1397.47,8.4031,642.39,392,1587.38,2388.0,2388.01,9069.21,8149.34,39.03,23.3897,553.85,522.67
45,75,47.28,1403.37,8.4202,642.09,393,1582.95,2388.02,2388.04,9077.66,8153.58,39.06,23.4048,554.38,521.76
45,76,47.31,1395.56,8.4309,642.41,392,1585.34,2388.0,2388.02,9068.63,8152.43,39.04,23.4298,553.7,522.01
45,77,47.27,1407.11,8.4018,642.98,393,1582.0,2388.05,2387.97,9076.65,8155.54,38.9,23.2682,553.99,522.1
45,78,47.33,1395.71,8.3894,642.05,390,1579.35,2388.07,2388.05,9074.31,8153.43,38.87,23.4792,554.51,522.03
45,79,47.35,1399.75,8.4378,642.3,391,1581.95,2388.04,2387.99,9073.85,8155.67,38.9,23.3391,554.33,521.95
45,80,47.22,1399.13,8.4083,642.6,393,1586.31,2388.01,2388.03,9077.19,8150.75,38.93,23.3247,553.95,522.34
45,81,47.29,1403.49,8.4589,642.16,392,1582.74,2388.07,2388.06,9068.24,8149.63,39.11,23.4124,554.57,521.96
45,82,47.3,1403.76,8.4025,642.78,392,1592.09,2388.01,2388.05,9073.74,8156.61,39.0,23.3066,554.35,521.61
45,83,47.28,1410.41,8.4292,642.68,392,1579.5,2388.02,2388.04,9075.82,8153.28,38.87,23.4168,554.71,521.52
45,84,47.49,1397.54,8.4077,642.02,394,1585.48,2387.99,2388.03,9072.28,8156.15,38.93,23.4171,553.65,522.13
45,85,47.33,1401.11,8.4018,641.77,392,1584.73,2388.0,2388.08,9077.11,8156.42,39.04,23.3316,554.19,522.28
45,86,47.34,1409.26,8.4299,642.6,393,1587.16,2387.96,2388.03,9074.73,8150.99,38.82,23.4274,554.04,521.57
45,87,47.18,1402.91,8.4591,642.13,391,1589.53,2388.08,2388.05,9077.44,8156.88,38.94,23.388,553.54,522.16
45,88,47.29,1403.07,8.412,642.32,392,1586.83,2388.02,2388.02,9079.46,8159.28,38.97,23.3189,554.07,521.12
45,89,47.31,1400.39,8.4506,642.41,392,1581.56,2388.06,2387.99,9071.17,8155.7,38.99,23.4733,553.74,521.91
45,90,47.53,1401.74,8.425,642.14,393,1587.53,2388.02,2388.04,9078.87,8146.89,38.86,23.3481,553.81,521.94
45,91,47.6,1407.44,8.4346,642.37,393,1591.12,2388.09,2387.97,9081.26,8156.38,38.82,23.3234,553.99,522.21
45,92,47.47,1401.2,8.3917,643.09,391,1585.68,2388.05,2388.03,9073.35,8151.38,38.96,23.4011,553.95,522.22
45,93,47.32,1404.11,8.4119,642.03,391,1590.02,2388.01,2388.08,9078.34,8155.76,38.87,23.3321,554.4,521.53
45,94,47.29,1405.0,8.4066,641.78,391,1584.07,2388.03,2388.06,9076.52,8156.59,38.89,23.4143,553.66,521.94
45,95,47.4,1408.11,8.4164,642.14,392,1590.07,2388.01,2388.04,9078.37,8152.62,38.88,23.3713,553.85,522.03
45,96,47.31,1402.07,8.4238,642.46,394,1585.39,2388.03,2388.02,9067.52,8153.6,38.89,23.3677,554.26,522.2
45,97,47.46,1416.06,8.434,642.84,395,1578.81,2388.04,2388.11,9069.26,8156.48,38.87,23.3329,554.15,521.8
45,98,47.44,1402.65,8.4396,642.84,392,1591.81,2387.99,2388.03,9079.36,8156.1,38.68,23.267,553.38,521.92
45,99,47.38,1405.05,8.4595,642.53,394,1591.41,2388.07,2388.04,9079.94,8152.12,38.87,23.3479,554.8,521.43
45,100,47.51,1403.26,8.4319,642.89,395,1591.7,2388.06,2387.97,9080.85,8156.89,38.71,23.299,554.07,521.46
45,101,47.5,1408.92,8.4351,642.58,394,1591.14,2388.04,2388.04,9071.98,8161.11,38.84,23.278,553.9,521.37
45,102,47.44,1407.72,8.4191,642.73,393,1591.97,2388.08,2388.02,9080.86,8155.51,39.0,23.3907,553.63,521.93
45,103,47.45,1398.91,8.3856,642.01,393,1591.76,2388.06,2388.09,9076.11,8147.46,38.88,23.2027,553.36,522.3
45,104,47.61,1396.56,8.3956,642.77,393,1590.06,2388.02,2388.1,9076.83,8153.44,38.7,23.2286,554.45,522.11
45,105,47.37,1406.54,8.4226,642.8,393,1592.17,2388.09,2388.06,9073.39,8154.49,39.02,23.3241,553.54,521.46
45,106,47.48,1409.05,8.4638,642.48,392,1585.6,2388.05,2388.09,9081.04,8159.22,38.73,23.1954,553.53,521.22
45,107,47.38,1397.23,8.4508,642.6,393,1587.39,2387.97,2388.05,9075.56,8156.4,38.89,23.2554,553.58,521.67
45,108,47.39,1410.68,8.4465,642.83,392,1596.88,2388.05,2388.04,9082.05,8157.78,38.95,23.2815,554.26,521.32
45,109,47.35,1405.34,8.4216,642.63,392,1588.53,2388.08,2388.08,9082.27,8157.53,38.83,23.2282,553.92,521.66
45,110,47.5,1397.98,8.4521,642.43,394,1592.76,2388.1,2388.04,9079.21,8158.54,38.87,23.3524,553.68,521.83
45,111,47.42,1405.0,8.3702,642.73,392,1592.62,2388.05,2388.1,9081.13,8152.87,38.82,23.2946,553.83,521.23
45,112,47.24,1412.62,8.4468,642.75,393,1589.28,2388.07,2388.03,9075.66,8156.27,38.93,23.3373,554.34,521.2
45,113,47.48,1408.3,8.3983,642.61,393,1596.68,2388.11,2388.08,9077.37,8155.87,38.85,23.2184,554.6,521.43
45,114,47.54,1415.25,8.4353,642.77,393,1588.77,2388.05,2388.09,9081.62,8163.4,38.62,23.2688,553.98,521.37
45,115,47.48,1408.69,8.4043,642.37,392,1591.74,2388.07,2388.04,9071.97,8151.08,38.84,23.2171,553.58,520.65
45,116,47.5,1410.1,8.4404,643.5,395,1590.02,2388.08,2388.08,9081.53,8156.89,39.11,23.354,553.26,521.24
45,117,47.43,1405.87,8.4499,642.77,394,1593.86,2388.1,2388.06,9076.75,8162.54,38.88,23.3067,553.47,521.7
45,118,47.6,1411.91,8.4546,642.34,393,1594.66,2388.07,2388.07,9077.11,8159.07,38.59,23.2377,552.67,520.97
45,119,47.6,1409.28,8.3939,642.7,393,1593.11,2388.09,2388.05,9075.14,8154.04,38.64,23.3484,553.29,521.34
45,120,47.45,1411.55,8.4351,642.61,393,1590.46,2388.04,2388.08,9077.02,8158.59,38.8,23.2702,552.47,521.48
45,121,47.48,1410.42,8.4685,642.58,393,1585.67,2388.07,2388.07,9080.91,8161.53,38.94,23.2883,552.3,521.55
45,122,47.54,1412.71,8.4408,643.23,394,1594.62,2388.09,2388.07,9080.9,8156.17,38.94,23.3446,553.88,520.54
45,123,47.57,1414.6,8.4785,642.7,394,1591.27,2388.09,2388.08,9082.27,8157.38,38.74,23.1985,552.59,521.33
45,124,47.49,1411.03,8.4639,642.56,395,1591.61,2388.03,2388.12,9083.98,8156.54,38.93,23.2577,552.59,522.0
45,125,47.66,1407.79,8.455,642.4,394,1596.69,2388.07,2388.09,9076.55,8153.38,38.78,23.2734,553.08,521.38
45,126,47.6,1410.67,8.4616,643.0,393,1592.58,2388.14,2388.09,9082.73,8157.24,38.78,23.1851,553.49,521.4
45,127,47.71,1408.21,8.4754,642.58,394,1591.46,2388.09,2388.11,9081.53,8155.81,38.66,23.3873,552.81,521.84
45,128,47.71,1412.73,8.4759,642.59,394,1602.34,2388.09,2388.06,9083.23,8160.78,38.8,23.2549,553.48,521.2
45,129,47.57,1407.04,8.4692,643.41,395,1592.32,2388.05,2388.05,9075.13,8157.31,38.57,23.1598,552.35,520.91
45,130,47.71,1407.96,8.4442,642.48,394,1589.37,2388.12,2388.1,9082.35,8158.1,38.6,23.1769,553.14,520.86
45,131,47.77,1420.19,8.4473,642.72,394,1589.95,2388.1,2388.11,9080.63,8154.07,38.77,23.2336,552.55,520.87
45,132,47.59,1424.87,8.4754,642.88,395,1594.96,2388.07,2388.06,9082.57,8160.04,38.84,23.3358,553.03,520.66
45,133,47.7,1411.52,8.4898,642.68,394,1590.71,2388.15,2388.14,9082.44,8159.77,38.67,23.23,552.78,520.86
45,134,47.79,1411.83,8.4388,643.25,395,1594.86,2388.07,2388.13,9088.16,8154.45,38.67,23.1541,552.68,521.08
45,135,47.72,1412.63,8.449,642.76,396,1589.9,2388.13,2388.1,9085.26,8159.2,38.77,23.198,552.17,520.51
45,136,47.87,1419.31,8.4652,642.76,394,1594.54,2388.11,2388.11,9083.38,8159.78,38.6,23.2626,553.04,520.54
45,137,47.8,1422.48,8.4798,643.2,394,1593.87,2388.08,2388.12,9084.08,8163.37,38.46,23.1692,553.69,520.84
45,138,47.77,1421.47,8.4477,643.42,394,1597.93,2388.1,2388.12,9083.26,8156.35,38.7,23.1931,552.52,520.57
45,139,48.02,1420.45,8.4918,642.94,395,1595.91,2388.18,2388.15,9081.3,8158.99,38.53,23.1876,552.61,520.22
45,140,47.91,1416.68,8.5007,642.94,396,1593.51,2388.13,2388.16,9088.53,8161.29,38.63,23.1017,552.04,520.62
45,141,47.96,1412.57,8.4508,643.94,395,1599.46,2388.18,2388.15,9083.55,8164.69,38.75,23.1627,552.14,520.57
45,142,47.85,1421.87,8.4966,643.05,393,1603.39,2388.2,2388.11,9086.14,8159.61,38.44,23.1131,551.93,520.25
45,143,47.8,1421.25,8.462,643.2,394,1597.22,2388.16,2388.14,9089.16,8161.28,38.72,23.1914,553.0,521.01
45,144,47.92,1415.1,8.4885,642.92,395,1595.77,2388.16,2388.13,9087.42,8167.86,38.61,23.195,552.44,520.49
45,145,48.01,1422.74,8.5092,643.03,395,1603.58,2388.15,2388.15,9086.37,8164.1,38.51,23.1288,551.63,520.06
45,146,47.97,1426.24,8.4907,642.82,395,1597.71,2388.2,2388.22,9092.16,8162.01,38.58,23.2119,552.01,520.09
45,147,47.98,1426.02,8.4791,643.18,395,1596.71,2388.15,2388.2,9084.75,8160.11,38.61,23.1206,552.35,519.94
45,148,47.99,1420.69,8.495,642.91,396,1599.65,2388.2,2388.19,9085.29,8153.83,38.46,23.142,551.33,520.15
45,149,48.12,1423.59,8.4827,644.02,395,1599.97,2388.13,2388.21,9090.23,8158.12,38.61,23.0352,552.53,520.02
45,150,47.95,1425.67,8.5046,643.49,396,1604.24,2388.15,2388.18,9086.25,8160.48,38.53,22.9991,551.64,520.08
45,151,47.74,1423.71,8.4864,643.39,395,1600.49,2388.18,2388.17,9085.0,8160.21,38.65,23.044,551.73,519.86
45,152,48.1,1424.4,8.5208,643.42,393,1602.13,2388.16,2388.13,9092.08,8156.48,38.64,22.9761,552.09,520.15
45,153,48.12,1431.16,8.4816,643.34,395,1596.16,2388.17,2388.25,9097.89,8160.53,38.52,23.0736,551.55,520.19
45,154,48.06,1423.22,8.5111,643.46,395,1601.63,2388.19,2388.2,9087.85,8163.2,38.58,23.06,551.3,519.52
45,155,47.97,1430.01,8.5521,643.07,395,1604.21,2388.19,2388.23,9098.38,8162.68,38.35,23.0156,551.31,519.79
45,156,48.35,1431.6,8.5271,643.6,395,1603.98,2388.17,2388.21,9090.97,8159.13,38.49,23.1502,551.9,520.09
45,157,48.18,1432.96,8.5358,644.07,397,1597.36,2388.24,2388.19,9098.48,8167.85,38.4,23.1416,551.11,519.37
45,158,48.29,1437.88,8.5497,643.7,396,1598.55,2388.23,2388.23,9095.15,8160.09,38.22,23.0342,551.59,519.83
46,1,47.2,1391.37,8.4154,642.37,391,1597.38,2388.04,2388.01,9063.04,8137.89,39.13,23.3629,553.92,522.42
46,2,47.18,1409.91,8.3768,641.63,390,1581.33,2388.03,2388.03,9057.81,8140.05,39.03,23.4022,554.36,522.65
46,3,47.33,1397.54,8.3959,642.33,392,1578.91,2387.98,2387.99,9056.65,8142.08,39.15,23.3871,553.62,522.53
46,4,47.19,1396.42,8.4058,642.0,391,1583.15,2388.01,2388.04,9067.27,8146.28,39.11,23.4367,555.05,522.21
46,5,47.15,1398.25,8.3923,641.83,392,1586.45,2388.0,2387.95,9057.52,8140.86,39.06,23.4273,553.8,522.35
46,6,46.97,1400.48,8.4055,642.42,392,1585.59,2388.03,2387.98,9055.37,8146.62,39.0,23.431,554.65,522.35
46,7,47.22,1398.44,8.3926,641.93,391,1584.73,2388.06,2388.01,9049.47,8144.67,39.18,23.4234,554.13,522.3
46,8,47.16,1402.27,8.4,642.07,392,1592.24,2388.0,2388.05,9067.84,8139.77,39.12,23.361,554.05,522.32
46,9,47.07,1400.12,8.3744,641.96,392,1575.2,2387.96,2387.97,9063.14,8143.89,39.03,23.4635,554.9,522.59
46,10,47.04,1400.74,8.414,641.89,392,1584.45,2388.02,2388.02,9055.43,8140.02,39.11,23.4381,554.38,522.28
46,11,47.21,1392.87,8.4321,642.35,392,1580.72,2388.02,2387.97,9057.08,8143.31,39.0,23.3922,554.11,522.13
46,12,47.16,1396.65,8.3862,642.27,392,1579.14,2388.04,2387.99,9064.49,8141.03,38.98,23.4034,553.88,522.19
46,13,47.2,1395.55,8.4539,641.96,391,1578.4,2388.02,2387.98,9057.01,8140.44,39.0,23.4838,554.66,522.63
46,14,47.2,1398.12,8.4041,642.44,392,1590.72,2388.04,2388.02,9063.34,8137.36,39.17,23.4927,553.78,523.11
46,15,47.35,1394.38,8.4215,642.53,390,1595.76,2388.02,2387.95,9061.9,8142.46,39.03,23.4216,554.34,522.53
46,16,47.15,1393.89,8.3871,642.43,391,1580.42,2388.02,2387.98,9062.13,8143.26,39.11,23.402,554.62,522.46
46,17,47.16,1400.88,8.3976,641.81,391,1582.04,2388.01,2387.99,9057.02,8141.34,38.96,23.4,553.93,522.71
46,18,47.3,1406.51,8.3903,642.48,392,1577.11,2388.06,2388.03,9062.05,8139.89,38.8,23.3161,555.06,522.61
46,19,47.14,1399.89,8.3757,642.22,392,1586.32,2387.96,2388.06,9058.52,8141.78,39.08,23.5207,553.74,522.21
46,20,47.23,1396.41,8.3636,641.98,393,1578.05,2388.0,2387.99,9056.82,8140.56,39.04,23.4623,554.42,522.31
46,21,47.22,1400.84,8.4179,641.66,393,1593.58,2388.05,2387.99,9054.32,8140.16,38.84,23.4118,554.67,522.15
46,22,47.12,1396.03,8.4078,642.2,393,1589.03,2388.02,2388.02,9057.12,8134.46,38.96,23.4641,554.97,522.42
46,23,47.13,1393.88,8.4198,642.09,391,1577.46,2387.97,2388.01,9054.54,8142.43,38.89,23.4135,554.33,522.87
46,24,47.26,1406.26,8.3962,641.54,393,1586.69,2388.03,2388.01,9051.35,8148.63,38.87,23.4752,554.31,522.39
46,25,47.36,1399.16,8.372,641.9,393,1583.38,2388.02,2387.94,9058.81,8147.42,39.15,23.5212,554.18,522.76
46,26,47.25,1397.53,8.3991,642.09,392,1581.7,2388.04,2388.04,9052.05,8141.89,39.02,23.3939,554.09,522.51
46,27,47.21,1395.56,8.4032,642.75,390,1582.76,2388.06,2388.02,9059.07,8141.68,38.9,23.4244,554.84,522.36
46,28,47.13,1400.69,8.3893,641.25,392,1584.57,2387.98,2388.06,9059.0,8142.12,39.11,23.4039,554.85,522.55
46,29,47.13,1398.68,8.4077,642.19,392,1577.07,2388.02,2388.03,9059.82,8144.92,39.13,23.485,554.35,521.76
46,30,47.16,1397.7,8.406,642.33,392,1578.99,2388.01,2388.0,9058.95,8141.86,39.14,23.4362,554.34,522.36
46,31,47.05,1396.89,8.3797,642.35,392,1586.94,2388.02,2388.04,9058.14,8134.38,39.16,23.3133,554.66,522.3
46,32,47.14,1403.01,8.4222,641.39,392,1584.24,2388.02,2388.02,9056.41,8148.08,39.08,23.3657,554.53,522.52
46,33,47.26,1400.78,8.3948,642.32,391,1586.57,2387.99,2387.98,9055.39,8140.48,39.04,23.3739,554.86,522.41
46,34,47.16,1390.82,8.378,642.28,391,1584.32,2387.98,2388.03,9060.24,8138.73,39.03,23.3771,554.62,522.34
46,35,47.21,1396.24,8.4236,641.91,392,1585.18,2387.98,2388.06,9064.02,8138.38,39.16,23.4367,554.76,522.72
46,36,47.37,1398.65,8.4049,642.14,391,1582.79,2388.01,2387.99,9060.26,8136.86,38.96,23.4498,554.65,522.28
46,37,47.13,1399.04,8.3863,642.44,391,1589.08,2387.97,2388.04,9064.85,8139.44,39.14,23.4994,554.37,522.39
46,38,47.11,1398.42,8.4093,641.8,391,1592.73,2387.99,2388.01,9064.66,8145.08,39.01,23.361,554.09,522.35
46,39,47.16,1400.02,8.3806,642.51,392,1587.55,2388.0,2388.02,9059.85,8142.67,38.95,23.4235,553.54,522.85
46,40,47.13,1402.52,8.4034,642.26,392,1582.52,2388.01,2387.97,9052.98,8137.32,39.0,23.4005,554.6,522.81
46,41,47.19,1402.66,8.4117,642.06,392,1586.78,2388.04,2387.99,9055.5,8132.46,39.11,23.437,553.82,522.0
46,42,47.14,1402.43,8.4056,642.58,391,1580.61,2388.04,2388.01,9057.95,8136.29,38.95,23.3629,555.52,522.59
46,43,47.17,1398.94,8.4038,641.91,390,1587.01,2388.03,2388.0,9054.4,8137.39,39.17,23.5208,554.43,522.04
46,44,47.44,1400.49,8.3807,642.1,391,1585.31,2387.98,2388.04,9061.58,8137.85,38.85,23.427,554.9,522.32
46,45,47.16,1397.49,8.3736,642.03,392,1582.99,2388.0,2387.95,9056.6,8142.3,39.03,23.4351,554.82,522.39
46,46,47.13,1403.21,8.3888,642.31,390,1585.1,2388.04,2388.05,9058.95,8140.63,39.2,23.4145,553.85,521.72
46,47,47.2,1394.22,8.4278,642.1,393,1587.82,2388.04,2388.04,9054.49,8140.56,38.95,23.4633,554.52,522.36
46,48,47.24,1396.17,8.4034,641.72,391,1586.79,2388.08,2388.02,9058.78,8140.86,39.08,23.505,554.18,522.43
46,49,47.24,1402.59,8.4296,642.19,393,1584.21,2388.06,2387.98,9061.49,8142.27,38.94,23.4069,554.75,522.66
46,50,47.34,1399.0,8.4445,641.88,390,1583.42,2388.01,2388.0,9061.67,8142.49,38.99,23.3023,554.32,521.85
46,51,47.2,1397.22,8.428,642.52,392,1585.09,2388.0,2388.0,9061.15,8139.46,39.12,23.4149,555.13,522.15
46,52,47.26,1402.92,8.3764,641.98,392,1584.31,2388.01,2388.0,9056.88,8140.83,39.1,23.4191,554.59,522.22
46,53,47.31,1393.6,8.4132,641.49,391,1586.15,2388.04,2387.95,9056.28,8136.91,39.1,23.3947,554.33,521.84
46,54,47.19,1403.39,8.4257,641.79,391,1585.71,2388.03,2388.03,9073.82,8146.28,38.91,23.3755,554.83,521.58
46,55,47.28,1399.69,8.3781,641.58,391,1587.89,2388.01,2388.01,9061.45,8139.52,39.03,23.3852,554.8,522.08
46,56,47.34,1392.32,8.4136,641.85,391,1583.58,2387.96,2388.01,9058.45,8140.97,38.87,23.4338,553.72,522.27
46,57,47.19,1396.11,8.4312,641.39,392,1577.48,2387.98,2387.98,9064.05,8144.0,38.98,23.3452,554.91,522.65
46,58,47.01,1394.52,8.3996,641.87,392,1587.2,2388.02,2387.97,9058.52,8136.39,39.05,23.3554,554.1,522.56
46,59,47.15,1398.98,8.3855,642.26,393,1593.24,2388.05,2388.01,9059.68,8142.08,39.04,23.4432,554.62,522.69
46,60,47.22,1394.38,8.3936,642.27,391,1591.28,2388.0,2388.05,9054.93,8142.65,38.95,23.5082,553.38,522.68
46,61,47.33,1396.3,8.3987,642.06,392,1575.38,2388.07,2387.99,9063.35,8143.37,39.08,23.3564,554.02,522.21
46,62,47.26,1396.19,8.3672,642.55,392,1583.99,2388.03,2388.02,9059.58,8149.48,39.21,23.4079,554.93,522.2
46,63,47.17,1397.2,8.3875,641.74,392,1588.73,2387.98,2388.03,9060.93,8141.73,38.93,23.4825,554.92,522.71
46,64,47.17,1393.84,8.4214,642.02,389,1579.38,2388.02,2387.99,9063.85,8136.95,39.15,23.4313,554.16,522.65
46,65,47.06,1403.07,8.431,642.41,391,1580.93,2388.05,2388.02,9060.5,8141.47,38.92,23.4221,553.97,522.56
46,66,47.29,1397.46,8.3816,642.06,391,1582.64,2388.04,2388.01,9066.32,8143.12,39.06,23.3565,554.29,521.91
46,67,47.33,1407.56,8.4051,642.16,392,1586.12,2388.05,2388.01,9049.32,8139.79,38.99,23.4361,553.55,522.53
46,68,47.19,1395.15,8.3639,642.06,390,1581.71,2388.06,2387.95,9060.4,8144.48,38.99,23.4764,554.45,522.19
46,69,47.33,1395.81,8.4124,641.88,391,1581.09,2388.04,2388.04,9059.13,8144.02,38.83,23.4367,554.3,522.18
46,70,46.99,1400.05,8.4089,642.03,392,1596.28,2388.01,2387.96,9057.66,8140.13,39.0,23.3993,554.94,522.8
46,71,47.3,1399.9,8.4163,642.22,392,1579.76,2388.04,2388.02,9057.89,8142.88,38.91,23.3726,554.91,522.08
46,72,47.37,1398.18,8.393,642.15,391,1589.85,2387.98,2387.98,9056.23,8136.08,38.86,23.3318,554.79,521.97
46,73,47.12,1406.88,8.4226,642.67,392,1587.78,2387.98,2388.08,9065.99,8144.54,38.97,23.4898,554.82,522.3
46,74,47.04,1408.11,8.3945,641.8,393,1588.06,2388.02,2387.99,9053.02,8142.38,39.01,23.2357,553.81,521.83
46,75,47.07,1403.82,8.3922,642.34,391,1586.19,2388.02,2387.99,9062.57,8140.39,38.89,23.5176,554.8,522.05
46,76,47.05,1399.72,8.4117,642.15,391,1583.52,2387.98,2388.01,9054.07,8142.05,38.91,23.4025,554.94,522.4
46,77,47.31,1396.77,8.3493,642.25,393,1583.0,2388.0,2388.0,9058.98,8141.0,39.04,23.4126,554.76,522.06
46,78,47.23,1396.5,8.3787,642.34,391,1582.61,2387.99,2388.04,9056.35,8144.3,39.07,23.441,555.11,522.13
46,79,47.28,1399.42,8.3866,642.56,392,1586.46,2388.02,2388.06,9058.01,8143.03,38.78,23.4919,554.8,522.3
46,80,47.25,1396.54,8.4097,642.28,392,1584.89,2388.06,2387.98,9057.38,8139.3,39.02,23.4484,554.02,522.26
46,81,47.16,1407.25,8.4213,642.45,392,1583.75,2388.07,2388.05,9056.13,8134.27,39.03,23.3395,554.8,522.53
46,82,47.26,1401.64,8.4054,641.85,392,1578.57,2388.03,2388.02,9061.87,8142.83,38.9,23.4499,554.67,522.48
46,83,47.33,1402.18,8.394,642.81,392,1585.51,2388.05,2387.99,9061.75,8137.87,39.07,23.3118,554.29,522.36
46,84,47.39,1397.6,8.4105,642.56,390,1586.77,2388.0,2388.03,9055.0,8146.31,39.1,23.297,553.89,521.86
46,85,47.15,1401.49,8.3803,642.2,392,1583.17,2387.97,2388.03,9053.83,8144.18,39.02,23.4152,554.56,522.14
46,86,47.13,1401.22,8.3626,642.01,393,1585.1,2387.99,2388.01,9061.72,8139.78,38.9,23.3292,553.9,522.1
46,87,47.14,1397.32,8.4056,642.09,390,1577.48,2388.01,2388.03,9067.01,8142.67,39.0,23.2666,554.08,522.21
46,88,47.09,1402.9,8.4446,642.17,392,1584.29,2387.99,2387.99,9059.92,8141.52,39.04,23.4295,554.49,522.31
46,89,47.25,1400.32,8.3874,641.94,391,1585.92,2388.02,2388.04,9057.27,8143.38,38.96,23.418,554.48,522.03
46,90,47.32,1397.15,8.4117,642.26,392,1583.33,2388.0,2388.0,9058.08,8138.33,38.98,23.4245,554.9,522.06
46,91,47.28,1395.06,8.4373,642.2,392,1582.65,2387.99,2388.07,9059.8,8137.13,38.96,23.3558,554.31,521.61
46,92,47.33,1391.34,8.4096,642.17,393,1586.37,2387.96,2388.02,9057.2,8139.71,38.89,23.4494,553.51,522.18
46,93,47.21,1399.69,8.4084,641.77,392,1583.12,2388.01,2388.04,9054.91,8140.76,38.83,23.3974,554.0,522.18
46,94,47.49,1399.85,8.3899,641.63,392,1582.07,2388.02,2388.04,9059.23,8139.96,39.04,23.3005,554.06,522.11
46,95,47.12,1391.34,8.392,641.95,392,1589.76,2388.0,2388.03,9054.98,8140.47,38.95,23.4605,554.28,522.44
46,96,47.38,1395.81,8.4068,642.35,390,1584.95,2388.04,2387.96,9060.66,8140.81,38.98,23.4058,553.89,522.3
46,97,47.13,1400.53,8.3642,642.25,393,1589.59,2388.01,2388.05,9049.64,8141.08,39.0,23.3348,554.61,521.88
46,98,47.36,1401.72,8.3901,642.45,391,1582.07,2388.06,2387.98,9058.6,8141.34,38.95,23.3921,554.1,522.27
46,99,47.29,1395.97,8.4466,642.12,391,1583.66,2388.08,2388.05,9058.63,8140.95,39.02,23.4395,554.2,522.17
46,100,47.26,1400.26,8.3898,642.09,392,1589.3,2388.0,2388.05,9057.93,8145.34,39.05,23.4893,554.1,522.32
46,101,47.31,1402.98,8.4166,642.25,391,1584.69,2387.98,2388.01,9064.03,8138.27,39.01,23.402,554.96,521.59
46,102,47.24,1401.17,8.3912,642.14,391,1589.9,2388.03,2388.02,9054.08,8139.34,39.15,23.3576,554.7,522.66
46,103,47.31,1399.28,8.4073,642.31,392,1589.09,2388.01,2388.03,9055.95,8136.66,39.11,23.415,554.16,521.75
46,104,47.22,1398.41,8.3629,642.33,391,1586.11,2388.02,2388.02,9060.42,8141.37,39.18,23.3154,554.85,521.69
46,105,47.15,1403.97,8.4275,642.06,391,1581.5,2388.08,2388.01,9060.87,8142.52,39.0,23.3966,553.93,521.6
46,106,47.43,1404.25,8.4221,642.56,392,1588.31,2388.05,2388.01,9055.11,8140.16,38.9,23.4498,554.16,521.92
46,107,47.25,1403.38,8.4037,642.09,392,1585.39,2388.06,2388.02,9057.05,8139.85,38.8,23.322,554.71,521.87
46,108,47.34,1396.58,8.4204,642.3,393,1584.56,2388.03,2388.1,9065.47,8145.32,39.15,23.4501,554.3,522.47
46,109,47.47,1402.55,8.4433,642.17,390,1584.41,2388.06,2388.1,9056.69,8143.94,39.0,23.3571,554.12,522.06
46,110,47.13,1406.25,8.3737,642.03,393,1589.15,2388.02,2388.04,9068.88,8141.25,38.85,23.3725,554.23,522.0
46,111,47.08,1409.16,8.3892,641.86,394,1578.0,2388.03,2388.09,9055.15,8143.54,39.17,23.3686,554.85,522.17
46,112,47.32,1405.23,8.4228,642.11,392,1588.49,2388.04,2388.03,9052.49,8141.14,38.85,23.3221,553.52,522.33
46,113,47.45,1398.14,8.405,642.87,391,1579.88,2388.01,2387.99,9062.32,8139.62,38.97,23.4215,554.22,522.31
46,114,47.26,1403.2,8.4067,642.41,392,1584.35,2388.03,2388.01,9057.24,8142.93,38.99,23.4489,554.18,522.21
46,115,47.46,1396.37,8.4094,642.06,392,1580.11,2388.06,2388.03,9051.95,8137.15,38.67,23.4419,553.86,521.87
46,116,47.28,1396.1,8.4316,642.12,392,1576.85,2388.04,2388.11,9057.68,8143.14,38.93,23.3224,554.75,521.71
46,117,47.38,1399.41,8.4092,641.61,392,1590.28,2388.04,2388.03,9056.82,8138.28,38.9,23.4433,553.77,521.64
46,118,47.27,1403.76,8.4099,642.82,394,1585.61,2388.05,2387.98,9060.45,8144.58,38.94,23.237,553.71,522.19
46,119,47.39,1403.84,8.406,642.36,392,1580.69,2388.0,2388.07,9056.51,8138.85,38.84,23.3283,553.26,522.01
46,120,47.36,1402.52,8.4207,642.22,391,1589.39,2388.03,2388.05,9057.94,8142.0,38.97,23.3124,553.91,522.14
46,121,47.28,1403.22,8.41,643.06,395,1588.51,2388.01,2388.02,9063.61,8141.2,39.17,23.4114,553.87,522.07
46,122,47.29,1402.71,8.411,642.32,393,1590.31,2388.05,2388.07,9059.45,8139.26,39.03,23.3797,554.02,521.58
46,123,47.41,1404.42,8.4331,642.24,392,1585.83,2388.05,2388.07,9060.72,8136.81,38.92,23.3296,553.66,522.22
46,124,47.3,1397.0,8.4279,642.34,390,1591.26,2388.07,2388.05,9061.42,8139.73,38.85,23.3832,554.4,522.16
46,125,47.17,1397.6,8.4307,642.07,391,1585.72,2388.09,2388.07,9066.73,8138.63,39.11,23.2527,554.1,521.69
46,126,47.34,1401.24,8.3877,642.47,393,1584.82,2388.07,2388.01,9059.63,8142.74,38.85,23.3214,554.05,522.22
46,127,47.17,1398.11,8.4641,642.57,392,1576.26,2388.05,2388.01,9054.58,8139.11,39.08,23.3481,553.99,522.28
46,128,47.29,1401.05,8.4186,642.07,391,1591.44,2388.02,2388.01,9060.23,8138.25,38.83,23.3598,554.47,522.12
46,129,47.22,1401.19,8.434,642.06,391,1588.78,2388.08,2388.05,9061.19,8143.35,38.85,23.402,554.45,521.17
46,130,47.29,1401.71,8.3919,642.12,393,1585.19,2388.04,2388.04,9059.13,8137.32,39.04,23.212,553.65,521.91
46,131,47.35,1402.75,8.3925,642.65,391,1590.0,2388.02,2388.0,9058.74,8142.95,38.99,23.4089,553.69,522.09
46,132,47.26,1399.16,8.3925,642.36,393,1593.0,2388.09,2388.06,9058.48,8134.18,38.81,23.3511,554.46,521.69
46,133,47.29,1402.53,8.418,642.32,392,1587.8,2387.98,2388.02,9055.74,8142.07,38.94,23.2599,553.85,522.34
46,134,47.31,1397.17,8.391,642.48,393,1584.94,2388.1,2388.03,9060.95,8138.41,38.77,23.4341,554.17,521.79
46,135,47.29,1400.67,8.3862,642.46,392,1581.75,2388.05,2388.07,9062.22,8146.17,38.95,23.3298,553.71,522.29
46,136,47.3,1398.29,8.3827,642.74,392,1589.92,2388.0,2388.06,9059.0,8138.26,39.03,23.3075,554.14,521.68
46,137,47.34,1394.91,8.4261,642.35,392,1584.34,2388.01,2388.01,9061.74,8136.68,38.86,23.3635,553.77,521.95
46,138,47.41,1399.29,8.4179,642.21,394,1581.99,2388.01,2388.08,9053.81,8144.75,39.11,23.4079,554.22,521.78
46,139,47.35,1398.9,8.4434,642.23,392,1578.2,2388.03,2388.07,9057.99,8143.31,38.95,23.358,554.38,522.26
46,140,47.43,1402.27,8.3996,642.49,391,1585.37,2388.08,2387.99,9063.03,8138.68,38.89,23.4183,554.1,521.92
46,141,47.39,1399.21,8.4176,642.32,392,1588.41,2388.11,2388.08,9057.14,8138.24,39.06,23.4283,553.86,521.65
46,142,47.29,1404.14,8.4413,642.58,393,1597.06,2388.05,2388.05,9065.38,8141.83,39.0,23.3789,554.62,522.17
46,143,47.32,1410.27,8.4076,642.42,391,1576.86,2388.03,2388.03,9055.04,8139.21,38.99,23.306,554.41,521.98
46,144,47.32,1398.11,8.4529,642.39,392,1585.54,2388.0,2388.03,9061.27,8141.47,38.91,23.3589,554.08,521.82
46,145,47.5,1402.98,8.422,642.41,394,1583.38,2388.06,2388.04,9056.31,8138.55,38.9,23.2635,553.37,522.48
46,146,47.17,1400.02,8.4148,642.87,393,1585.59,2388.06,2388.02,9051.09,8133.43,38.92,23.2654,553.48,521.65
46,147,47.49,1400.17,8.4295,642.63,392,1587.11,2388.1,2388.06,9062.11,8143.02,38.88,23.367,553.61,521.81
46,148,47.41,1391.66,8.4126,641.98,393,1586.2,2388.08,2388.08,9063.75,8145.36,39.02,23.3815,553.69,522.39
46,149,47.2,1407.4,8.44,642.27,393,1599.0,2388.08,2388.06,9062.18,8138.8,39.0,23.4244,553.13,521.73
46,150,47.61,1405.9,8.3967,642.53,393,1588.86,2388.06,2388.03,9056.77,8142.17,38.94,23.4362,554.48,521.88
46,151,47.37,1399.71,8.4208,642.59,391,1591.88,2388.05,2388.08,9056.38,8141.19,38.9,23.3098,554.14,521.32
46,152,47.62,1406.12,8.4533,642.19,392,1589.74,2388.06,2388.08,9063.32,8136.47,38.85,23.3182,553.91,521.34
46,153,47.58,1398.14,8.3802,642.38,392,1592.88,2388.04,2388.09,9059.76,8140.67,39.06,23.3956,553.5,522.04
46,154,47.44,1402.48,8.4453,642.44,393,1581.87,2388.1,2388.09,9063.87,8138.97,38.89,23.4027,554.15,521.8
46,155,47.47,1407.71,8.4148,642.82,393,1584.59,2388.1,2388.13,9053.83,8135.05,38.74,23.3113,553.29,522.04
46,156,47.28,1406.28,8.4433,642.15,393,1582.61,2388.07,2388.11,9061.27,8139.34,38.95,23.4514,553.43,521.65
46,157,47.41,1408.52,8.4057,642.41,393,1585.54,2388.06,2388.09,9055.99,8133.51,38.98,23.3122,553.75,521.78
46,158,47.54,1398.19,8.4519,642.65,391,1584.83,2388.04,2388.07,9054.0,8139.3,38.83,23.2787,553.94,521.43
46,159,47.45,1406.27,8.3813,642.45,392,1584.8,2388.02,2388.04,9066.24,8137.58,38.75,23.4059,554.21,521.65
46,160,47.4,1404.36,8.4205,642.22,393,1590.53,2388.05,2388.04,9055.21,8136.15,38.81,23.328,553.72,521.66
46,161,47.46,1409.91,8.4161,642.21,392,1589.13,2388.09,2388.06,9053.11,8137.15,38.8,23.331,553.9,522.15
46,162,47.55,1403.82,8.4127,642.35,393,1584.18,2388.09,2388.05,9059.61,8140.09,38.86,23.3498,553.33,522.0
46,163,47.35,1403.75,8.4454,642.54,394,1591.17,2388.06,2388.09,9058.78,8139.77,39.01,23.3471,553.44,521.96
46,164,47.27,1406.39,8.4037,642.51,394,1592.86,2388.08,2388.13,9064.28,8141.84,38.84,23.3656,553.92,521.76
46,165,47.54,1406.71,8.4254,641.79,393,1591.36,2388.05,2388.11,9060.84,8145.36,38.87,23.3645,553.8,521.49
46,166,47.49,1413.01,8.4128,642.28,392,1589.3,2388.07,2388.11,9060.18,8144.62,38.94,23.4135,553.64,521.6
46,167,47.49,1410.44,8.4458,642.78,394,1589.49,2388.1,2388.08,9050.57,8138.09,38.82,23.3903,553.95,522.22
46,168,47.29,1402.62,8.3989,642.36,392,1581.13,2388.08,2388.07,9060.2,8134.63,38.92,23.3384,553.5,522.16
46,169,47.43,1412.88,8.4368,642.59,393,1589.57,2388.09,2388.09,9061.79,8139.7,38.95,23.1819,553.42,521.22
46,170,47.57,1401.72,8.4206,641.97,393,1584.25,2388.01,2388.09,9065.48,8138.85,38.96,23.3698,554.05,522.16
46,171,47.3,1399.5,8.4138,642.08,393,1585.77,2388.05,2388.01,9059.04,8139.63,38.95,23.325,554.26,521.67
46,172,47.33,1400.21,8.4547,642.8,392,1591.14,2388.09,2388.12,9063.83,8135.69,38.81,23.3427,553.46,520.96
46,173,47.62,1407.57,8.4195,642.45,392,1590.03,2388.13,2388.12,9057.5,8142.69,38.75,23.402,553.79,521.6
46,174,47.65,1405.46,8.4364,642.67,394,1590.89,2388.06,2388.1,9065.96,8143.97,38.58,23.3459,554.04,521.3
46,175,47.6,1410.57,8.4555,642.45,392,1592.7,2388.05,2388.09,9057.99,8141.77,39.02,23.335,553.66,521.94
46,176,47.56,1406.87,8.4429,642.93,393,1592.43,2388.12,2388.09,9060.81,8134.99,38.81,23.3313,554.03,521.53
46,177,47.41,1398.33,8.3992,642.52,392,1595.76,2388.08,2388.08,9060.2,8144.14,38.89,23.3006,553.6,521.49
46,178,47.42,1404.84,8.422,642.37,392,1590.92,2388.09,2388.07,9060.55,8136.73,38.84,23.1322,553.51,521.23
46,179,47.67,1410.92,8.4571,642.91,392,1589.62,2388.08,2388.04,9066.41,8136.92,39.02,23.3236,553.56,521.33
46,180,47.39,1409.72,8.4417,642.68,392,1588.08,2388.14,2388.11,9064.73,8137.7,38.75,23.2622,552.82,521.42
46,181,47.51,1403.43,8.4288,642.5,393,1591.55,2388.14,2388.07,9064.51,8131.82,38.87,23.3231,553.69,521.28
46,182,47.65,1403.75,8.4341,642.8,393,1590.19,2388.1,2388.07,9056.87,8134.78,38.72,23.351,554.05,521.07
46,183,47.55,1412.53,8.4479,642.71,394,1589.82,2388.09,2388.11,9059.43,8139.51,38.84,23.2896,553.0,521.97
46,184,47.51,1405.93,8.4309,642.43,394,1586.52,2388.09,2388.12,9053.34,8131.55,38.81,23.2412,553.06,521.27
46,185,47.51,1403.91,8.433,643.14,394,1588.13,2388.09,2388.13,9058.72,8138.29,38.97,23.2541,553.27,521.38
46,186,47.57,1406.41,8.4634,642.46,393,1586.31,2388.05,2388.11,9055.41,8134.12,38.88,23.2476,553.78,521.33
46,187,47.55,1404.1,8.4543,642.66,393,1590.92,2388.1,2388.1,9060.57,8137.2,38.74,23.1666,552.86,521.32
46,188,47.7,1401.12,8.4304,642.67,393,1592.47,2388.1,2388.09,9055.6,8139.91,38.89,23.2724,553.19,521.43
46,189,47.56,1413.48,8.427,642.75,394,1584.23,2388.19,2388.16,9049.89,8140.0,38.8,23.2674,552.37,521.1
46,190,47.73,1403.57,8.4685,642.87,393,1585.6,2388.11,2388.1,9064.48,8134.41,38.78,23.3385,554.27,521.47
46,191,47.53,1411.98,8.455,642.46,393,1594.04,2388.07,2388.06,9053.69,8137.87,38.82,23.2851,553.22,521.47
46,192,47.54,1407.14,8.4528,642.32,393,1590.97,2388.12,2388.1,9053.82,8141.62,38.79,23.2335,553.14,520.94
46,193,47.62,1412.8,8.5175,642.6,393,1583.92,2388.13,2388.06,9060.05,8136.43,38.85,23.3074,553.51,521.06
46,194,47.5,1405.65,8.4753,642.9,393,1590.96,2388.03,2388.09,9056.39,8136.44,38.81,23.1438,553.62,521.66
46,195,47.65,1409.92,8.4465,642.95,394,1594.64,2388.12,2388.15,9060.57,8142.79,38.7,23.2502,553.1,521.44
46,196,47.57,1412.13,8.432,642.63,393,1594.68,2388.09,2388.1,9054.93,8135.27,38.94,23.2858,554.21,520.79
46,197,47.64,1410.07,8.4942,642.53,393,1585.77,2388.19,2388.19,9063.52,8131.37,38.92,23.2423,553.43,521.4
46,198,47.54,1416.63,8.4578,643.29,394,1595.46,2388.14,2388.11,9056.1,8133.56,38.87,23.2968,553.27,521.54
46,199,47.63,1418.39,8.4337,642.37,393,1594.03,2388.13,2388.04,9066.47,8135.77,38.71,23.2721,553.52,521.19
46,200,47.66,1413.03,8.4323,642.84,394,1590.0,2388.14,2388.19,9054.92,8138.03,38.67,23.2213,553.48,520.82
46,201,47.66,1410.45,8.4579,642.76,393,1597.84,2388.15,2388.15,9054.58,8131.41,38.76,23.3409,552.91,521.13
46,202,47.65,1407.87,8.4453,642.9,394,1587.11,2388.15,2388.12,9057.64,8130.53,38.91,23.2074,552.97,521.27
46,203,47.58,1415.19,8.4557,643.24,394,1593.95,2388.13,2388.11,9056.74,8135.21,38.46,23.179,553.62,520.79
46,204,47.67,1408.69,8.4589,642.89,393,1590.84,2388.16,2388.15,9059.25,8134.98,38.71,23.3654,552.91,521.3
46,205,47.7,1412.51,8.4431,642.17,395,1586.56,2388.12,2388.15,9055.49,8134.13,38.67,23.2765,553.15,521.16
46,206,47.65,1409.29,8.465,642.67,393,1595.42,2388.09,2388.16,9065.06,8133.82,38.74,23.2905,552.64,521.58
46,207,47.66,1414.38,8.4562,642.96,393,1583.59,2388.19,2388.12,9053.79,8133.18,38.85,23.2375,552.77,520.9
46,208,47.6,1409.99,8.4713,642.38,394,1590.81,2388.15,2388.15,9058.21,8137.29,38.95,23.293,553.08,520.26
46,209,47.76,1405.62,8.4453,643.77,394,1591.19,2388.14,2388.15,9047.88,8139.07,38.6,23.2775,553.19,521.06
46,210,47.8,1413.19,8.4864,643.12,395,1593.6,2388.16,2388.11,9052.99,8136.06,38.72,23.1658,552.89,520.83
46,211,47.54,1418.27,8.492,642.57,393,1588.32,2388.17,2388.12,9061.15,8140.84,38.93,23.2325,552.18,521.2
46,212,47.54,1414.68,8.4549,642.95,393,1591.71,2388.17,2388.19,9053.66,8138.02,38.66,23.1836,553.51,520.87
46,213,47.84,1412.55,8.4701,643.06,393,1593.17,2388.15,2388.17,9058.08,8134.11,38.49,23.2152,552.8,521.26
46,214,47.61,1419.95,8.4201,643.12,393,1590.3,2388.13,2388.19,9060.02,8141.92,38.75,23.315,552.67,521.27
46,215,47.87,1414.73,8.4318,642.93,393,1593.56,2388.18,2388.12,9053.16,8136.94,38.61,23.265,552.66,521.24
46,216,47.81,1421.8,8.447,642.99,393,1593.96,2388.16,2388.17,9056.16,8134.67,38.6,23.2757,552.62,521.0
46,217,47.83,1415.76,8.4874,642.88,394,1602.49,2388.13,2388.12,9067.55,8135.92,38.58,23.2442,552.77,520.97
46,218,47.91,1424.43,8.4675,642.72,394,1596.36,2388.2,2388.15,9058.16,8140.89,38.6,23.1174,552.75,520.67
46,219,47.79,1411.71,8.4757,643.32,394,1589.54,2388.16,2388.22,9063.14,8128.12,38.53,23.1473,552.81,520.47
46,220,47.73,1422.97,8.4823,643.34,393,1590.47,2388.21,2388.19,9053.31,8131.88,38.62,23.2802,552.48,520.68
46,221,47.91,1418.26,8.4929,642.98,394,1597.19,2388.18,2388.2,9060.67,8127.91,38.9,23.2823,552.76,520.54
46,222,47.74,1416.66,8.4634,642.88,395,1593.61,2388.21,2388.16,9056.97,8135.91,38.7,23.1989,553.03,521.1
46,223,47.81,1411.61,8.4472,642.98,394,1589.55,2388.14,2388.17,9057.51,8127.96,38.69,23.2243,553.13,520.3
46,224,47.83,1414.86,8.4425,642.97,396,1588.82,2388.18,2388.19,9062.35,8129.72,38.61,23.2332,553.02,520.46
46,225,47.98,1418.5,8.4772,643.45,394,1596.3,2388.2,2388.17,9056.12,8131.2,38.81,23.1286,551.71,520.97
46,226,47.71,1415.17,8.47,642.81,395,1596.51,2388.18,2388.18,9055.12,8134.02,38.55,23.2365,553.06,521.12
46,227,47.91,1409.57,8.4463,642.97,397,1593.94,2388.2,2388.25,9054.44,8134.8,38.54,23.1443,552.46,520.34
46,228,47.76,1413.37,8.488,642.75,396,1588.39,2388.2,2388.18,9056.58,8134.53,38.63,23.0398,552.45,520.56
46,229,47.67,1428.51,8.4753,643.35,394,1589.93,2388.17,2388.22,9054.46,8135.05,38.59,23.215,551.78,521.53
46,230,47.94,1420.94,8.4714,643.72,394,1594.68,2388.15,2388.17,9060.34,8132.47,38.48,23.1996,552.46,520.51
46,231,47.91,1423.59,8.5003,643.11,395,1593.33,2388.16,2388.19,9060.54,8126.3,38.49,23.2047,552.57,520.75
46,232,47.67,1415.79,8.4727,642.88,395,1591.95,2388.18,2388.22,9055.01,8131.66,38.59,23.1672,552.0,520.35
46,233,47.86,1416.7,8.4751,643.05,396,1588.18,2388.2,2388.18,9053.46,8124.84,38.58,23.1161,551.85,520.15
46,234,47.82,1420.76,8.4913,642.81,394,1596.73,2388.23,2388.3,9061.94,8129.47,38.65,23.1071,552.29,520.03
46,235,48.0,1420.9,8.4789,643.47,396,1603.38,2388.17,2388.17,9051.79,8135.71,38.53,23.1439,551.67,520.94
46,236,47.82,1416.92,8.5282,643.12,393,1595.44,2388.22,2388.2,9061.31,8126.39,38.69,23.1484,551.36,520.21
46,237,48.08,1410.64,8.4685,643.08,395,1594.62,2388.17,2388.22,9057.49,8130.91,38.75,23.2151,552.59,519.74
46,238,47.98,1423.18,8.4933,643.2,395,1598.58,2388.21,2388.23,9048.05,8131.29,38.75,23.2362,551.54,519.98
46,239,48.05,1422.03,8.4827,643.68,395,1597.92,2388.16,2388.24,9052.34,8127.51,38.63,23.1421,551.58,520.15
46,240,47.98,1424.97,8.5196,643.0,395,1595.13,2388.23,2388.23,9054.2,8128.39,38.5,23.1914,551.31,520.42
46,241,47.67,1424.73,8.5,642.72,394,1596.83,2388.23,2388.21,9049.94,8128.23,38.52,23.0925,551.82,520.29
46,242,48.07,1427.35,8.4847,642.97,396,1600.41,2388.25,2388.16,9049.52,8125.0,38.68,23.0289,551.99,520.01
46,243,48.13,1421.55,8.5032,643.45,395,1601.32,2388.21,2388.28,9054.42,8126.34,38.49,23.0906,551.99,519.72
46,244,47.88,1419.28,8.494,643.63,394,1594.24,2388.27,2388.23,9055.49,8129.42,38.51,22.9421,551.46,520.39
46,245,48.1,1422.32,8.4829,643.13,395,1603.5,2388.28,2388.24,9054.54,8127.14,38.49,23.0752,551.68,519.83
46,246,48.09,1430.25,8.516,643.59,394,1598.63,2388.25,2388.27,9052.91,8125.87,38.58,23.0992,551.8,519.77
46,247,48.06,1424.21,8.4879,643.2,396,1606.34,2388.3,2388.25,9049.92,8125.05,38.49,23.1393,552.26,519.96
46,248,48.14,1427.26,8.5017,643.71,396,1596.39,2388.3,2388.25,9051.89,8132.02,38.56,23.0529,550.98,520.07
46,249,48.01,1428.19,8.5045,643.26,395,1598.26,2388.28,2388.25,9048.4,8125.79,38.37,23.0572,551.82,519.37
46,250,48.17,1427.77,8.5118,643.7,394,1603.89,2388.27,2388.26,9055.61,8126.87,38.44,23.107,551.33,519.96
46,251,48.16,1426.78,8.5302,643.71,395,1601.83,2388.27,2388.27,9044.42,8123.49,38.44,23.0447,550.74,519.82
46,252,48.23,1426.03,8.4992,643.74,397,1604.29,2388.29,2388.26,9053.35,8126.53,38.68,22.9664,551.22,519.83
46,253,48.33,1425.3,8.5271,644.27,397,1601.35,2388.3,2388.2,9052.47,8127.21,38.43,22.9692,550.83,519.95
46,254,48.11,1430.12,8.504,643.9,396,1595.95,2388.22,2388.32,9053.98,8122.81,38.49,23.0242,550.5,519.97
46,255,48.29,1429.98,8.5249,643.75,396,1602.1,2388.25,2388.26,9057.26,8120.71,38.4,23.1204,550.76,519.99
46,256,48.22,1433.99,8.5052,644.44,397,1602.57,2388.25,2388.32,9041.98,8118.01,38.38,23.017,550.75,519.48
54,1,47.16,1395.54,8.39,642.55,390,1582.13,2388.02,2388.05,9056.97,8139.33,39.16,23.3164,554.37,521.64
54,2,47.23,1399.09,8.3852,642.43,392,1585.29,2388.07,2387.95,9069.85,8145.65,39.2,23.3992,553.95,522.25
54,3,47.15,1406.34,8.4075,642.05,391,1578.18,2388.01,2388.05,9070.61,8145.7,38.94,23.4346,554.45,522.65
54,4,47.15,1395.75,8.4278,642.33,392,1582.9,2388.02,2388.02,9062.2,8142.2,39.08,23.4222,554.43,522.27
54,5,47.23,1396.71,8.4028,641.6,391,1580.9,2387.96,2388.03,9068.9,8145.19,38.75,23.4799,555.07,522.64
54,6,47.11,1402.14,8.4175,641.79,392,1586.12,2388.0,2387.99,9060.9,8142.64,38.98,23.3702,554.68,522.26
54,7,47.24,1399.72,8.4285,642.24,392,1581.51,2387.99,2387.97,9059.89,8141.67,39.11,23.4091,554.26,522.13
54,8,47.05,1391.81,8.3697,642.02,390,1584.37,2388.05,2387.98,9058.02,8140.85,38.81,23.3924,554.44,522.06
54,9,47.22,1398.73,8.4109,642.1,391,1580.37,2388.02,2387.96,9065.66,8143.39,39.15,23.3135,554.04,522.47
54,10,47.11,1397.06,8.4022,641.84,393,1587.73,2388.04,2387.99,9064.51,8147.93,39.08,23.3512,554.66,522.29
54,11,47.09,1395.48,8.4109,642.12,393,1591.03,2388.01,2388.03,9058.35,8143.02,39.11,23.3691,554.29,523.04
54,12,47.12,1400.94,8.4092,642.28,392,1585.08,2387.98,2388.03,9063.6,8146.69,38.95,23.3154,554.95,522.34
54,13,47.17,1398.01,8.3972,642.53,392,1583.77,2388.04,2387.98,9061.23,8144.64,39.03,23.4262,554.28,522.74
54,14,47.24,1400.1,8.3683,642.09,391,1576.44,2388.0,2388.02,9056.18,8145.94,38.85,23.3487,554.16,522.64
54,15,46.99,1396.34,8.3695,642.06,392,1583.65,2387.94,2387.99,9073.32,8139.13,38.92,23.5147,554.91,521.85
54,16,47.22,1392.85,8.3986,642.35,390,1591.18,2387.97,2388.01,9059.68,8140.8,39.15,23.5105,555.05,522.32
54,17,47.04,1394.06,8.4156,642.28,390,1586.23,2388.02,2387.98,9067.37,8147.85,39.03,23.3913,554.31,522.52
54,18,47.23,1393.99,8.4046,641.87,392,1579.23,2388.03,2387.98,9064.42,8143.13,38.97,23.4212,554.92,521.78
54,19,47.24,1399.71,8.38,641.95,391,1584.51,2387.98,2387.99,9067.24,8145.78,39.05,23.4868,554.63,522.98
54,20,47.28,1404.71,8.3898,642.57,391,1580.06,2388.04,2387.99,9054.31,8142.79,38.99,23.462,554.25,521.64
54,21,47.17,1398.54,8.4125,641.86,393,1581.29,2387.98,2388.02,9061.49,8145.69,38.9,23.4714,554.25,522.33
54,22,47.26,1397.13,8.4112,641.99,394,1587.52,2388.03,2388.04,9063.28,8138.29,39.1,23.4519,554.91,522.67
54,23,47.2,1400.76,8.4302,641.9,392,1580.25,2388.02,2387.98,9067.72,8143.88,39.09,23.4204,554.5,522.4
54,24,47.2,1396.06,8.3667,642.68,390,1583.76,2387.98,2388.06,9068.84,8142.22,38.94,23.3466,554.07,522.3
54,25,47.13,1397.93,8.4197,642.19,392,1590.68,2388.04,2388.05,9058.55,8147.84,39.02,23.3691,555.03,522.55
54,26,47.31,1398.27,8.3774,642.21,393,1582.08,2388.04,2388.05,9057.48,8138.98,39.04,23.5266,553.79,522.38
54,27,47.11,1394.06,8.3926,642.09,392,1582.84,2388.01,2388.02,9053.85,8145.69,38.83,23.3941,554.77,522.67
54,28,47.29,1392.16,8.399,641.84,391,1583.22,2387.95,2388.03,9066.71,8142.23,39.13,23.4203,554.32,522.65
54,29,47.09,1404.53,8.3977,642.16,393,1590.72,2388.03,2387.98,9070.18,8146.15,38.98,23.4736,553.43,521.76
54,30,47.22,1401.77,8.3991,642.08,393,1583.34,2388.0,2387.94,9063.97,8144.06,38.89,23.3667,554.51,522.29
54,31,47.26,1402.23,8.3918,642.05,393,1586.25,2387.95,2387.99,9058.49,8140.93,38.83,23.3516,554.76,521.87
54,32,47.09,1398.24,8.433,642.64,391,1584.63,2388.06,2388.02,9060.06,8138.67,39.1,23.4876,553.63,522.15
54,33,47.16,1396.15,8.3916,642.29,392,1578.38,2388.03,2388.0,9067.86,8145.66,39.06,23.5014,554.87,522.49
54,34,47.19,1392.55,8.4157,641.95,391,1583.94,2388.05,2388.04,9058.09,8144.11,38.99,23.4956,554.4,522.18
54,35,47.09,1395.25,8.4028,642.01,391,1574.81,2387.96,2387.97,9054.41,8145.24,39.01,23.3685,555.49,521.79
54,36,47.18,1401.71,8.418,641.76,391,1584.06,2388.02,2388.02,9059.41,8146.64,38.92,23.4342,554.01,522.23
54,37,47.15,1394.68,8.3932,641.9,393,1584.95,2387.99,2387.98,9062.65,8146.16,39.02,23.4406,555.12,522.6
54,38,47.16,1397.08,8.3761,642.28,392,1582.82,2388.05,2388.03,9072.16,8142.01,39.16,23.374,554.42,522.07
54,39,47.27,1393.86,8.4046,642.33,391,1585.26,2388.05,2388.04,9057.94,8154.14,39.05,23.4434,555.54,521.94
54,40,47.23,1396.25,8.3922,642.09,391,1585.52,2388.0,2388.02,9061.11,8140.24,39.0,23.3844,554.35,522.05
54,41,47.42,1398.75,8.4622,642.32,391,1575.94,2387.95,2388.01,9053.22,8147.08,39.08,23.4296,554.73,522.21
54,42,47.28,1394.76,8.3681,642.19,392,1581.22,2387.98,2387.98,9064.97,8144.37,39.14,23.4102,554.95,522.94
54,43,47.22,1387.94,8.4155,642.06,393,1581.53,2387.98,2388.01,9064.46,8146.92,38.98,23.3245,554.79,522.31
54,44,47.35,1392.19,8.4118,641.91,390,1586.91,2388.03,2388.04,9060.22,8148.27,39.11,23.3904,553.85,522.59
54,45,47.22,1399.13,8.4111,642.31,391,1580.91,2387.92,2388.03,9056.38,8140.7,39.09,23.4393,554.18,522.89
54,46,47.34,1399.51,8.4026,642.1,393,1588.99,2388.01,2387.98,9065.35,8141.18,38.99,23.4705,554.5,522.03
54,47,47.14,1392.07,8.4177,642.4,391,1579.86,2388.0,2387.92,9054.24,8139.95,39.0,23.4603,554.66,522.48
54,48,47.26,1393.97,8.4014,642.39,391,1592.11,2388.04,2388.02,9053.38,8138.44,38.89,23.2904,554.05,522.3
54,49,47.11,1405.03,8.3978,642.42,390,1580.66,2387.98,2387.99,9068.95,8143.16,39.02,23.3857,554.51,522.15
54,50,47.2,1397.5,8.3942,642.03,391,1583.54,2388.0,2388.01,9059.66,8147.65,39.22,23.397,554.65,522.53
54,51,47.15,1399.23,8.3969,642.27,392,1583.88,2387.99,2388.01,9056.86,8146.49,39.14,23.491,554.51,522.39
54,52,47.21,1400.04,8.4314,641.98,392,1578.4,2388.08,2387.99,9062.07,8146.33,39.07,23.4506,554.71,522.77
54,53,47.21,1407.54,8.3858,642.33,391,1580.99,2388.01,2388.02,9062.73,8139.72,39.05,23.5125,554.17,522.28
54,54,47.36,1392.46,8.3969,642.1,393,1581.1,2387.97,2387.96,9058.68,8150.49,39.08,23.3928,553.86,522.17
54,55,47.14,1400.43,8.4139,641.57,392,1588.91,2387.95,2388.06,9065.49,8143.76,39.01,23.3442,554.04,521.8
54,56,47.07,1400.81,8.3857,642.49,391,1583.25,2388.02,2387.98,9059.72,8140.18,38.97,23.4216,554.53,522.57
54,57,47.09,1391.68,8.3862,642.39,391,1580.33,2388.0,2387.98,9065.77,8135.89,39.09,23.4079,554.68,522.04
54,58,47.25,1394.56,8.414,642.09,393,1592.4,2388.0,2387.98,9056.27,8143.57,38.99,23.425,554.21,522.17
54,59,47.31,1403.47,8.4188,642.19,393,1585.77,2388.04,2388.04,9057.11,8146.13,38.88,23.4924,554.13,522.34
54,60,47.16,1398.54,8.3943,641.79,392,1575.58,2388.0,2388.01,9063.28,8143.05,38.8,23.3464,554.61,522.77
54,61,47.32,1405.55,8.4097,642.11,389,1579.02,2388.0,2388.03,9061.29,8149.63,38.98,23.3442,554.44,522.05
54,62,47.3,1400.04,8.4045,641.95,390,1581.94,2388.0,2387.95,9067.08,8148.8,38.87,23.4563,554.73,522.47
54,63,47.33,1399.97,8.4121,642.31,393,1576.09,2388.0,2388.01,9063.07,8146.68,39.02,23.5325,554.85,522.17
54,64,47.21,1388.31,8.3846,642.16,390,1592.19,2388.02,2388.0,9060.64,8145.58,39.11,23.3878,555.46,522.37
54,65,47.12,1398.21,8.3755,641.92,392,1593.2,2388.04,2388.01,9061.99,8146.62,39.12,23.3815,554.32,522.18
54,66,47.18,1401.06,8.3853,642.56,392,1583.41,2388.01,2388.08,9062.48,8140.42,39.04,23.3567,554.51,521.99
54,67,47.27,1402.83,8.4087,642.13,392,1586.19,2388.05,2387.97,9068.4,8140.31,38.96,23.3857,553.87,522.4
54,68,47.31,1400.42,8.4191,642.1,393,1590.38,2388.07,2388.02,9070.85,8143.82,39.07,23.4073,555.08,522.09
54,69,47.07,1396.5,8.4058,641.76,392,1581.71,2388.03,2388.02,9057.55,8139.23,38.79,23.4817,554.04,522.12
54,70,47.2,1401.26,8.3866,642.37,393,1590.55,2387.99,2388.04,9059.93,8138.32,38.95,23.3719,553.35,522.01
54,71,47.12,1401.82,8.4279,642.06,392,1592.71,2388.03,2388.0,9065.59,8143.03,38.93,23.3344,554.6,522.81
54,72,47.16,1397.42,8.4358,642.25,393,1585.7,2388.03,2388.01,9062.62,8139.31,38.96,23.4335,554.09,522.36
54,73,47.31,1397.45,8.38,642.41,392,1587.43,2388.02,2388.05,9066.6,8144.37,38.97,23.4108,553.84,522.12
54,74,47.13,1402.04,8.4216,642.13,392,1579.33,2388.03,2388.02,9071.25,8133.34,38.92,23.422,554.93,521.69
54,75,47.34,1402.66,8.4048,641.72,392,1592.22,2388.03,2388.04,9059.69,8147.05,39.04,23.3875,554.71,522.26
54,76,47.29,1401.24,8.384,642.26,391,1588.11,2387.98,2388.03,9062.54,8148.28,38.99,23.3181,553.99,522.92
54,77,47.17,1398.2,8.4038,641.86,391,1584.14,2388.07,2388.02,9064.28,8140.61,39.26,23.3835,554.19,522.32
54,78,47.36,1397.2,8.4292,642.09,391,1590.28,2387.94,2388.01,9069.94,8144.41,39.0,23.4301,554.31,522.36
54,79,47.21,1400.15,8.4239,642.18,394,1587.41,2387.98,2388.07,9058.9,8141.49,38.99,23.4631,554.84,521.69
54,80,47.32,1395.51,8.407,642.61,393,1588.24,2387.96,2387.98,9069.63,8143.82,39.05,23.3775,554.39,522.15
54,81,47.06,1394.95,8.4259,641.95,389,1581.03,2387.98,2387.98,9062.77,8144.58,39.05,23.5036,554.35,522.12
54,82,47.15,1396.24,8.4136,641.88,392,1580.45,2387.97,2388.07,9065.21,8138.76,39.09,23.4048,553.91,521.7
54,83,47.1,1399.51,8.4045,642.01,392,1585.08,2388.02,2388.05,9062.69,8147.57,38.98,23.4566,554.5,521.92
54,84,47.24,1402.32,8.3805,642.62,392,1585.66,2387.98,2387.96,9063.48,8145.29,39.02,23.3948,554.87,522.08
54,85,47.34,1404.67,8.3897,642.65,392,1587.19,2388.01,2388.01,9059.81,8144.16,38.85,23.4286,554.25,522.55
54,86,47.1,1396.17,8.3781,641.66,392,1587.7,2387.99,2388.02,9066.2,8151.19,39.16,23.4151,554.17,522.44
54,87,47.12,1401.18,8.4028,641.7,391,1582.42,2387.95,2388.07,9059.69,8147.5,39.05,23.5472,554.52,522.92
54,88,47.32,1405.93,8.438,642.16,392,1592.99,2388.03,2388.06,9062.78,8145.52,39.02,23.2446,554.04,522.15
54,89,47.24,1404.31,8.378,641.64,391,1594.32,2388.05,2387.98,9063.7,8144.73,38.75,23.4034,554.19,522.42
54,90,47.11,1401.61,8.4034,642.18,392,1590.28,2388.0,2388.06,9061.52,8146.86,39.22,23.3348,553.94,522.35
54,91,47.19,1395.14,8.4275,641.97,392,1582.99,2388.01,2388.0,9070.77,8148.04,38.74,23.3724,554.7,522.2
54,92,47.19,1405.57,8.3814,641.78,392,1589.91,2388.04,2388.0,9062.56,8142.98,39.09,23.4267,554.66,522.45
54,93,47.35,1399.91,8.3879,642.26,392,1586.87,2387.98,2388.0,9060.91,8154.15,39.11,23.3427,554.1,522.03
54,94,47.22,1398.29,8.398,642.14,391,1583.67,2388.01,2387.99,9065.71,8147.83,39.05,23.3228,554.35,522.31
54,95,47.16,1396.98,8.3733,642.57,391,1584.73,2388.05,2387.99,9064.23,8142.83,38.99,23.4781,554.53,522.36
54,96,47.2,1406.2,8.4193,642.3,392,1586.66,2388.07,2387.95,9070.5,8144.58,38.99,23.4314,554.07,522.07
54,97,47.25,1399.02,8.3952,642.31,392,1590.24,2388.05,2388.02,9063.46,8147.36,38.91,23.3373,554.21,522.29
54,98,47.1,1399.51,8.3857,642.55,392,1587.71,2388.03,2388.04,9070.17,8146.95,38.72,23.3219,554.5,522.13
54,99,47.24,1405.55,8.4277,642.47,393,1595.37,2388.01,2388.05,9056.66,8143.82,38.96,23.381,553.74,522.3
54,100,47.27,1399.06,8.4108,642.54,391,1579.7,2388.05,2388.01,9067.43,8149.04,38.97,23.3886,554.41,522.17
54,101,47.07,1387.86,8.4209,642.37,393,1583.81,2388.02,2387.97,9069.96,8152.34,38.84,23.4414,553.75,522.16
54,102,47.23,1396.12,8.4235,642.38,392,1587.64,2388.03,2388.04,9067.94,8149.21,38.88,23.3304,554.8,521.98
54,103,47.4,1403.2,8.3859,641.94,392,1578.25,2387.96,2388.04,9069.75,8151.68,39.19,23.3539,554.08,522.15
54,104,47.39,1397.57,8.3931,641.75,394,1589.03,2388.03,2388.06,9069.25,8145.69,39.18,23.3736,554.23,522.31
54,105,47.23,1398.16,8.4179,642.38,392,1590.66,2387.99,2388.02,9060.17,8144.29,39.07,23.3302,554.63,522.14
54,106,47.16,1393.81,8.4206,642.45,393,1580.18,2388.07,2388.05,9075.17,8148.69,39.03,23.4957,554.2,522.34
54,107,47.3,1402.59,8.4174,642.07,391,1591.93,2387.94,2388.06,9069.3,8147.74,39.04,23.331,554.58,522.18
54,108,47.25,1407.44,8.4114,641.96,392,1590.26,2388.01,2388.0,9068.16,8148.06,38.95,23.3635,553.81,521.75
54,109,47.16,1397.49,8.4329,642.21,392,1580.99,2388.01,2388.04,9070.85,8141.78,38.87,23.3467,554.58,522.23
54,110,47.23,1395.06,8.4171,642.18,393,1587.56,2387.99,2387.96,9064.72,8149.43,39.01,23.3853,554.33,522.23
54,111,47.27,1401.67,8.406,642.53,392,1584.33,2388.04,2388.08,9071.37,8144.78,38.93,23.305,554.11,521.95
54,112,47.29,1407.03,8.449,642.27,393,1587.04,2388.02,2388.01,9069.43,8148.76,38.98,23.4116,554.09,521.81
54,113,47.23,1404.3,8.3938,641.81,392,1586.81,2388.01,2388.04,9070.85,8146.36,38.95,23.3545,555.06,522.58
54,114,47.3,1400.23,8.373,642.07,391,1579.82,2388.06,2388.06,9060.52,8152.2,38.83,23.5004,553.86,522.02
54,115,47.17,1397.34,8.431,642.53,391,1585.47,2388.06,2388.04,9069.18,8148.32,39.07,23.4389,554.41,522.67
54,116,47.27,1393.06,8.3741,642.47,393,1580.79,2388.03,2387.99,9060.95,8148.78,39.01,23.2499,553.6,522.27
54,117,47.25,1404.3,8.4072,642.14,391,1587.44,2388.05,2387.97,9061.4,8149.02,39.13,23.4223,554.6,522.16
54,118,47.33,1404.7,8.411,642.2,391,1587.26,2387.97,2388.05,9073.33,8150.79,38.98,23.3743,554.32,522.23
54,119,47.19,1396.47,8.4074,642.1,391,1589.47,2388.01,2388.03,9072.04,8148.16,39.22,23.4736,554.04,521.59
54,120,47.3,1400.24,8.3673,642.39,391,1582.88,2387.96,2388.05,9060.95,8148.63,39.13,23.4473,553.91,522.16
54,121,47.37,1405.67,8.4211,642.34,392,1591.76,2388.04,2388.06,9066.2,8145.4,38.88,23.3944,554.89,522.27
54,122,47.16,1396.1,8.4187,642.3,391,1593.16,2388.02,2388.02,9061.42,8146.16,38.9,23.4504,554.1,521.98
54,123,47.26,1397.4,8.3968,642.24,391,1590.11,2388.0,2388.05,9067.78,8145.18,39.02,23.336,554.14,522.31
54,124,47.25,1400.53,8.4295,642.17,391,1588.28,2388.01,2388.04,9069.4,8151.85,38.92,23.4611,554.03,521.95
54,125,47.29,1398.09,8.4112,642.33,393,1584.97,2388.06,2387.98,9064.43,8150.82,38.87,23.2206,554.27,522.31
54,126,47.16,1398.05,8.4258,642.3,392,1586.81,2388.05,2388.05,9067.42,8149.23,39.04,23.3668,554.19,521.84
54,127,47.28,1410.12,8.441,642.33,393,1579.33,2387.95,2388.03,9070.64,8152.82,39.01,23.351,553.98,521.68
54,128,47.21,1404.52,8.3677,642.29,392,1583.79,2388.07,2388.01,9071.47,8150.72,39.03,23.351,554.97,521.99
54,129,47.35,1397.57,8.428,642.43,391,1591.09,2388.0,2388.08,9068.62,8148.3,38.85,23.282,554.37,522.12
54,130,47.23,1403.03,8.382,642.74,392,1587.07,2387.98,2388.05,9069.19,8147.85,39.02,23.4425,554.55,521.86
54,131,47.36,1400.96,8.3884,642.34,392,1596.69,2388.11,2388.03,9068.61,8153.56,38.81,23.3771,554.2,521.66
54,132,47.28,1399.96,8.4442,642.06,393,1583.83,2388.02,2388.03,9064.83,8147.86,38.85,23.3743,554.34,522.22
54,133,47.16,1400.45,8.3995,642.14,394,1587.87,2388.01,2388.04,9074.02,8151.7,38.84,23.3821,553.53,521.74
54,134,47.36,1400.55,8.388,642.47,393,1586.43,2388.03,2388.0,9067.65,8153.8,39.04,23.3264,553.89,522.16
54,135,47.31,1392.75,8.4363,642.64,392,1589.29,2387.99,2388.01,9068.1,8152.29,38.93,23.3232,554.16,522.08
54,136,47.45,1395.93,8.4654,642.26,392,1588.03,2388.02,2387.99,9069.66,8148.82,38.87,23.3179,553.85,522.28
54,137,47.33,1399.98,8.4103,642.59,393,1594.35,2388.08,2388.05,9066.73,8160.6,38.99,23.3654,553.76,521.6
54,138,47.43,1405.58,8.4226,642.24,393,1584.89,2388.0,2388.0,9069.42,8152.74,38.83,23.3454,553.73,521.66
54,139,47.23,1402.54,8.4362,642.35,392,1584.74,2388.06,2388.02,9074.57,8155.25,38.92,23.3959,554.21,521.76
54,140,47.36,1399.55,8.3903,642.17,392,1588.78,2388.05,2388.04,9066.44,8152.72,38.95,23.3013,553.75,522.2
54,141,47.34,1403.79,8.3872,642.12,392,1583.48,2387.97,2388.01,9070.0,8151.45,38.91,23.3524,553.9,522.1
54,142,47.31,1397.51,8.416,642.66,394,1588.86,2388.04,2388.08,9069.49,8153.19,38.86,23.3405,554.62,522.1
54,143,47.28,1412.94,8.4223,641.99,392,1584.79,2388.03,2388.06,9071.98,8148.96,39.02,23.2956,553.71,522.36
54,144,47.44,1396.31,8.4307,642.72,391,1584.83,2388.05,2388.08,9065.46,8147.48,39.02,23.237,553.89,522.02
54,145,47.39,1408.93,8.4247,642.52,392,1581.0,2388.02,2388.05,9074.18,8159.35,38.92,23.4516,553.37,522.33
54,146,47.34,1402.27,8.3875,642.17,392,1593.55,2387.99,2388.0,9073.3,8151.21,38.81,23.2543,554.11,521.44
54,147,47.3,1399.66,8.4159,642.34,393,1583.4,2388.06,2388.01,9071.54,8151.84,38.86,23.3899,554.71,521.68
54,148,47.48,1398.66,8.4331,641.64,393,1583.9,2388.07,2388.02,9072.19,8148.57,38.91,23.3755,553.76,522.33
54,149,47.35,1406.46,8.3653,642.39,392,1587.92,2388.06,2388.02,9070.15,8152.37,38.89,23.4141,554.05,521.77
54,150,47.42,1405.82,8.4025,642.15,393,1586.49,2388.02,2388.04,9075.81,8153.87,38.94,23.3954,553.91,521.84
54,151,47.41,1403.9,8.3811,642.03,393,1588.77,2387.99,2388.01,9066.23,8147.3,38.67,23.3216,553.84,522.01
54,152,47.39,1402.0,8.4197,641.97,393,1593.09,2388.06,2388.02,9082.17,8158.72,39.11,23.3556,554.37,521.93
54,153,47.42,1405.25,8.4241,642.27,393,1582.42,2388.03,2388.03,9079.38,8154.8,38.98,23.366,554.09,521.87
54,154,47.14,1402.58,8.4518,642.07,393,1590.96,2388.02,2388.1,9068.79,8148.83,38.96,23.3386,554.39,521.87
54,155,47.43,1400.0,8.4165,642.68,392,1592.73,2388.04,2387.99,9075.08,8151.61,38.86,23.3823,553.87,521.75
54,156,47.2,1409.89,8.414,642.32,393,1586.38,2388.02,2388.02,9068.81,8152.37,38.86,23.4043,553.81,522.25
54,157,47.53,1402.37,8.43,642.9,393,1579.37,2388.12,2388.07,9073.19,8155.4,38.84,23.3749,553.9,521.6
54,158,47.26,1408.51,8.4,642.28,393,1595.5,2388.06,2388.08,9075.49,8160.27,38.92,23.3093,553.86,522.16
54,159,47.19,1402.11,8.426,642.82,392,1584.54,2388.07,2388.0,9069.69,8156.23,38.91,23.3262,553.8,521.84
54,160,47.57,1406.29,8.4214,642.16,392,1594.12,2388.03,2388.06,9078.08,8160.92,38.85,23.4825,554.02,522.09
54,161,47.35,1396.82,8.4676,642.76,393,1596.25,2388.09,2388.03,9080.4,8150.81,38.95,23.3271,553.86,521.99
54,162,47.24,1401.81,8.4103,642.73,392,1594.05,2388.08,2387.99,9075.65,8155.85,38.97,23.2686,553.63,522.41
54,163,47.28,1403.82,8.4271,642.27,393,1577.69,2388.05,2387.99,9077.0,8156.78,38.72,23.2924,553.59,522.2
54,164,47.41,1412.75,8.4034,642.44,393,1587.98,2388.09,2388.03,9079.5,8155.1,39.17,23.348,554.23,521.36
54,165,47.41,1402.31,8.3999,642.29,391,1592.6,2388.03,2388.05,9073.04,8152.71,38.92,23.2709,553.4,521.81
54,166,47.31,1406.89,8.4772,642.65,393,1584.04,2388.0,2388.04,9078.86,8151.75,38.88,23.3116,554.04,521.93
54,167,47.48,1402.07,8.402,642.75,394,1590.85,2388.03,2388.02,9072.75,8153.38,38.97,23.3038,553.58,522.6
54,168,47.41,1417.21,8.456,642.63,393,1587.77,2388.06,2388.02,9080.02,8161.74,39.06,23.3264,554.41,521.92
54,169,47.5,1403.38,8.4073,642.63,394,1587.2,2388.08,2388.04,9075.24,8159.41,38.9,23.3549,553.49,522.01
54,170,47.5,1405.77,8.4475,642.2,393,1581.76,2388.05,2388.04,9086.69,8158.21,38.83,23.3131,553.69,521.51
54,171,47.49,1397.52,8.4224,642.32,394,1586.56,2388.04,2388.0,9076.98,8153.1,38.93,23.2952,553.53,522.03
54,172,47.48,1402.06,8.4205,642.31,393,1586.36,2388.04,2388.05,9066.7,8153.7,38.9,23.4118,553.58,521.69
54,173,47.37,1394.86,8.4143,642.87,394,1595.46,2388.04,2388.03,9081.31,8155.96,38.79,23.2765,553.17,521.89
54,174,47.33,1412.06,8.4478,642.12,393,1593.79,2388.04,2388.01,9078.92,8158.42,38.97,23.2149,554.02,522.12
54,175,47.68,1412.1,8.4451,642.32,394,1587.74,2388.06,2388.08,9082.88,8155.95,39.0,23.2459,552.82,521.74
54,176,47.55,1403.86,8.3991,642.55,394,1586.65,2388.06,2388.02,9074.58,8158.86,38.83,23.3538,553.73,522.39
54,177,47.4,1400.71,8.4455,642.85,393,1588.93,2388.05,2388.01,9077.64,8159.14,38.9,23.3646,554.66,521.17
54,178,47.52,1403.58,8.4536,642.52,393,1588.77,2388.02,2388.02,9079.31,8167.58,38.91,23.3806,553.68,521.87
54,179,47.38,1403.59,8.4589,642.59,393,1589.93,2388.0,2388.03,9079.47,8157.99,38.87,23.3978,553.7,522.32
54,180,47.54,1403.98,8.4211,642.8,392,1585.65,2388.09,2388.01,9085.11,8163.75,38.79,23.3622,554.31,521.24
54,181,47.36,1408.06,8.4866,642.38,393,1593.9,2388.03,2388.02,9088.42,8160.94,38.7,23.4565,553.85,522.01
54,182,47.6,1406.42,8.4483,642.08,393,1589.32,2387.99,2388.09,9082.71,8162.98,38.88,23.2687,554.0,521.77
54,183,47.41,1409.14,8.4848,642.36,393,1592.31,2388.09,2388.02,9079.39,8159.96,38.88,23.2671,553.1,520.84
54,184,47.64,1408.27,8.4309,642.61,394,1587.65,2388.03,2388.1,9077.89,8160.18,38.85,23.3196,553.72,521.76
54,185,47.4,1406.98,8.4115,643.01,394,1595.92,2388.03,2388.05,9080.16,8162.03,38.89,23.2645,553.81,522.23
54,186,47.54,1405.07,8.4959,643.03,393,1604.66,2388.08,2388.05,9088.04,8160.99,38.78,23.2269,553.6,521.86
54,187,47.55,1398.96,8.4335,642.56,393,1593.65,2388.05,2388.05,9083.8,8163.27,38.82,23.4252,552.76,521.57
54,188,47.27,1403.55,8.4287,642.56,392,1590.17,2388.07,2388.08,9084.69,8162.16,38.91,23.2308,553.47,521.69
54,189,47.4,1403.43,8.4449,642.94,393,1587.47,2388.03,2388.06,9082.7,8166.16,38.89,23.3841,554.14,522.0
54,190,47.64,1406.17,8.4726,642.5,394,1589.67,2388.06,2388.08,9091.63,8162.75,38.78,23.2706,553.17,521.51
54,191,47.58,1404.74,8.4535,642.43,393,1590.09,2388.05,2388.05,9087.73,8164.06,38.84,23.2742,553.44,521.68
54,192,47.48,1408.25,8.4564,642.44,393,1592.39,2388.05,2388.06,9087.84,8170.32,38.8,23.3072,554.31,521.36
54,193,47.44,1403.39,8.4464,643.42,393,1592.58,2388.04,2388.08,9086.92,8165.36,38.92,23.2317,553.69,521.53
54,194,47.51,1405.97,8.4634,643.16,393,1592.93,2388.04,2388.05,9092.74,8167.77,38.89,23.3434,553.69,521.34
54,195,47.59,1408.78,8.4262,642.64,393,1594.47,2388.07,2388.08,9088.16,8159.71,38.88,23.2129,553.89,520.91
54,196,47.55,1414.7,8.4304,642.97,393,1588.71,2388.02,2388.05,9090.39,8156.44,38.8,23.3512,553.5,521.19
54,197,47.55,1405.62,8.4623,642.99,392,1590.12,2388.04,2388.09,9092.27,8168.86,38.69,23.3391,553.08,521.71
54,198,47.45,1412.63,8.4266,642.9,395,1590.87,2388.02,2388.08,9096.75,8170.11,38.78,23.2779,553.66,521.32
54,199,47.5,1409.22,8.4447,643.12,393,1590.4,2388.03,2388.05,9091.01,8170.21,38.99,23.2359,553.34,521.26
54,200,47.4,1410.77,8.4296,642.68,392,1590.26,2388.03,2388.06,9096.32,8165.23,38.84,23.2173,552.22,521.33
54,201,47.64,1413.82,8.4575,642.93,394,1599.22,2388.04,2388.13,9088.67,8168.81,38.69,23.2093,553.48,521.23
54,202,47.56,1406.89,8.4915,642.3,393,1593.24,2388.04,2388.06,9090.59,8166.25,38.8,23.2904,553.01,521.49
54,203,47.6,1409.21,8.4493,643.31,395,1591.71,2388.05,2388.06,9091.31,8169.93,38.79,23.3513,553.3,521.58
54,204,47.56,1412.56,8.3975,642.95,392,1589.13,2388.04,2388.03,9092.94,8169.78,38.81,23.1431,552.55,521.52
54,205,47.46,1412.58,8.4708,642.21,392,1593.81,2388.02,2388.02,9096.7,8178.98,38.62,23.1516,552.93,521.9
54,206,47.67,1411.97,8.4358,642.28,395,1584.04,2388.04,2388.1,9093.99,8170.97,38.75,23.1888,552.97,521.82
54,207,47.47,1413.16,8.4318,642.67,394,1596.18,2388.1,2388.14,9097.98,8171.14,38.81,23.2654,553.01,521.1
54,208,47.55,1415.7,8.468,642.9,394,1594.94,2388.11,2388.08,9084.56,8171.47,38.69,23.2625,552.87,521.48
54,209,47.63,1405.05,8.4543,642.86,395,1590.57,2388.08,2388.07,9095.65,8174.88,38.58,23.1898,553.11,521.29
54,210,47.55,1413.54,8.4521,642.7,393,1597.82,2388.09,2388.07,9097.13,8175.08,38.83,23.2972,553.19,520.7
54,211,47.77,1414.33,8.4404,643.01,393,1595.22,2388.06,2388.06,9100.53,8167.18,38.67,23.1791,552.88,521.28
54,212,47.61,1413.03,8.4394,643.19,395,1598.56,2388.11,2388.1,9103.47,8173.03,38.54,23.2135,553.48,521.37
54,213,47.64,1408.44,8.4466,643.32,394,1599.83,2388.05,2388.09,9093.72,8171.96,38.79,23.2957,552.55,520.71
54,214,47.62,1418.8,8.4448,643.08,395,1592.65,2388.12,2388.12,9099.9,8174.28,38.63,23.2359,552.62,521.03
54,215,47.72,1419.14,8.4297,642.62,395,1594.85,2388.04,2388.08,9103.91,8180.77,38.63,23.2884,552.76,521.3
54,216,47.62,1414.6,8.4452,642.38,393,1602.84,2388.09,2388.1,9105.68,8177.3,38.65,23.1998,553.24,520.78
54,217,47.68,1420.62,8.4669,643.39,392,1595.79,2388.07,2388.1,9105.49,8183.43,38.61,23.2486,552.7,520.64
54,218,47.79,1421.33,8.4545,643.05,393,1596.68,2388.08,2388.03,9103.68,8175.29,38.66,23.3336,552.07,521.28
54,219,47.54,1409.63,8.4807,642.33,394,1601.75,2388.02,2388.09,9111.46,8180.96,38.9,23.2256,553.22,521.21
54,220,47.63,1414.54,8.4773,642.75,396,1594.81,2388.09,2388.08,9106.26,8183.37,38.91,23.2725,552.57,521.76
54,221,47.75,1408.19,8.4553,643.34,395,1596.92,2388.05,2388.12,9102.89,8184.45,38.51,23.2132,553.16,521.54
54,222,47.74,1417.76,8.4867,643.07,396,1597.61,2388.07,2388.07,9110.27,8179.19,38.64,23.2965,552.96,521.16
54,223,47.78,1411.03,8.4706,642.91,396,1596.45,2388.1,2388.13,9111.82,8182.99,38.79,23.2558,553.37,521.24
54,224,47.66,1419.4,8.4377,643.04,393,1597.27,2388.07,2388.13,9109.83,8179.51,38.74,23.1277,552.81,521.05
54,225,47.86,1415.16,8.4831,643.46,395,1595.86,2388.07,2388.09,9113.06,8177.15,38.76,23.2511,553.15,521.04
54,226,47.81,1416.28,8.4846,642.8,396,1602.52,2388.08,2388.06,9112.59,8182.03,38.89,23.1647,552.53,520.25
54,227,47.72,1422.99,8.4757,643.36,395,1594.94,2388.08,2388.1,9110.51,8186.86,38.55,23.2584,552.41,520.74
54,228,47.63,1415.8,8.4615,642.88,395,1589.28,2388.15,2388.09,9119.68,8183.82,38.71,23.3581,552.93,520.61
54,229,47.71,1416.1,8.4798,642.8,395,1595.84,2388.13,2388.15,9111.19,8185.32,38.62,23.1657,553.32,521.04
54,230,47.66,1420.21,8.4809,642.98,394,1599.85,2388.14,2388.08,9110.96,8181.5,38.74,23.1741,552.12,520.64
54,231,47.65,1416.09,8.4704,643.35,395,1595.99,2388.1,2388.16,9121.47,8195.8,38.61,23.1995,552.7,521.07
54,232,47.87,1417.45,8.442,642.88,395,1602.41,2388.13,2388.13,9122.95,8187.19,38.64,23.2829,552.03,520.78
54,233,47.59,1415.61,8.4898,643.74,394,1601.33,2388.09,2388.08,9121.68,8188.82,38.92,23.1941,552.12,520.68
54,234,47.72,1416.21,8.5088,643.16,395,1600.83,2388.13,2388.14,9122.25,8189.77,38.47,23.1889,552.19,519.96
54,235,47.73,1420.38,8.4494,643.22,395,1599.07,2388.16,2388.09,9130.75,8195.5,38.58,23.1286,553.35,520.83
54,236,48.02,1419.42,8.4747,643.18,395,1592.95,2388.14,2388.13,9124.76,8193.98,38.86,23.2473,552.33,520.91
54,237,47.81,1415.38,8.4662,643.01,395,1599.31,2388.17,2388.15,9121.21,8195.87,38.76,23.1451,551.82,520.52
54,238,47.95,1424.77,8.4917,644.02,394,1593.76,2388.11,2388.15,9132.31,8195.16,38.65,23.1168,552.44,520.64
54,239,47.97,1422.58,8.4729,643.45,396,1597.12,2388.17,2388.11,9131.26,8193.28,38.69,23.128,552.95,520.92
54,240,47.88,1428.36,8.4794,643.03,396,1592.03,2388.11,2388.18,9131.71,8192.72,38.62,23.1185,552.29,520.16
54,241,47.89,1422.58,8.4856,643.11,396,1595.36,2388.15,2388.13,9125.74,8194.08,38.71,23.1501,552.65,520.78
54,242,47.99,1427.83,8.4805,643.32,396,1596.45,2388.15,2388.13,9125.38,8198.47,38.78,23.0934,552.29,520.2
54,243,47.89,1419.5,8.4982,643.39,395,1595.0,2388.13,2388.1,9130.52,8199.77,38.63,23.0876,553.06,520.41
54,244,47.99,1425.86,8.501,643.89,395,1606.81,2388.14,2388.11,9130.31,8199.75,38.49,23.0118,552.26,520.36
54,245,47.84,1423.01,8.5059,643.1,395,1605.07,2388.15,2388.14,9128.67,8205.67,38.42,23.0871,551.52,520.85
54,246,48.07,1418.44,8.5432,643.17,396,1595.48,2388.12,2388.1,9130.5,8202.59,38.64,23.1938,552.39,520.32
54,247,48.02,1425.05,8.5183,643.62,395,1599.48,2388.16,2388.11,9141.0,8204.26,38.48,23.126,552.59,520.85
54,248,48.0,1424.14,8.5001,643.35,396,1597.52,2388.13,2388.14,9133.83,8202.78,38.41,23.1075,551.83,520.0
54,249,48.04,1424.88,8.4857,643.67,397,1602.33,2388.15,2388.19,9145.77,8208.07,38.32,23.039,552.03,519.72
54,250,47.99,1425.69,8.5006,643.81,396,1600.81,2388.15,2388.13,9137.77,8206.29,38.48,23.092,552.31,520.25
54,251,48.1,1420.83,8.5129,643.56,397,1601.33,2388.14,2388.19,9143.94,8213.25,38.57,23.1984,552.03,520.03
54,252,48.03,1425.75,8.5395,643.21,397,1608.14,2388.13,2388.12,9148.74,8210.57,38.34,22.9746,551.65,520.5
54,253,48.07,1425.78,8.5366,643.18,396,1603.81,2388.21,2388.19,9143.34,8209.78,38.54,23.0378,551.59,520.64
54,254,48.07,1426.06,8.5097,643.88,396,1607.47,2388.18,2388.17,9145.76,8212.51,38.46,23.1485,551.88,519.81
54,255,48.03,1427.77,8.4924,644.27,398,1608.6,2388.11,2388.17,9153.65,8215.84,38.65,23.1079,550.96,520.29
54,256,48.01,1426.84,8.5171,643.26,397,1603.84,2388.18,2388.14,9148.5,8220.31,38.46,23.0356,551.63,520.01
54,257,48.15,1433.26,8.5295,643.8,395,1601.79,2388.16,2388.15,9155.85,8220.23,38.3,23.05,551.37,519.57
71,1,47.44,1407.04,8.4372,642.64,391,1581.95,2388.11,2388.13,9042.7,8126.82,38.99,23.2399,553.56,521.9
71,2,47.56,1403.53,8.4068,642.82,392,1593.17,2388.11,2388.1,9040.58,8124.84,38.85,23.2887,553.22,521.24
71,3,47.62,1402.54,8.4233,642.5,394,1582.94,2388.11,2388.09,9044.49,8123.24,38.92,23.3668,553.7,521.85
71,4,47.41,1409.75,8.4352,643.04,392,1584.9,2388.14,2388.08,9042.42,8123.7,38.89,23.2722,554.3,521.62
71,5,47.51,1400.43,8.4395,642.0,393,1587.63,2388.09,2388.04,9041.72,8123.08,39.03,23.2896,553.49,521.5
71,6,47.25,1407.16,8.4164,642.57,394,1583.36,2388.14,2388.07,9043.13,8127.31,38.86,23.2845,553.27,521.5
71,7,47.37,1404.49,8.4427,641.74,392,1592.03,2388.17,2388.15,9044.52,8123.34,39.05,23.3778,554.5,521.3
71,8,47.53,1407.86,8.4843,642.65,394,1586.46,2388.12,2388.06,9046.82,8127.03,38.97,23.2339,553.66,521.59
71,9,47.32,1402.6,8.458,642.1,393,1578.86,2388.09,2388.08,9040.99,8130.55,39.04,23.3987,553.17,521.92
71,10,47.53,1405.47,8.4249,642.95,392,1593.6,2388.1,2388.1,9046.86,8123.07,38.95,23.3315,553.5,521.19
71,11,47.41,1404.42,8.4535,642.71,393,1591.08,2388.09,2388.12,9042.41,8126.62,38.75,23.2923,553.6,521.62
71,12,47.77,1408.04,8.394,642.4,394,1585.72,2388.09,2388.12,9045.03,8130.15,38.81,23.3506,553.42,521.5
71,13,47.3,1406.83,8.4321,642.48,393,1595.78,2388.06,2388.11,9046.97,8125.51,38.86,23.2711,554.27,521.88
71,14,47.59,1407.85,8.4061,642.88,394,1591.51,2388.1,2388.08,9045.79,8126.82,38.8,23.3946,554.12,521.53
71,15,47.41,1402.1,8.4393,642.5,392,1589.43,2388.16,2388.08,9053.62,8124.81,38.91,23.2595,553.57,521.55
71,16,47.36,1405.75,8.4362,642.27,391,1584.32,2388.15,2388.11,9047.89,8133.82,38.95,23.383,554.6,521.79
71,17,47.45,1407.35,8.4675,642.26,394,1583.56,2388.11,2388.1,9042.1,8130.92,38.66,23.3009,552.63,521.65
71,18,47.37,1406.81,8.4122,642.49,393,1589.66,2388.1,2388.1,9042.79,8130.06,38.67,23.275,552.97,521.55
71,19,47.41,1404.08,8.4377,642.18,392,1585.28,2388.11,2388.08,9045.84,8129.04,38.8,23.4691,553.78,521.93
71,20,47.36,1407.59,8.426,642.58,392,1587.06,2388.08,2388.05,9039.68,8130.44,39.06,23.4121,553.97,521.21
71,21,47.51,1406.38,8.4088,642.57,392,1588.62,2388.14,2388.04,9041.76,8121.74,38.86,23.3571,553.43,521.62
71,22,47.48,1401.28,8.4186,641.77,393,1591.11,2388.08,2388.13,9044.41,8123.43,39.01,23.3477,552.82,521.81
71,23,47.53,1407.26,8.4058,642.57,393,1591.09,2388.11,2388.11,9041.83,8126.9,38.85,23.2845,553.61,521.38
71,24,47.53,1405.28,8.3894,642.58,393,1585.89,2388.11,2388.15,9046.73,8126.19,38.74,23.3478,552.67,521.65
71,25,47.58,1403.11,8.4402,642.54,394,1594.72,2388.13,2388.09,9042.61,8128.98,38.81,23.3354,553.33,521.37
71,26,47.22,1403.23,8.4541,642.53,394,1588.38,2388.14,2388.11,9046.36,8123.58,38.76,23.3465,553.76,521.51
71,27,47.57,1406.95,8.4412,642.88,392,1594.42,2388.06,2388.09,9048.93,8127.53,39.0,23.3321,553.71,521.0
71,28,47.55,1412.13,8.4401,643.08,395,1592.86,2388.1,2388.12,9048.17,8123.3,38.86,23.2362,553.9,521.7
71,29,47.55,1396.89,8.4693,642.67,393,1591.28,2388.1,2388.1,9044.72,8125.86,38.73,23.265,553.46,521.7
71,30,47.42,1404.77,8.4492,642.79,391,1585.03,2388.09,2388.07,9040.9,8123.92,38.8,23.3872,553.56,521.61
71,31,47.55,1400.9,8.4392,642.24,393,1585.04,2388.14,2388.12,9042.61,8130.8,38.87,23.3666,552.71,520.85
71,32,47.58,1404.59,8.4725,641.9,393,1595.55,2388.12,2388.14,9043.73,8120.29,38.58,23.3132,554.32,521.5
71,33,47.5,1408.79,8.4183,642.36,393,1586.39,2388.14,2388.08,9042.0,8131.86,38.91,23.2622,553.76,521.88
71,34,47.33,1410.58,8.4295,642.7,393,1585.04,2388.12,2388.09,9043.82,8121.42,38.93,23.4082,552.91,521.7
71,35,47.44,1409.9,8.409,642.9,392,1591.38,2388.1,2388.11,9039.9,8120.92,38.93,23.3789,554.01,521.32
71,36,47.45,1406.38,8.3942,642.42,393,1589.45,2388.11,2388.08,9050.2,8130.55,38.92,23.2084,553.23,521.45
71,37,47.51,1407.48,8.4446,642.5,393,1587.32,2388.07,2388.07,9046.58,8122.69,38.76,23.3241,553.49,521.39
71,38,47.46,1403.44,8.4378,642.88,393,1582.03,2388.1,2388.07,9042.95,8125.66,38.82,23.3434,553.16,521.8
71,39,47.52,1407.7,8.4379,642.75,392,1588.93,2388.05,2388.11,9053.44,8131.34,39.05,23.3024,553.84,521.26
71,40,47.38,1414.42,8.4088,642.46,393,1590.25,2388.15,2388.15,9046.35,8125.29,38.88,23.3635,553.71,521.6
71,41,47.48,1409.96,8.4373,643.09,393,1582.02,2388.13,2388.07,9039.42,8125.79,38.8,23.331,553.39,521.22
71,42,47.44,1400.4,8.428,642.58,393,1585.54,2388.12,2388.16,9044.24,8124.06,38.78,23.3256,553.25,521.42
71,43,47.56,1405.3,8.4332,641.93,392,1591.89,2388.12,2388.1,9042.69,8123.95,38.66,23.3316,553.38,520.86
71,44,47.46,1402.2,8.4096,642.48,392,1586.16,2388.16,2388.08,9036.6,8130.67,38.86,23.3725,553.21,521.97
71,45,47.46,1406.75,8.4638,642.66,392,1590.3,2388.15,2388.08,9058.66,8129.0,38.78,23.3037,553.45,521.05
71,46,47.47,1406.88,8.3941,642.79,394,1587.82,2388.06,2388.1,9050.81,8125.93,39.0,23.2368,554.13,521.64
71,47,47.46,1409.24,8.4683,643.19,391,1588.74,2388.11,2388.08,9043.26,8127.46,38.87,23.2403,553.76,521.42
71,48,47.46,1406.0,8.4379,642.72,393,1589.79,2388.08,2388.11,9036.99,8134.82,38.82,23.391,553.34,521.58
71,49,47.49,1398.52,8.4484,642.52,393,1589.46,2388.08,2388.15,9047.41,8124.52,38.75,23.3431,553.58,521.62
71,50,47.71,1399.15,8.4348,642.29,393,1593.44,2388.15,2388.09,9051.73,8130.54,38.95,23.3188,554.48,521.67
71,51,47.53,1408.94,8.4445,642.99,392,1589.49,2388.07,2388.11,9052.9,8131.25,38.83,23.2788,553.91,521.69
71,52,47.62,1412.14,8.4397,642.53,394,1583.93,2388.09,2388.12,9047.25,8127.97,38.66,23.2586,553.71,521.18
71,53,47.45,1409.38,8.4646,642.69,391,1589.2,2388.09,2388.13,9043.91,8123.88,38.97,23.3424,553.18,521.57
71,54,47.64,1399.21,8.4307,642.47,393,1588.39,2388.08,2388.07,9046.13,8126.27,38.83,23.3452,553.9,521.24
71,55,47.5,1408.25,8.446,642.35,392,1587.57,2388.13,2388.12,9044.25,8126.95,38.72,23.3462,553.0,521.43
71,56,47.47,1409.6,8.4229,642.65,392,1589.96,2388.09,2388.11,9041.69,8123.17,38.77,23.388,552.6,521.43
71,57,47.47,1410.61,8.4308,641.86,392,1585.83,2388.13,2388.09,9045.62,8126.81,38.78,23.1806,553.57,520.93
71,58,47.31,1408.06,8.4242,642.69,393,1588.9,2388.12,2388.1,9042.5,8127.72,39.08,23.4234,553.23,521.45
71,59,47.41,1408.98,8.4088,642.72,393,1592.42,2388.07,2388.13,9046.41,8128.58,38.98,23.336,553.1,521.27
71,60,47.47,1404.05,8.4479,642.55,393,1589.5,2388.1,2388.13,9047.42,8125.21,38.84,23.352,553.31,521.44
71,61,47.44,1402.94,8.4137,642.65,393,1591.41,2388.05,2388.12,9048.95,8127.72,38.83,23.3453,553.71,521.76
71,62,47.68,1408.44,8.4225,642.48,392,1593.15,2388.09,2388.11,9049.13,8121.17,38.89,23.3199,553.47,521.53
71,63,47.68,1407.07,8.4522,642.25,393,1585.34,2388.13,2388.1,9051.15,8131.08,38.89,23.2812,553.93,521.34
71,64,47.36,1401.17,8.4113,642.43,393,1592.62,2388.05,2388.01,9049.03,8131.8,38.57,23.3415,553.17,521.91
71,65,47.68,1401.73,8.4243,642.57,394,1584.28,2388.13,2388.07,9050.1,8127.87,38.78,23.4079,553.4,521.31
71,66,47.52,1404.56,8.4193,642.68,393,1588.12,2388.12,2388.12,9053.66,8130.46,38.81,23.2994,553.42,521.9
71,67,47.46,1402.83,8.445,641.89,393,1589.29,2388.08,2388.13,9052.05,8132.53,38.82,23.3265,554.03,521.81
71,68,47.39,1402.09,8.4336,642.75,392,1586.37,2388.09,2388.04,9048.49,8129.3,38.76,23.3165,553.7,521.42
71,69,47.52,1404.1,8.4339,642.88,393,1591.54,2388.11,2388.11,9046.83,8130.68,38.85,23.3357,553.0,521.4
71,70,47.29,1405.25,8.438,642.53,392,1580.69,2388.07,2388.11,9045.98,8130.79,38.83,23.3551,554.11,521.4
71,71,47.57,1405.61,8.4325,642.65,392,1587.82,2388.09,2388.09,9052.92,8134.86,38.74,23.3139,553.72,521.68
71,72,47.57,1404.46,8.4391,642.68,393,1590.85,2388.14,2388.08,9053.82,8132.41,38.64,23.2927,553.6,520.99
71,73,47.52,1409.51,8.4312,643.22,393,1596.75,2388.13,2388.07,9052.86,8126.89,38.93,23.3226,553.91,521.74
71,74,47.44,1412.1,8.4517,642.66,393,1592.56,2388.15,2388.08,9050.53,8127.4,38.97,23.2602,553.72,521.44
71,75,47.72,1411.82,8.4215,642.97,394,1590.21,2388.08,2388.09,9054.43,8133.84,38.85,23.3032,554.07,521.66
71,76,47.66,1415.57,8.4454,642.86,393,1589.24,2388.07,2388.1,9059.08,8127.77,38.81,23.3008,553.25,521.67
71,77,47.47,1404.94,8.4118,642.73,394,1583.58,2388.1,2388.11,9055.65,8134.83,39.04,23.3434,553.63,521.39
71,78,47.6,1408.76,8.4497,642.73,393,1591.38,2388.11,2388.09,9057.81,8125.84,38.85,23.3895,553.58,522.04
71,79,47.58,1401.29,8.492,642.66,393,1589.88,2388.1,2388.11,9042.94,8127.47,38.89,23.3964,553.35,521.82
71,80,47.47,1412.42,8.4345,642.69,392,1594.63,2388.07,2388.16,9053.2,8132.3,38.83,23.2758,553.78,521.51
71,81,47.45,1414.76,8.4222,642.75,393,1590.19,2388.15,2388.12,9046.42,8129.32,38.82,23.2807,552.95,521.25
71,82,47.54,1410.18,8.4324,642.88,391,1590.26,2388.17,2388.11,9050.02,8133.09,38.86,23.3963,553.92,521.02
71,83,47.39,1415.27,8.4222,643.16,393,1592.31,2388.15,2388.11,9053.54,8134.15,38.88,23.2723,553.55,521.35
71,84,47.29,1413.99,8.4541,642.33,392,1593.76,2388.14,2388.1,9053.8,8132.98,38.74,23.336,553.31,520.86
71,85,47.68,1407.94,8.4555,642.7,392,1592.07,2388.14,2388.12,9056.33,8130.4,38.97,23.2367,553.35,521.38
71,86,47.44,1410.34,8.4716,642.83,394,1590.54,2388.15,2388.08,9055.05,8125.53,38.81,23.3999,553.27,521.65
71,87,47.54,1411.67,8.425,642.8,392,1586.81,2388.11,2388.11,9053.47,8131.9,38.77,23.3605,553.78,521.53
71,88,47.52,1405.69,8.4405,642.93,393,1591.65,2388.1,2388.09,9048.64,8130.69,38.86,23.2067,553.49,521.85
71,89,47.51,1409.5,8.4455,642.32,392,1594.26,2388.08,2388.11,9049.11,8126.65,38.82,23.274,553.24,521.47
71,90,47.33,1408.26,8.4106,642.72,394,1583.81,2388.14,2388.11,9046.47,8130.15,38.82,23.3033,553.7,521.4
71,91,47.55,1411.5,8.4597,642.44,394,1589.04,2388.14,2388.1,9057.43,8133.12,38.82,23.2533,553.14,521.62
71,92,47.62,1410.54,8.4211,642.39,393,1587.45,2388.15,2388.12,9056.35,8132.33,38.7,23.295,553.93,521.78
71,93,47.66,1414.51,8.445,642.92,391,1592.03,2388.14,2388.13,9051.24,8133.76,38.77,23.2704,553.27,520.89
71,94,47.43,1411.32,8.4325,642.97,392,1591.53,2388.12,2388.08,9046.58,8133.85,38.72,23.3002,553.57,521.09
71,95,47.48,1407.02,8.4101,642.71,394,1595.74,2388.13,2388.11,9053.14,8134.71,38.93,23.3447,554.35,521.37
71,96,47.44,1407.69,8.4246,642.91,392,1581.3,2388.14,2388.08,9061.59,8136.9,38.88,23.2852,553.04,520.99
71,97,47.61,1405.99,8.4304,642.37,393,1590.44,2388.07,2388.11,9048.99,8134.22,38.8,23.2577,553.45,521.25
71,98,47.45,1402.01,8.4744,642.09,393,1596.55,2388.1,2388.13,9056.53,8132.73,38.73,23.3293,553.33,521.74
71,99,47.41,1409.18,8.4595,642.56,393,1589.72,2388.08,2388.11,9056.2,8132.69,38.83,23.2812,553.95,521.31
71,100,47.34,1405.57,8.4285,642.86,392,1588.57,2388.1,2388.06,9055.76,8125.87,38.81,23.2855,553.52,521.67
71,101,47.43,1410.37,8.4338,642.52,392,1588.52,2388.08,2388.11,9054.76,8133.81,38.81,23.251,553.05,521.58
71,102,47.39,1403.93,8.4331,642.55,394,1587.79,2388.13,2388.09,9047.5,8138.37,38.74,23.2832,553.3,521.94
71,103,47.57,1407.55,8.4387,642.52,393,1591.57,2388.1,2388.06,9059.7,8136.71,38.75,23.263,553.03,521.35
71,104,47.58,1411.37,8.4226,642.94,393,1587.21,2388.11,2388.09,9056.68,8138.65,38.85,23.3277,553.26,521.76
71,105,47.54,1407.26,8.4833,642.71,394,1588.93,2388.08,2388.1,9056.07,8138.32,38.73,23.2157,554.24,521.7
71,106,47.45,1406.95,8.4061,642.32,393,1590.9,2388.07,2388.09,9053.88,8133.62,38.71,23.1861,553.38,521.25
71,107,47.57,1407.27,8.4583,642.7,394,1593.14,2388.13,2388.16,9055.63,8141.44,38.92,23.3072,553.27,521.44
71,108,47.53,1407.28,8.4679,642.61,394,1590.18,2388.12,2388.09,9060.41,8130.89,38.88,23.2657,554.05,521.74
71,109,47.51,1411.86,8.4537,642.87,393,1593.35,2388.07,2388.07,9049.08,8134.95,38.85,23.2369,553.61,521.59
71,110,47.69,1405.28,8.4397,642.72,394,1585.79,2388.08,2388.11,9052.57,8134.35,38.65,23.3387,553.45,521.28
71,111,47.57,1405.16,8.4416,642.24,393,1593.55,2388.11,2388.13,9057.41,8141.9,38.84,23.2953,553.43,522.05
71,112,47.69,1412.61,8.4141,642.49,393,1584.01,2388.06,2388.12,9052.22,8135.31,38.76,23.3708,553.37,521.22
71,113,47.63,1413.8,8.424,642.77,393,1588.24,2388.12,2388.14,9057.15,8133.77,38.8,23.2884,553.73,521.51
71,114,47.43,1409.03,8.4464,642.62,393,1596.53,2388.14,2388.09,9064.03,8133.94,38.86,23.2755,553.33,521.26
71,115,47.59,1407.0,8.4417,642.46,395,1594.8,2388.07,2388.13,9048.57,8139.06,38.63,23.2904,553.38,521.36
71,116,47.68,1409.51,8.4242,642.72,395,1587.46,2388.11,2388.09,9056.18,8139.01,38.72,23.2465,553.34,521.78
71,117,47.63,1408.13,8.4529,642.79,393,1590.4,2388.07,2388.09,9062.42,8140.12,38.8,23.271,553.61,521.6
71,118,47.5,1411.57,8.436,642.21,395,1584.79,2388.09,2388.03,9058.73,8140.65,38.55,23.231,553.27,521.35
71,119,47.53,1400.22,8.4628,642.85,392,1588.91,2388.16,2388.14,9059.56,8138.36,38.77,23.3043,553.74,521.49
71,120,47.43,1414.67,8.4475,642.81,391,1590.75,2388.1,2388.15,9054.79,8136.91,38.96,23.3841,553.36,521.21
71,121,47.52,1413.15,8.4509,643.29,395,1592.08,2388.12,2388.14,9054.72,8141.77,38.87,23.3197,553.09,521.63
71,122,47.65,1414.0,8.4238,642.9,395,1583.86,2388.11,2388.09,9060.85,8142.38,38.9,23.2903,553.87,521.18
71,123,47.58,1416.62,8.4411,642.71,391,1589.22,2388.11,2388.13,9062.87,8142.08,38.73,23.2743,553.01,520.5
71,124,47.61,1408.9,8.4843,642.79,394,1594.29,2388.13,2388.04,9062.85,8140.86,38.68,23.463,553.19,521.32
71,125,47.52,1411.66,8.4425,643.28,393,1585.32,2388.13,2388.13,9056.16,8136.99,38.64,23.2051,553.24,521.57
71,126,47.52,1413.86,8.4541,642.67,394,1597.88,2388.1,2388.06,9063.94,8138.88,38.63,23.1568,553.98,521.53
71,127,47.72,1407.3,8.4189,642.81,394,1594.31,2388.12,2388.11,9068.14,8136.07,38.8,23.113,553.76,521.03
71,128,47.47,1410.6,8.4406,643.02,395,1593.3,2388.15,2388.14,9058.5,8144.71,38.68,23.1453,553.11,521.57
71,129,47.57,1410.95,8.4749,643.03,393,1588.49,2388.08,2388.14,9060.62,8140.69,38.77,23.3252,554.1,521.3
71,130,47.67,1408.76,8.4305,642.78,394,1591.01,2388.04,2388.07,9064.27,8147.38,38.84,23.3686,553.49,521.3
71,131,47.44,1404.47,8.4406,642.27,392,1594.54,2388.06,2388.13,9059.49,8146.39,38.9,23.3063,552.94,521.44
71,132,47.46,1410.57,8.413,642.75,393,1589.44,2388.12,2388.1,9066.25,8135.63,38.7,23.4292,552.67,521.06
71,133,47.61,1419.33,8.4751,642.97,392,1598.37,2388.06,2388.11,9060.83,8143.71,38.62,23.2353,552.46,521.38
71,134,47.37,1415.12,8.4403,642.54,394,1586.99,2388.07,2388.17,9062.17,8140.37,38.9,23.2616,552.61,521.59
71,135,47.46,1410.94,8.4709,642.96,395,1594.67,2388.12,2388.08,9065.84,8140.97,38.61,23.202,553.42,521.36
71,136,47.56,1407.29,8.4705,642.64,394,1585.84,2388.14,2388.13,9064.63,8140.83,38.72,23.2056,553.56,520.99
71,137,47.5,1416.33,8.4579,642.92,394,1591.06,2388.09,2388.14,9065.52,8144.67,38.77,23.2931,553.27,520.87
71,138,47.8,1415.09,8.4807,642.86,393,1594.96,2388.13,2388.11,9067.85,8141.3,38.73,23.3304,553.1,521.35
71,139,47.59,1414.45,8.458,642.56,394,1593.15,2388.11,2388.04,9072.38,8143.72,38.82,23.184,553.13,521.35
71,140,47.41,1419.33,8.4389,642.82,392,1593.55,2388.09,2388.06,9067.3,8141.23,38.72,23.2827,553.39,521.52
71,141,47.59,1412.73,8.4551,643.0,393,1583.94,2388.12,2388.19,9062.92,8145.93,38.61,23.3516,552.67,521.55
71,142,47.52,1406.34,8.4627,642.13,395,1583.6,2388.09,2388.06,9067.56,8150.45,38.84,23.3417,553.05,521.21
71,143,47.71,1414.05,8.4458,643.04,393,1596.13,2388.11,2388.14,9066.77,8147.67,38.69,23.2854,552.07,520.95
71,144,47.85,1408.9,8.4678,642.46,394,1587.71,2388.08,2388.11,9069.98,8145.25,38.9,23.3478,553.28,521.36
71,145,47.66,1408.05,8.4544,642.73,394,1588.76,2388.09,2388.07,9071.7,8142.86,38.79,23.2669,552.85,521.42
71,146,47.66,1415.29,8.4309,642.87,395,1592.91,2388.11,2388.09,9070.87,8153.15,38.7,23.2032,553.33,521.34
71,147,47.63,1414.77,8.4922,643.02,394,1594.03,2388.1,2388.13,9072.23,8150.25,38.66,23.2358,552.6,521.46
71,148,47.63,1418.54,8.4875,643.23,396,1582.36,2388.08,2388.15,9072.11,8148.03,38.78,23.2227,553.07,521.25
71,149,47.63,1411.16,8.437,642.77,393,1589.41,2388.15,2388.12,9072.69,8148.33,38.8,23.195,552.36,521.69
71,150,47.58,1402.97,8.4611,642.86,395,1592.62,2388.11,2388.12,9076.63,8152.68,38.65,23.2549,553.43,521.34
71,151,47.52,1409.82,8.4758,642.29,394,1586.58,2388.04,2388.12,9075.73,8152.01,38.6,23.3022,553.45,520.63
71,152,47.74,1418.63,8.4307,643.2,393,1586.01,2388.15,2388.13,9074.91,8149.28,38.67,23.1949,552.64,521.28
71,153,47.56,1414.46,8.4878,643.32,392,1593.78,2388.13,2388.05,9078.88,8147.89,38.73,23.3745,552.92,520.84
71,154,47.59,1411.45,8.4197,643.02,394,1597.47,2388.12,2388.09,9076.5,8157.69,38.79,23.252,552.45,521.05
71,155,47.77,1415.4,8.4751,642.69,395,1598.39,2388.09,2388.13,9086.3,8150.9,38.78,23.1747,552.88,521.06
71,156,47.68,1408.07,8.476,643.17,394,1593.34,2388.09,2388.12,9078.75,8151.21,38.54,23.36,553.47,521.31
71,157,47.72,1411.08,8.4194,642.7,394,1597.56,2388.11,2388.06,9073.38,8148.08,38.71,23.2228,553.18,521.42
71,158,47.74,1414.23,8.4555,643.17,395,1590.28,2388.15,2388.08,9079.6,8155.52,38.63,23.2499,553.02,521.24
71,159,47.85,1416.4,8.4635,643.4,393,1586.52,2388.08,2388.07,9076.4,8150.98,38.65,23.2729,552.7,520.93
71,160,47.8,1424.36,8.4924,642.98,396,1592.74,2388.18,2388.1,9083.25,8152.84,38.67,23.1788,553.25,521.29
71,161,47.72,1417.93,8.478,642.57,394,1591.35,2388.09,2388.14,9081.04,8157.92,38.74,23.1024,553.25,521.07
71,162,47.7,1413.89,8.4446,642.53,394,1594.16,2388.11,2388.13,9077.59,8158.69,38.74,23.2595,553.31,520.81
71,163,47.79,1413.94,8.4299,643.29,393,1593.59,2388.19,2388.13,9082.29,8166.44,38.74,23.1941,552.74,520.97
71,164,47.64,1416.32,8.4675,643.19,393,1593.4,2388.11,2388.1,9081.78,8162.69,38.79,23.3792,553.14,521.2
71,165,47.82,1415.21,8.4715,642.89,395,1594.16,2388.05,2388.13,9092.08,8158.67,38.68,23.2064,553.43,520.55
71,166,47.84,1414.65,8.4657,643.13,394,1594.59,2388.07,2388.1,9082.85,8157.9,38.6,23.223,553.32,520.53
71,167,47.56,1415.99,8.4806,642.94,395,1598.59,2388.12,2388.1,9087.96,8166.74,38.69,23.2166,552.55,520.73
71,168,47.76,1412.2,8.4754,643.0,395,1596.79,2388.12,2388.14,9086.86,8162.11,38.66,23.2358,552.94,520.88
71,169,47.87,1408.82,8.4244,642.39,393,1596.3,2388.11,2388.14,9087.02,8160.33,38.66,23.2241,552.51,520.7
71,170,47.63,1413.04,8.4483,642.94,395,1599.6,2388.07,2388.15,9092.23,8163.08,38.74,23.2023,552.22,521.1
71,171,47.86,1410.27,8.4744,643.36,395,1601.38,2388.1,2388.09,9092.33,8166.44,38.67,23.1018,552.31,520.78
71,172,47.82,1417.78,8.4676,643.01,394,1586.69,2388.08,2388.11,9091.83,8170.24,38.87,23.2224,551.92,520.84
71,173,47.91,1414.58,8.4957,642.48,396,1596.61,2388.16,2388.14,9099.74,8161.5,38.7,23.1391,552.67,520.64
71,174,47.66,1410.71,8.4912,643.13,394,1596.37,2388.14,2388.12,9091.09,8168.48,38.57,23.2479,552.5,520.75
71,175,47.98,1419.49,8.4802,642.88,394,1599.47,2388.14,2388.03,9094.49,8166.9,38.51,23.1409,552.68,520.73
71,176,47.85,1420.25,8.4567,643.02,394,1593.29,2388.14,2388.12,9098.15,8168.14,38.51,23.2123,552.18,520.98
71,177,47.83,1418.33,8.4478,643.33,394,1599.11,2388.09,2388.14,9101.12,8176.63,38.82,23.2107,552.2,520.49
71,178,47.96,1421.25,8.4553,642.97,394,1593.86,2388.1,2388.14,9098.05,8168.6,38.55,23.2606,552.14,520.81
71,179,47.87,1416.48,8.4661,642.98,396,1599.53,2388.1,2388.08,9102.92,8175.24,38.47,23.1605,553.13,520.66
71,180,48.03,1420.03,8.5302,643.09,397,1598.48,2388.09,2388.08,9097.27,8174.26,38.5,23.1638,553.06,520.44
71,181,47.85,1413.43,8.4447,643.51,394,1596.63,2388.13,2388.14,9111.63,8175.11,38.75,23.1769,552.59,520.43
71,182,47.74,1421.06,8.5287,643.14,397,1602.2,2388.13,2388.12,9100.39,8173.66,38.52,23.1691,552.41,520.89
71,183,47.78,1425.17,8.5004,643.77,394,1598.38,2388.09,2388.08,9118.28,8182.01,38.65,23.111,552.42,520.51
71,184,47.89,1418.35,8.4523,642.92,395,1593.23,2388.12,2388.11,9114.9,8182.87,38.58,23.1549,553.05,521.11
71,185,47.84,1422.09,8.5041,643.16,395,1596.52,2388.11,2388.09,9114.64,8180.59,38.62,23.2062,552.61,520.35
71,186,47.83,1423.97,8.4745,643.0,394,1597.49,2388.12,2388.16,9112.49,8177.5,38.79,23.1818,552.65,520.62
71,187,48.04,1413.84,8.5143,643.23,394,1593.31,2388.14,2388.05,9112.53,8182.27,38.39,23.1748,552.64,520.97
71,188,48.01,1425.14,8.46,642.99,396,1591.45,2388.13,2388.18,9117.46,8186.67,38.78,23.0648,552.25,520.06
71,189,47.79,1424.51,8.4717,643.33,395,1597.56,2388.13,2388.11,9115.05,8183.01,38.63,23.1445,552.36,520.16
71,190,47.87,1415.06,8.4946,643.44,394,1595.76,2388.17,2388.13,9113.22,8192.29,38.79,23.2389,552.16,519.93
71,191,48.1,1425.08,8.4953,643.4,393,1604.75,2388.08,2388.17,9129.01,8192.52,38.53,22.9802,552.46,520.26
71,192,47.82,1422.94,8.469,643.57,396,1598.71,2388.11,2388.12,9119.14,8191.78,38.55,23.0794,552.31,520.75
71,193,47.82,1416.96,8.4722,643.38,395,1600.02,2388.15,2388.12,9125.13,8190.75,38.72,23.1332,552.37,520.55
71,194,47.87,1419.79,8.5066,643.43,395,1596.97,2388.17,2388.12,9126.77,8191.96,38.48,23.1465,552.55,520.33
71,195,48.06,1419.57,8.4756,643.15,396,1590.26,2388.18,2388.17,9128.33,8194.98,38.65,23.0475,552.26,520.99
71,196,48.03,1430.38,8.5263,643.13,395,1602.81,2388.16,2388.15,9131.38,8195.6,38.34,23.1632,551.74,520.97
71,197,47.88,1417.32,8.4752,643.5,396,1602.85,2388.14,2388.1,9135.93,8203.65,38.5,23.0395,551.91,520.87
71,198,47.86,1421.66,8.4955,643.36,396,1591.01,2388.13,2388.11,9137.78,8203.84,38.47,23.109,552.12,520.22
71,199,47.82,1419.82,8.5026,643.98,397,1600.76,2388.18,2388.16,9129.71,8203.71,38.67,23.1232,552.32,519.88
71,200,48.02,1428.16,8.4954,643.3,396,1597.91,2388.12,2388.12,9133.79,8205.36,38.5,23.0115,551.26,520.18
71,201,47.99,1432.89,8.492,643.42,397,1605.53,2388.1,2388.16,9137.97,8210.04,38.45,23.0096,551.62,520.27
71,202,47.86,1425.72,8.5349,643.44,397,1600.22,2388.13,2388.15,9139.95,8207.53,38.38,23.0195,552.05,520.39
71,203,48.14,1432.54,8.5438,643.66,397,1596.68,2388.13,2388.14,9144.24,8212.41,38.63,23.0642,551.64,520.51
71,204,48.09,1432.07,8.5034,643.24,396,1603.25,2388.16,2388.14,9151.93,8216.3,38.67,23.0836,552.01,520.69
71,205,48.1,1421.45,8.5016,644.0,396,1605.32,2388.12,2388.17,9144.82,8214.77,38.51,23.158,551.55,520.46
71,206,48.15,1436.86,8.5348,643.5,396,1602.49,2388.15,2388.16,9155.36,8215.87,38.39,23.1234,551.63,520.27
71,207,48.22,1428.89,8.5581,643.4,397,1597.16,2388.14,2388.18,9160.49,8213.44,38.33,23.0916,551.56,520.31
71,208,48.02,1437.81,8.5197,643.57,397,1599.94,2388.18,2388.19,9153.73,8225.07,38.25,22.9967,551.45,520.04
74,1,47.21,1400.18,8.379,642.31,391,1580.43,2388.0,2388.0,9067.46,8148.06,39.11,23.405,554.02,522.55
74,2,47.39,1398.78,8.4144,642.26,392,1593.03,2388.01,2388.01,9068.21,8149.56,38.93,23.3752,554.23,521.58
74,3,47.2,1399.5,8.3793,642.61,392,1579.86,2388.05,2388.01,9066.32,8144.95,38.8,23.4071,554.45,522.07
74,4,47.31,1395.3,8.3876,642.07,392,1589.82,2387.99,2388.03,9069.71,8148.12,39.0,23.4091,554.09,521.77
74,5,47.47,1395.03,8.398,642.55,393,1587.88,2387.99,2388.02,9059.65,8142.83,39.06,23.4454,553.44,522.36
74,6,47.21,1401.07,8.3862,642.11,393,1590.19,2388.05,2387.99,9074.52,8151.45,39.04,23.3673,554.26,521.99
74,7,47.29,1398.69,8.4398,642.21,392,1596.43,2388.01,2388.04,9074.0,8149.58,38.84,23.434,554.57,522.6
74,8,47.35,1397.7,8.4369,642.26,392,1583.32,2388.09,2388.07,9065.24,8147.74,39.08,23.3323,553.6,522.58
74,9,47.37,1404.52,8.4468,642.18,391,1583.82,2388.01,2387.98,9077.9,8142.31,38.81,23.3415,553.27,521.94
74,10,47.39,1399.13,8.4437,642.23,392,1587.34,2388.01,2388.02,9062.41,8141.42,39.1,23.4662,554.35,521.91
74,11,47.25,1400.94,8.4108,642.4,393,1592.61,2388.02,2388.05,9064.84,8145.21,38.94,23.3792,554.17,522.05
74,12,47.34,1399.83,8.389,642.78,391,1587.92,2387.97,2388.04,9063.85,8149.69,38.85,23.3983,554.76,522.03
74,13,47.37,1409.13,8.4122,642.31,393,1587.15,2388.02,2387.98,9069.98,8147.74,38.83,23.3864,554.71,521.98
74,14,47.44,1398.17,8.4135,642.24,393,1588.65,2387.96,2388.09,9074.08,8148.44,38.98,23.3187,553.93,522.36
74,15,47.26,1405.96,8.4642,641.79,393,1588.95,2388.02,2387.98,9060.94,8147.68,38.94,23.4213,554.19,521.94
74,16,47.22,1404.19,8.4004,642.3,393,1591.42,2388.05,2387.97,9067.33,8151.04,39.09,23.5525,554.1,521.81
74,17,47.34,1399.42,8.4142,641.9,394,1587.62,2388.07,2388.01,9068.21,8145.82,38.84,23.3135,554.58,521.92
74,18,47.37,1400.28,8.404,642.04,392,1584.45,2388.03,2388.02,9065.4,8144.17,39.16,23.3719,554.23,522.18
74,19,47.3,1403.17,8.3891,642.0,391,1588.3,2388.0,2388.03,9070.61,8150.04,38.97,23.4704,554.77,522.15
74,20,47.28,1406.25,8.4065,642.4,393,1577.44,2388.03,2388.02,9065.01,8148.2,38.87,23.3186,554.39,522.32
74,21,47.37,1404.32,8.4272,642.0,392,1587.03,2388.04,2388.04,9066.9,8152.04,38.96,23.3468,553.92,521.96
74,22,47.28,1400.03,8.4144,641.97,392,1589.06,2388.07,2388.03,9059.51,8149.83,38.8,23.4153,553.93,521.96
74,23,47.36,1403.22,8.403,642.44,393,1582.47,2388.01,2388.06,9060.05,8140.39,39.03,23.4854,553.92,522.43
74,24,47.13,1398.14,8.3969,642.48,390,1584.24,2388.02,2388.07,9071.34,8149.0,38.94,23.4012,554.19,522.51
74,25,47.38,1398.98,8.3802,642.03,393,1586.06,2387.99,2387.98,9062.79,8147.17,39.1,23.3906,554.16,522.18
74,26,47.32,1407.46,8.4454,642.49,391,1594.69,2388.06,2387.98,9064.45,8144.55,38.74,23.3713,553.85,521.76
74,27,47.21,1398.74,8.4213,641.79,391,1587.34,2388.0,2388.01,9058.08,8145.3,38.96,23.4215,554.64,521.72
74,28,47.31,1396.64,8.3955,641.84,392,1584.15,2387.99,2388.01,9061.94,8149.77,38.9,23.3685,554.19,522.22
74,29,47.24,1397.92,8.4341,642.45,392,1582.81,2387.99,2387.98,9073.17,8150.71,38.96,23.4575,553.66,522.06
74,30,47.18,1404.47,8.4025,642.03,393,1589.83,2388.01,2388.0,9061.41,8146.16,39.08,23.4487,554.8,521.33
74,31,47.27,1397.85,8.3929,642.1,392,1593.19,2388.02,2388.04,9077.08,8146.04,38.97,23.4466,554.43,522.31
74,32,47.39,1399.46,8.4244,642.25,393,1593.45,2388.04,2388.03,9064.62,8153.34,38.91,23.425,554.21,521.63
74,33,47.35,1404.05,8.3573,642.55,392,1586.85,2388.01,2388.0,9069.87,8146.65,38.85,23.3048,553.97,522.51
74,34,47.52,1407.9,8.4108,642.4,392,1582.43,2388.02,2388.02,9070.36,8143.31,39.08,23.3761,554.15,521.78
74,35,47.32,1400.38,8.4345,642.59,393,1585.86,2388.02,2387.97,9066.42,8147.01,38.88,23.4471,553.75,522.05
74,36,47.18,1401.54,8.4215,642.07,393,1595.45,2388.04,2387.96,9065.98,8144.64,39.1,23.3164,553.94,522.28
74,37,47.35,1412.38,8.4012,642.13,392,1590.41,2388.02,2388.01,9062.55,8150.65,38.9,23.4258,554.15,522.32
74,38,47.27,1401.33,8.4263,642.1,393,1586.81,2388.05,2388.04,9068.78,8150.87,39.04,23.3353,554.52,522.44
74,39,47.36,1400.67,8.418,642.32,393,1592.66,2388.02,2388.02,9065.83,8144.72,39.17,23.3277,554.35,522.05
74,40,47.33,1401.32,8.4226,642.24,392,1582.36,2388.03,2388.07,9069.4,8148.28,38.9,23.2851,554.39,521.88
74,41,47.25,1398.79,8.397,642.47,393,1593.25,2387.99,2388.02,9064.7,8150.15,39.01,23.38,554.03,521.8
74,42,47.42,1404.37,8.4,642.14,390,1582.57,2388.03,2388.02,9062.15,8152.67,38.9,23.4479,554.28,522.52
74,43,47.16,1404.81,8.4216,642.12,393,1580.45,2388.04,2388.02,9065.58,8148.29,38.92,23.3628,553.37,522.19
74,44,47.27,1401.86,8.4334,642.16,392,1591.77,2388.02,2388.01,9072.55,8153.64,38.95,23.3778,553.71,522.01
74,45,47.36,1402.96,8.3879,642.6,393,1582.73,2388.04,2388.03,9063.28,8144.94,39.15,23.3733,554.53,522.0
74,46,47.18,1403.24,8.4132,642.33,392,1588.18,2387.99,2387.96,9060.06,8145.73,39.0,23.4556,554.43,522.14
74,47,47.3,1405.12,8.4015,642.51,394,1587.06,2388.03,2388.03,9061.67,8146.31,39.18,23.3342,554.03,521.72
74,48,47.25,1397.89,8.4132,642.29,391,1588.74,2388.09,2388.03,9070.99,8144.96,39.08,23.2579,553.78,521.91
74,49,47.29,1403.69,8.3917,642.68,392,1583.52,2388.04,2388.05,9061.26,8146.17,38.78,23.3541,554.0,522.44
74,50,47.26,1399.49,8.4272,642.27,391,1590.88,2387.99,2388.06,9059.12,8154.01,38.89,23.3717,554.57,521.78
74,51,47.23,1401.28,8.4689,642.45,395,1591.7,2388.04,2388.02,9069.62,8147.66,39.06,23.3901,553.61,522.62
74,52,47.36,1400.56,8.3979,642.35,393,1582.25,2388.02,2388.01,9066.12,8141.53,38.98,23.3178,553.5,522.0
74,53,47.45,1403.07,8.4362,642.51,394,1588.08,2388.05,2388.06,9068.91,8147.44,39.08,23.3982,553.94,521.95
74,54,47.39,1400.24,8.4193,642.37,393,1573.01,2388.07,2388.04,9069.41,8143.92,39.04,23.3612,554.34,521.89
74,55,47.28,1400.88,8.3745,642.34,391,1590.42,2388.02,2388.06,9060.23,8144.61,38.9,23.3949,553.78,522.21
74,56,47.4,1403.64,8.3836,642.19,392,1581.96,2388.08,2387.99,9066.15,8155.63,38.95,23.4561,554.76,521.59
74,57,47.48,1405.75,8.4207,641.98,393,1597.42,2387.97,2388.01,9066.29,8146.61,38.82,23.4704,554.23,521.31
74,58,47.41,1405.97,8.4035,642.29,391,1587.76,2388.08,2388.09,9065.24,8146.76,38.92,23.3888,554.11,522.13
74,59,47.39,1399.3,8.3861,642.18,392,1586.34,2388.04,2388.04,9062.72,8150.52,38.92,23.3494,554.65,522.29
74,60,47.26,1400.11,8.431,642.4,393,1587.13,2388.03,2388.02,9060.99,8150.3,38.78,23.4386,554.97,522.06
74,61,47.25,1398.0,8.3862,642.65,392,1587.91,2388.06,2388.07,9074.19,8142.62,39.05,23.4014,553.9,521.74
74,62,47.3,1404.32,8.3949,642.25,392,1587.57,2388.06,2388.04,9061.51,8145.58,38.89,23.3447,554.16,521.75
74,63,47.37,1405.28,8.4165,642.33,392,1580.61,2388.01,2388.02,9072.95,8148.56,39.04,23.2911,554.54,521.64
74,64,47.4,1403.1,8.3929,642.7,392,1585.63,2388.04,2388.09,9071.16,8148.15,38.93,23.3505,553.88,522.19
74,65,47.46,1403.58,8.4329,642.22,392,1588.08,2388.02,2388.02,9067.66,8152.42,38.89,23.4342,553.82,522.21
74,66,47.39,1394.64,8.4392,641.88,393,1582.4,2388.01,2388.04,9075.5,8147.42,38.73,23.433,554.84,522.22
74,67,47.23,1407.41,8.4062,642.09,392,1593.55,2388.1,2388.06,9069.89,8142.57,38.78,23.1994,553.95,521.64
74,68,47.49,1399.61,8.4167,642.52,394,1584.61,2388.05,2388.09,9064.96,8146.84,39.03,23.3388,553.83,521.92
74,69,47.61,1406.34,8.411,642.25,393,1580.45,2388.02,2388.03,9064.29,8141.71,39.07,23.3652,554.06,521.71
74,70,47.35,1401.03,8.4493,642.08,392,1584.02,2388.1,2388.03,9061.73,8143.12,38.93,23.3024,553.46,521.89
74,71,47.26,1398.43,8.4127,642.49,392,1592.4,2388.06,2388.01,9063.94,8143.54,38.89,23.4211,553.33,522.57
74,72,47.28,1401.0,8.4331,642.48,393,1588.87,2388.02,2388.01,9066.62,8145.12,38.8,23.4176,553.75,521.82
74,73,47.37,1402.23,8.4307,642.67,390,1592.31,2388.11,2388.07,9058.98,8143.6,39.0,23.3203,553.28,521.75
74,74,47.18,1405.09,8.4144,642.32,392,1586.8,2388.07,2388.03,9067.24,8150.7,39.05,23.3081,554.42,522.08
74,75,47.31,1400.94,8.4143,642.16,392,1582.53,2387.98,2388.09,9066.56,8148.3,38.94,23.308,553.96,522.18
74,76,47.36,1393.28,8.4212,642.84,391,1588.98,2388.02,2388.03,9066.62,8152.32,39.02,23.4951,553.6,521.77
74,77,47.4,1406.27,8.4162,641.8,392,1588.56,2388.05,2388.06,9065.04,8144.99,38.89,23.3964,553.91,522.17
74,78,47.64,1406.97,8.4081,642.35,391,1590.28,2388.03,2388.03,9065.35,8142.11,38.8,23.2835,553.14,521.97
74,79,47.41,1408.73,8.4458,642.49,391,1582.66,2388.05,2388.04,9064.58,8150.05,38.96,23.376,554.13,521.53
74,80,47.39,1398.8,8.4044,642.61,393,1589.09,2388.05,2388.05,9061.06,8147.57,38.97,23.367,554.96,521.15
74,81,47.46,1407.7,8.4094,642.89,393,1584.46,2388.09,2388.05,9071.58,8147.83,38.88,23.3511,554.15,521.37
74,82,47.44,1415.12,8.4315,642.14,392,1590.43,2388.01,2388.05,9067.74,8154.28,38.77,23.3388,554.11,521.62
74,83,47.3,1402.6,8.4278,642.26,393,1583.83,2388.02,2388.06,9071.12,8148.92,39.06,23.1741,553.96,522.12
74,84,47.26,1404.87,8.4103,642.73,390,1580.82,2388.1,2388.09,9062.7,8144.43,39.1,23.294,554.08,521.7
74,85,47.55,1408.07,8.4271,642.97,393,1582.96,2388.05,2388.03,9071.24,8149.72,38.79,23.2962,554.19,522.03
74,86,47.1,1401.84,8.4245,642.34,393,1585.96,2388.04,2388.1,9072.73,8149.45,38.88,23.3631,554.33,521.44
74,87,47.51,1410.28,8.3997,642.27,393,1592.24,2387.99,2388.11,9070.24,8146.31,38.79,23.3492,553.21,521.54
74,88,47.33,1405.83,8.4338,641.86,392,1589.76,2388.01,2388.09,9064.17,8142.06,38.91,23.3874,553.91,521.74
74,89,47.47,1402.96,8.3859,642.07,392,1594.9,2388.02,2388.09,9064.97,8146.44,38.92,23.3188,553.06,521.57
74,90,47.35,1405.0,8.4335,643.21,393,1591.59,2388.08,2388.04,9067.03,8143.29,38.89,23.2834,554.33,521.57
74,91,47.42,1404.6,8.4514,642.5,392,1584.01,2388.01,2388.11,9062.48,8144.21,39.02,23.3845,553.23,521.81
74,92,47.32,1401.69,8.4433,642.0,391,1580.91,2388.05,2388.05,9059.57,8141.35,38.92,23.332,553.65,521.77
74,93,47.4,1407.97,8.4325,642.13,393,1586.29,2388.04,2388.09,9069.62,8145.73,38.71,23.3135,554.29,521.71
74,94,47.42,1410.45,8.4406,642.36,393,1582.25,2388.04,2388.04,9061.54,8145.97,38.99,23.2051,553.67,521.88
74,95,47.49,1400.65,8.4297,642.56,393,1592.88,2388.04,2388.1,9072.37,8142.17,38.93,23.3032,554.17,521.28
74,96,47.49,1406.94,8.4341,642.55,392,1594.8,2388.03,2388.03,9062.54,8144.2,38.87,23.2356,553.84,521.72
74,97,47.57,1401.36,8.4513,643.37,392,1584.2,2388.06,2388.04,9062.64,8143.05,38.72,23.3476,553.85,521.53
74,98,47.35,1413.04,8.4381,643.23,392,1591.38,2388.08,2388.03,9057.96,8146.71,38.79,23.3799,553.53,521.83
74,99,47.57,1406.4,8.4058,642.63,393,1598.24,2388.08,2388.09,9070.1,8141.35,38.93,23.2388,553.53,521.49
74,100,47.42,1401.16,8.4455,642.81,392,1591.05,2388.04,2388.12,9063.7,8138.11,38.88,23.3013,553.65,521.92
74,101,47.38,1404.66,8.4264,642.26,393,1586.88,2388.11,2388.07,9062.51,8142.7,39.02,23.4033,552.68,521.63
74,102,47.54,1403.75,8.4358,642.37,393,1589.5,2388.1,2388.11,9059.55,8144.42,38.8,23.3539,553.24,521.56
74,103,47.55,1405.94,8.462,641.98,393,1589.18,2388.07,2388.06,9065.23,8139.25,38.87,23.3441,554.0,521.66
74,104,47.42,1403.47,8.4333,642.46,393,1587.45,2388.07,2388.07,9062.93,8142.72,38.94,23.3022,554.3,521.6
74,105,47.5,1395.87,8.4324,642.59,393,1588.29,2388.07,2388.06,9063.33,8143.23,38.9,23.2421,553.67,521.35
74,106,47.35,1395.86,8.451,642.18,392,1583.73,2388.1,2388.11,9063.57,8152.16,38.76,23.3248,553.48,521.96
74,107,47.47,1405.97,8.4422,642.72,393,1585.41,2388.04,2388.13,9062.23,8142.34,38.81,23.2887,553.36,521.41
74,108,47.32,1401.95,8.4335,642.53,392,1596.06,2388.1,2388.04,9057.76,8144.56,38.92,23.2729,553.94,521.6
74,109,47.44,1408.36,8.4397,642.67,394,1589.44,2388.07,2388.12,9072.53,8149.43,38.77,23.3458,553.63,521.54
74,110,47.6,1410.15,8.4632,642.64,393,1591.73,2388.06,2388.12,9062.58,8140.46,39.07,23.2665,553.1,521.35
74,111,47.6,1413.43,8.4492,642.68,393,1595.06,2388.12,2388.14,9065.8,8140.28,38.63,23.3011,554.09,520.99
74,112,47.37,1411.42,8.4485,642.75,392,1585.25,2388.12,2388.06,9064.63,8142.47,38.96,23.2548,553.51,521.5
74,113,47.47,1403.74,8.44,642.83,393,1596.96,2388.12,2388.14,9061.24,8139.55,38.79,23.238,552.95,521.69
74,114,47.51,1414.89,8.4423,642.39,394,1591.45,2388.08,2388.12,9062.68,8136.92,38.92,23.3154,553.24,522.06
74,115,47.65,1410.36,8.4018,642.43,394,1591.88,2388.09,2388.05,9069.5,8143.27,38.79,23.2514,552.91,521.33
74,116,47.68,1406.84,8.4309,642.35,393,1589.06,2388.08,2388.04,9057.11,8138.45,38.75,23.2317,552.69,521.69
74,117,47.53,1409.75,8.4948,642.53,393,1584.49,2388.12,2388.13,9068.55,8145.27,38.87,23.1815,553.24,521.03
74,118,47.54,1405.71,8.4314,643.16,394,1591.62,2388.1,2388.05,9064.33,8139.87,38.84,23.271,553.64,521.19
74,119,47.51,1409.85,8.4466,642.7,393,1593.63,2388.11,2388.12,9070.5,8137.6,38.55,23.2363,553.81,521.13
74,120,47.7,1407.1,8.4432,642.27,393,1589.65,2388.09,2388.07,9065.29,8138.79,38.74,23.357,553.01,521.35
74,121,47.66,1405.77,8.4394,642.53,394,1588.85,2388.1,2388.09,9069.85,8140.86,38.89,23.2854,552.88,520.97
74,122,47.61,1405.94,8.445,642.24,392,1597.21,2388.11,2388.14,9061.94,8139.78,38.89,23.3036,552.57,521.17
74,123,47.66,1405.57,8.4433,642.77,394,1589.39,2388.14,2388.1,9065.63,8140.74,38.73,23.2637,552.73,521.61
74,124,47.6,1421.53,8.4444,642.51,393,1587.31,2388.11,2388.06,9068.51,8143.05,38.93,23.251,553.86,521.31
74,125,47.53,1412.02,8.4478,642.72,392,1587.27,2388.1,2388.1,9068.28,8146.99,38.85,23.3422,552.84,520.52
74,126,47.46,1411.39,8.4534,642.48,393,1592.15,2388.09,2388.15,9058.68,8138.49,38.66,23.2693,553.73,521.08
74,127,47.54,1410.18,8.4365,642.79,392,1593.71,2388.12,2388.11,9056.14,8135.6,38.77,23.4133,552.62,520.88
74,128,47.79,1409.77,8.4762,642.46,395,1596.34,2388.08,2388.1,9054.21,8136.74,38.53,23.1698,553.44,520.4
74,129,47.66,1407.31,8.4602,642.39,394,1592.04,2388.13,2388.07,9063.25,8137.64,38.68,23.1738,553.26,521.5
74,130,47.68,1417.52,8.4936,642.89,394,1589.55,2388.14,2388.17,9065.33,8141.5,38.78,23.3694,552.98,521.66
74,131,47.76,1409.96,8.4409,643.23,393,1600.18,2388.07,2388.07,9060.72,8139.42,38.99,23.2692,552.93,520.63
74,132,47.78,1418.97,8.4977,642.6,393,1588.11,2388.12,2388.14,9067.35,8139.3,38.77,23.3244,552.82,520.89
74,133,47.68,1417.31,8.4448,642.9,393,1599.4,2388.13,2388.12,9064.1,8139.53,38.78,23.2027,553.51,520.84
74,134,47.79,1416.62,8.4355,643.36,395,1591.59,2388.17,2388.13,9054.09,8135.06,38.71,23.157,553.0,521.46
74,135,47.75,1412.3,8.4491,642.83,394,1596.42,2388.13,2388.16,9055.15,8136.54,38.82,23.2522,552.9,520.87
74,136,47.6,1416.91,8.4132,642.91,395,1601.05,2388.14,2388.19,9059.99,8136.4,38.7,23.2211,553.17,520.64
74,137,47.56,1413.32,8.4626,642.66,393,1590.3,2388.18,2388.2,9071.75,8139.28,38.75,23.2099,552.71,521.11
74,138,47.79,1418.69,8.451,642.88,396,1590.98,2388.16,2388.12,9063.1,8137.16,38.7,23.2749,552.89,521.35
74,139,47.74,1417.17,8.489,642.99,394,1590.43,2388.18,2388.11,9063.32,8136.23,38.7,23.2205,552.45,521.47
74,140,47.69,1416.74,8.457,643.01,394,1593.96,2388.17,2388.14,9068.06,8133.36,38.54,23.1209,552.68,520.76
74,141,47.92,1422.88,8.4642,643.3,393,1601.19,2388.19,2388.22,9059.35,8135.03,38.63,23.0726,552.66,521.0
74,142,47.81,1419.58,8.4443,643.28,395,1594.44,2388.13,2388.19,9056.9,8138.04,38.65,23.2112,552.52,521.04
74,143,47.7,1420.47,8.4755,642.95,395,1589.67,2388.2,2388.23,9058.79,8139.1,38.65,23.2623,552.43,520.06
74,144,47.72,1416.33,8.4673,643.37,394,1591.53,2388.12,2388.19,9052.91,8132.71,38.67,23.2596,552.66,520.86
74,145,47.68,1418.11,8.4626,642.33,393,1598.46,2388.16,2388.16,9061.02,8136.57,38.73,23.2571,552.11,520.25
74,146,47.77,1419.52,8.4815,643.39,395,1592.18,2388.2,2388.17,9056.09,8133.17,38.71,23.0928,551.95,520.19
74,147,47.8,1421.0,8.474,643.16,394,1597.28,2388.17,2388.14,9060.55,8126.3,38.57,23.0972,552.54,520.92
74,148,47.96,1415.9,8.4605,643.33,394,1597.24,2388.14,2388.17,9065.2,8136.69,38.89,23.0668,552.45,520.54
74,149,47.75,1412.37,8.5138,643.15,394,1595.7,2388.18,2388.16,9066.89,8132.62,38.77,23.0306,551.53,520.22
74,150,47.97,1420.21,8.5296,643.47,396,1603.26,2388.2,2388.25,9051.15,8135.17,38.61,23.2245,551.73,520.57
74,151,47.92,1419.6,8.4756,643.03,395,1599.69,2388.15,2388.24,9059.48,8136.45,38.49,23.1584,552.15,520.33
74,152,47.81,1420.12,8.5061,643.25,395,1594.29,2388.2,2388.21,9057.29,8129.54,38.67,23.2017,552.2,520.11
74,153,47.84,1422.36,8.5108,643.29,394,1601.55,2388.21,2388.26,9054.75,8130.64,38.64,23.1301,551.82,519.87
74,154,47.94,1418.04,8.481,643.55,395,1592.46,2388.2,2388.17,9058.12,8129.16,38.54,23.021,551.78,520.45
74,155,47.99,1417.41,8.4984,643.83,395,1598.91,2388.27,2388.28,9054.68,8130.83,38.71,23.1676,552.93,519.84
74,156,48.11,1421.75,8.5248,643.42,397,1599.03,2388.25,2388.23,9055.16,8133.19,38.51,23.1377,552.19,519.91
74,157,48.0,1418.78,8.5289,643.27,395,1592.25,2388.24,2388.25,9057.81,8130.23,38.48,23.0369,552.1,519.78
74,158,48.07,1424.76,8.5274,643.88,394,1597.92,2388.24,2388.19,9059.94,8130.42,38.6,23.1293,551.07,520.3
74,159,48.01,1430.31,8.4614,643.62,395,1597.26,2388.24,2388.19,9050.31,8133.82,38.47,23.1524,551.67,520.13
74,160,48.04,1431.59,8.4995,643.47,395,1599.38,2388.24,2388.23,9054.92,8127.51,38.51,23.1293,551.32,519.6
74,161,48.05,1429.6,8.5092,643.96,395,1601.06,2388.28,2388.26,9059.07,8126.49,38.4,23.0624,551.7,519.68
74,162,48.03,1430.56,8.5218,643.7,395,1604.64,2388.28,2388.28,9057.02,8127.72,38.5,23.073,552.33,519.8
74,163,48.17,1426.01,8.508,644.16,397,1607.16,2388.28,2388.29,9057.1,8123.78,38.48,23.0785,551.86,519.79
74,164,48.22,1423.05,8.525,643.64,396,1600.62,2388.3,2388.29,9049.12,8125.96,38.45,23.0552,550.61,519.23
74,165,48.02,1423.1,8.5342,643.96,394,1599.81,2388.24,2388.3,9050.27,8129.77,38.42,23.0288,551.65,519.61
74,166,48.07,1431.14,8.5309,643.29,398,1604.39,2388.3,2388.25,9056.35,8123.87,38.36,22.9906,550.35,519.52
77,1,47.55,1411.32,8.4655,642.62,392,1591.75,2388.07,2388.1,9052.57,8126.56,38.92,23.2762,553.71,521.45
77,2,47.3,1406.97,8.4789,642.46,392,1591.88,2388.13,2388.1,9043.86,8127.46,38.88,23.2764,553.44,521.67
77,3,47.39,1400.54,8.435,641.78,394,1585.31,2388.12,2388.09,9051.11,8125.17,38.82,23.2387,553.67,521.46
77,4,47.38,1410.04,8.4365,642.71,393,1592.71,2388.13,2388.14,9050.29,8131.03,38.79,23.4034,553.22,521.28
77,5,47.56,1405.8,8.4685,642.09,391,1587.59,2388.1,2388.11,9048.07,8130.0,38.8,23.3085,553.73,521.67
77,6,47.5,1405.66,8.4695,642.85,392,1586.86,2388.11,2388.12,9051.76,8127.13,38.83,23.2958,553.39,521.45
77,7,47.54,1417.79,8.4786,642.26,393,1583.78,2388.06,2388.11,9047.15,8129.73,38.85,23.3976,553.33,522.18
77,8,47.56,1405.13,8.4239,642.4,393,1587.29,2388.11,2388.1,9045.31,8131.74,38.93,23.3802,553.6,522.0
77,9,47.53,1407.47,8.4484,642.72,392,1589.08,2388.07,2388.1,9051.04,8128.44,39.04,23.3733,554.43,521.41
77,10,47.32,1407.97,8.4271,642.83,392,1584.97,2388.06,2388.1,9044.83,8125.32,38.77,23.355,553.87,520.77
77,11,47.36,1407.13,8.4378,643.13,392,1582.29,2388.07,2388.05,9040.34,8129.87,38.77,23.2824,553.11,521.24
77,12,47.34,1406.0,8.429,642.3,391,1591.82,2388.09,2388.09,9049.8,8127.33,38.89,23.1751,553.9,522.05
77,13,47.48,1402.71,8.4269,642.12,393,1588.45,2388.13,2388.12,9044.83,8126.64,38.93,23.1822,554.04,521.35
77,14,47.58,1406.71,8.4128,642.69,391,1590.52,2388.17,2388.1,9047.87,8129.32,38.96,23.3022,553.95,521.86
77,15,47.54,1404.48,8.4149,642.65,392,1587.02,2388.09,2388.1,9048.41,8129.26,38.66,23.4028,553.34,521.54
77,16,47.5,1400.29,8.413,642.6,394,1583.71,2388.14,2388.07,9042.89,8124.24,38.98,23.4181,553.12,522.24
77,17,47.46,1406.36,8.4723,642.83,391,1586.01,2388.1,2388.11,9049.88,8129.36,38.78,23.3913,553.7,521.05
77,18,47.65,1402.4,8.4454,642.29,392,1585.14,2388.13,2388.13,9055.48,8132.27,39.08,23.3572,553.36,521.34
77,19,47.6,1404.29,8.4475,642.3,392,1583.71,2388.05,2388.08,9049.56,8126.84,38.75,23.2646,553.73,522.04
77,20,47.48,1406.3,8.4324,642.78,393,1586.51,2388.15,2388.09,9038.78,8123.73,38.81,23.3789,553.37,521.77
77,21,47.44,1409.51,8.441,642.48,392,1586.09,2388.07,2388.07,9038.91,8129.25,38.88,23.3958,553.29,522.01
77,22,47.53,1401.52,8.4108,642.65,393,1589.23,2388.07,2388.05,9053.88,8128.52,38.74,23.2414,553.65,521.79
77,23,47.66,1405.51,8.4833,642.91,394,1594.68,2388.11,2388.1,9046.99,8125.18,38.73,23.3472,553.13,521.29
77,24,47.48,1401.67,8.423,642.78,394,1589.04,2388.14,2388.13,9043.07,8131.86,38.89,23.2798,553.64,521.92
77,25,47.46,1409.97,8.4108,642.53,393,1588.28,2388.1,2388.16,9046.35,8127.14,38.81,23.309,553.94,521.83
77,26,47.25,1408.38,8.4172,642.75,392,1590.76,2388.09,2388.13,9045.25,8126.68,38.62,23.2673,553.24,521.39
77,27,47.58,1403.69,8.4347,642.43,393,1581.6,2388.09,2388.11,9051.98,8125.36,38.93,23.3573,553.03,521.32
77,28,47.58,1411.83,8.4303,642.81,393,1591.61,2388.08,2388.12,9048.07,8125.18,38.73,23.3459,553.3,521.14
77,29,47.84,1406.42,8.4392,642.53,393,1591.34,2388.13,2388.11,9046.96,8132.19,38.84,23.3505,553.21,521.6
77,30,47.47,1408.42,8.4126,642.64,393,1590.8,2388.11,2388.14,9041.08,8129.32,38.83,23.329,553.13,521.88
77,31,47.48,1410.95,8.4283,642.86,392,1584.4,2388.13,2388.12,9048.44,8125.14,38.8,23.3948,554.48,521.42
77,32,47.47,1409.97,8.4217,642.58,393,1590.54,2388.12,2388.07,9047.25,8127.97,38.82,23.3847,553.79,521.48
77,33,47.48,1413.26,8.441,643.09,393,1592.54,2388.1,2388.15,9053.43,8125.16,38.51,23.2458,553.28,521.15
77,34,47.57,1412.17,8.4323,642.57,393,1586.78,2388.11,2388.11,9049.14,8127.88,38.62,23.2752,553.07,522.17
77,35,47.45,1411.6,8.3685,643.15,395,1583.88,2388.1,2388.16,9045.88,8128.89,39.04,23.1706,553.37,521.05
77,36,47.52,1407.96,8.4388,642.86,393,1594.03,2388.11,2388.16,9053.23,8129.77,38.79,23.3143,553.37,521.73
77,37,47.39,1407.27,8.4148,642.86,393,1587.77,2388.1,2388.09,9051.84,8128.76,38.83,23.3281,553.79,521.22
77,38,47.51,1405.38,8.4451,642.72,394,1597.55,2388.17,2388.08,9048.64,8130.26,38.79,23.295,553.7,521.46
77,39,47.61,1404.44,8.435,642.61,392,1593.84,2388.16,2388.14,9043.12,8127.77,38.96,23.3754,553.46,520.93
77,40,47.3,1414.29,8.4554,642.44,393,1591.76,2388.13,2388.11,9048.97,8129.89,38.79,23.3284,554.06,521.17
77,41,47.61,1411.2,8.4518,642.88,392,1587.79,2388.12,2388.12,9042.76,8128.33,38.79,23.2787,553.64,521.45
77,42,47.3,1413.4,8.4026,642.37,393,1591.22,2388.1,2388.09,9046.55,8129.82,38.85,23.3589,553.38,521.49
77,43,47.4,1407.35,8.424,642.08,393,1589.69,2388.1,2388.09,9051.92,8131.22,38.95,23.2972,553.46,521.4
77,44,47.49,1410.17,8.4046,642.44,393,1587.27,2388.1,2388.13,9047.4,8128.11,38.91,23.2408,553.34,521.79
77,45,47.66,1402.95,8.4377,642.74,393,1587.64,2388.11,2388.1,9044.43,8132.36,38.84,23.261,553.49,521.0
77,46,47.49,1409.79,8.4281,642.68,392,1582.92,2388.12,2388.1,9052.99,8130.63,38.7,23.3302,553.86,521.38
77,47,47.47,1409.03,8.4475,642.47,392,1583.7,2388.12,2388.13,9038.29,8132.26,38.86,23.3859,553.14,521.17
77,48,47.57,1410.16,8.43,642.42,394,1597.41,2388.06,2388.1,9054.29,8122.84,38.84,23.1625,553.18,521.4
77,49,47.49,1403.2,8.4468,642.48,393,1580.52,2388.1,2388.06,9056.41,8133.78,38.76,23.2819,553.46,521.0
77,50,47.47,1409.9,8.471,642.82,391,1589.72,2388.13,2388.1,9045.49,8130.52,39.05,23.4174,553.86,521.17
77,51,47.67,1409.17,8.4048,642.27,391,1588.62,2388.16,2388.08,9046.56,8124.53,38.87,23.3369,553.42,521.7
77,52,47.46,1408.6,8.4623,642.49,394,1582.17,2388.16,2388.15,9048.86,8127.07,38.81,23.3384,552.97,521.63
77,53,47.61,1400.69,8.4371,642.44,394,1596.23,2388.15,2388.15,9052.42,8129.98,38.93,23.2566,553.8,521.75
77,54,47.29,1415.77,8.4356,642.93,392,1591.77,2388.1,2388.11,9047.56,8130.84,39.0,23.3543,552.87,521.22
77,55,47.68,1405.16,8.475,642.2,392,1594.71,2388.11,2388.14,9043.52,8122.49,38.92,23.2863,553.43,521.55
77,56,47.47,1405.53,8.4175,642.37,393,1588.1,2388.09,2388.11,9038.23,8130.7,38.94,23.2648,553.31,521.71
77,57,47.5,1408.03,8.4475,642.13,392,1583.93,2388.1,2388.11,9053.14,8126.8,38.95,23.3684,553.4,521.83
77,58,47.53,1410.33,8.3891,642.84,394,1598.44,2388.13,2388.15,9043.84,8130.45,38.9,23.2831,553.64,521.34
77,59,47.55,1414.84,8.4291,642.95,392,1590.79,2388.11,2388.11,9048.92,8133.0,38.83,23.4754,553.34,521.14
77,60,47.57,1411.12,8.4331,642.97,395,1589.3,2388.12,2388.11,9051.33,8126.5,38.8,23.1977,553.26,522.08
77,61,47.58,1407.62,8.4144,642.75,394,1585.58,2388.15,2388.11,9059.93,8126.26,38.61,23.0833,554.26,521.56
77,62,47.41,1404.54,8.4303,642.47,394,1588.19,2388.05,2388.08,9046.8,8134.25,38.71,23.2392,553.36,521.53
77,63,47.45,1411.6,8.4202,642.97,393,1585.94,2388.09,2388.1,9047.21,8128.25,38.98,23.268,552.87,521.11
77,64,47.59,1408.5,8.4573,642.98,392,1586.2,2388.13,2388.14,9048.87,8124.09,38.62,23.2905,553.36,521.48
77,65,47.42,1407.15,8.4491,642.57,393,1588.21,2388.08,2388.18,9050.16,8127.03,38.94,23.3022,553.51,521.53
77,66,47.4,1403.97,8.4276,642.62,393,1587.43,2388.14,2388.14,9047.37,8126.05,38.74,23.2277,552.97,521.79
77,67,47.48,1400.57,8.4337,642.73,394,1583.73,2388.13,2388.14,9048.95,8127.39,38.71,23.2643,552.59,521.25
77,68,47.54,1409.43,8.4225,643.13,394,1592.02,2388.12,2388.18,9049.47,8125.26,38.86,23.3131,553.16,520.89
77,69,47.66,1415.08,8.4488,642.85,393,1592.74,2388.12,2388.15,9059.37,8128.6,38.71,23.3626,553.67,520.94
77,70,47.51,1404.1,8.4139,642.72,393,1589.98,2388.13,2388.09,9043.37,8126.36,38.61,23.3068,552.87,520.97
77,71,47.47,1410.37,8.4402,642.39,394,1587.44,2388.13,2388.1,9037.91,8133.61,38.88,23.3426,553.86,521.82
77,72,47.51,1407.45,8.4475,642.67,395,1593.31,2388.13,2388.14,9057.47,8135.84,38.85,23.1779,553.73,520.63
77,73,47.39,1406.97,8.4263,642.68,393,1591.07,2388.07,2388.11,9050.25,8128.17,38.59,23.2978,553.35,522.19
77,74,47.56,1406.81,8.4572,642.39,391,1588.72,2388.15,2388.11,9047.66,8127.61,38.66,23.3184,552.85,521.19
77,75,47.66,1408.78,8.4308,642.6,394,1585.52,2388.16,2388.12,9049.9,8129.8,38.88,23.2415,552.81,521.09
77,76,47.56,1408.48,8.4614,642.63,394,1590.84,2388.12,2388.12,9043.37,8125.5,38.64,23.2522,553.0,521.92
77,77,47.5,1410.47,8.4462,642.29,394,1595.03,2388.14,2388.14,9054.59,8134.47,39.01,23.2614,553.14,521.4
77,78,47.62,1410.18,8.4136,643.19,395,1597.73,2388.1,2388.12,9051.39,8131.49,38.82,23.2295,553.35,521.33
77,79,47.57,1413.98,8.4623,642.43,394,1594.06,2388.15,2388.15,9050.49,8134.9,38.8,23.33,553.05,521.16
77,80,47.66,1408.73,8.4462,643.81,392,1583.38,2388.14,2388.17,9048.86,8128.71,38.91,23.1968,552.61,521.35
77,81,47.6,1410.62,8.4422,642.81,392,1585.68,2388.08,2388.18,9052.18,8131.46,38.91,23.2506,553.67,521.36
77,82,47.55,1408.56,8.4049,642.3,392,1590.81,2388.15,2388.14,9047.23,8133.45,38.72,23.2538,552.84,521.53
77,83,47.55,1413.41,8.451,643.13,393,1577.92,2388.14,2388.14,9046.2,8130.09,38.92,23.2085,553.68,521.64
77,84,47.42,1411.57,8.4467,642.88,393,1589.73,2388.17,2388.11,9049.31,8136.19,38.71,23.2559,552.82,521.48
77,85,47.48,1414.03,8.434,642.85,393,1582.0,2388.13,2388.09,9052.55,8134.64,38.83,23.3199,552.85,521.3
77,86,47.26,1414.83,8.4295,643.33,394,1592.79,2388.15,2388.16,9048.4,8126.46,38.89,23.2344,552.99,521.28
77,87,47.49,1410.93,8.4526,642.52,395,1591.29,2388.16,2388.13,9050.5,8127.18,38.82,23.2805,553.65,521.34
77,88,47.56,1411.6,8.455,643.05,393,1586.76,2388.14,2388.15,9044.05,8128.51,38.87,23.1114,552.88,521.89
77,89,47.55,1416.13,8.4701,642.23,395,1595.81,2388.17,2388.11,9050.62,8126.2,38.72,23.2725,553.01,521.37
77,90,47.52,1411.4,8.4489,642.68,393,1596.51,2388.11,2388.06,9058.56,8135.04,38.85,23.2674,553.13,521.87
77,91,47.43,1410.94,8.4421,642.79,393,1591.8,2388.19,2388.19,9059.03,8133.14,38.69,23.2535,552.69,521.39
77,92,47.59,1410.71,8.4194,642.93,392,1590.2,2388.15,2388.17,9046.56,8133.08,38.78,23.3732,553.31,521.24
77,93,47.66,1416.97,8.4608,642.94,394,1591.57,2388.13,2388.11,9052.23,8132.58,38.64,23.2091,552.65,521.84
77,94,47.7,1412.86,8.466,642.91,395,1596.19,2388.16,2388.15,9052.06,8132.66,38.87,23.2291,553.63,520.57
77,95,47.76,1413.47,8.4564,643.66,394,1596.08,2388.1,2388.17,9061.09,8135.11,38.63,23.2428,553.26,520.88
77,96,47.64,1410.49,8.4781,642.85,395,1588.31,2388.14,2388.13,9054.12,8129.89,38.46,23.3453,553.14,521.43
77,97,47.65,1415.41,8.4438,643.2,393,1591.43,2388.16,2388.12,9055.91,8134.69,38.86,23.3717,553.11,520.78
77,98,47.86,1410.02,8.4574,643.21,394,1591.89,2388.12,2388.13,9054.4,8133.82,38.74,23.3392,552.55,520.78
77,99,47.92,1419.78,8.4468,642.69,392,1593.86,2388.1,2388.16,9049.52,8127.02,38.75,23.1453,552.27,521.42
77,100,48.0,1408.58,8.4518,642.58,392,1591.63,2388.15,2388.15,9059.1,8135.8,38.59,23.2791,553.27,521.16
77,101,47.55,1418.41,8.4546,643.13,394,1588.67,2388.14,2388.13,9051.04,8129.94,38.67,23.1787,553.54,520.99
77,102,47.56,1407.1,8.4667,642.87,394,1589.1,2388.13,2388.12,9058.88,8133.96,38.81,23.3418,552.9,520.89
77,103,47.63,1418.63,8.4544,642.8,393,1593.24,2388.16,2388.13,9058.55,8131.86,38.75,23.3725,552.53,521.58
77,104,47.43,1412.38,8.4264,642.61,392,1593.13,2388.18,2388.12,9060.97,8127.62,38.59,23.2386,553.06,521.38
77,105,47.57,1410.11,8.4865,642.89,394,1598.96,2388.15,2388.15,9062.35,8135.49,38.48,23.2111,552.9,520.79
77,106,47.52,1413.62,8.4716,642.87,393,1594.48,2388.16,2388.14,9054.53,8137.62,38.67,23.3073,552.58,520.94
77,107,47.65,1416.49,8.4984,642.78,395,1596.86,2388.13,2388.14,9051.31,8129.71,38.69,23.2329,552.73,521.74
77,108,47.72,1413.1,8.4792,642.97,392,1584.63,2388.15,2388.1,9051.31,8130.85,38.78,23.2998,553.14,521.09
77,109,47.68,1414.81,8.4544,642.78,394,1590.58,2388.21,2388.14,9054.3,8129.73,38.61,23.1994,551.93,521.34
77,110,47.58,1410.16,8.4558,643.02,394,1592.21,2388.16,2388.08,9053.16,8135.14,38.76,23.2266,552.59,520.94
77,111,47.63,1413.97,8.4689,642.9,395,1598.66,2388.14,2388.15,9057.46,8129.16,38.72,23.2498,552.21,520.96
77,112,47.69,1409.7,8.4473,643.05,394,1592.8,2388.18,2388.1,9053.4,8133.61,38.92,23.2031,552.73,521.27
77,113,47.93,1420.67,8.4711,643.13,395,1595.98,2388.24,2388.19,9057.16,8137.01,38.74,23.2162,552.87,520.65
77,114,47.73,1411.73,8.4742,643.29,393,1587.44,2388.15,2388.13,9056.06,8134.99,38.55,23.3422,553.81,520.74
77,115,47.64,1418.29,8.4364,642.53,394,1593.62,2388.12,2388.14,9060.76,8140.01,38.64,23.2204,553.38,520.43
77,116,47.67,1411.88,8.487,642.97,394,1587.52,2388.19,2388.15,9060.42,8133.11,38.54,23.2477,552.13,521.05
77,117,47.64,1420.44,8.4641,643.32,393,1590.98,2388.18,2388.17,9060.3,8134.6,38.59,23.1911,553.16,519.82
77,118,47.88,1410.66,8.4651,643.37,395,1601.89,2388.15,2388.12,9059.95,8134.64,38.82,23.1519,552.01,520.94
77,119,47.71,1420.46,8.4747,643.05,394,1592.65,2388.14,2388.16,9061.23,8132.12,38.81,23.2016,553.13,521.21
77,120,47.75,1409.15,8.4541,643.01,394,1595.5,2388.22,2388.13,9052.98,8131.6,38.66,23.1672,552.21,521.34
77,121,47.93,1419.72,8.4468,643.01,393,1588.1,2388.17,2388.13,9057.49,8137.39,38.73,23.1984,552.49,520.6
77,122,47.67,1412.66,8.4789,642.9,393,1594.92,2388.19,2388.21,9062.93,8135.36,38.7,23.172,552.75,520.28
77,123,47.74,1416.1,8.4533,643.04,393,1589.03,2388.18,2388.16,9063.49,8140.02,38.56,23.2158,553.6,520.75
77,124,47.89,1416.74,8.4787,643.03,393,1590.52,2388.19,2388.19,9059.84,8135.14,38.77,23.1952,552.41,520.69
77,125,47.81,1418.51,8.4794,643.06,393,1599.57,2388.23,2388.2,9061.21,8139.7,38.54,23.2455,552.11,520.37
77,126,47.87,1417.47,8.4454,642.93,394,1593.37,2388.18,2388.18,9059.33,8140.62,38.8,23.166,552.5,520.86
77,127,47.79,1424.27,8.4995,643.48,395,1592.36,2388.18,2388.22,9052.08,8135.83,38.9,23.2057,552.78,520.35
77,128,47.77,1421.89,8.4873,643.2,394,1599.17,2388.14,2388.19,9063.91,8135.47,38.53,23.1953,552.47,520.38
77,129,47.87,1417.15,8.5181,643.55,396,1590.15,2388.16,2388.16,9063.9,8142.11,38.85,23.1989,552.49,520.03
77,130,47.84,1422.54,8.4626,643.02,396,1595.82,2388.18,2388.13,9068.36,8141.41,38.83,23.1767,552.46,520.43
77,131,47.86,1412.71,8.4882,643.06,395,1596.61,2388.16,2388.2,9061.24,8140.25,38.74,23.3388,552.04,520.99
77,132,48.0,1420.27,8.487,643.38,395,1602.24,2388.19,2388.22,9062.0,8142.13,38.52,23.1739,552.66,520.19
77,133,47.65,1418.03,8.5025,643.06,396,1590.19,2388.17,2388.14,9062.99,8134.1,38.42,23.147,551.9,520.73
77,134,47.92,1417.9,8.4781,643.66,394,1595.34,2388.19,2388.14,9067.22,8138.58,38.77,23.1558,552.93,520.61
77,135,47.93,1419.16,8.5044,643.37,396,1592.53,2388.18,2388.21,9055.96,8134.54,38.64,23.1469,552.18,520.48
77,136,48.0,1409.57,8.4964,643.98,396,1591.07,2388.21,2388.23,9064.23,8136.58,38.7,23.1985,552.29,520.1
77,137,47.97,1417.29,8.4975,642.93,395,1606.2,2388.21,2388.24,9061.16,8136.32,38.56,23.1274,551.79,520.51
77,138,47.83,1419.0,8.5129,643.14,396,1608.28,2388.17,2388.2,9071.95,8140.63,38.52,23.1556,552.45,520.49
77,139,47.95,1419.03,8.4958,643.41,394,1601.91,2388.21,2388.19,9065.21,8139.01,38.5,23.0929,551.99,520.67
77,140,47.97,1423.24,8.5246,643.24,395,1596.97,2388.22,2388.18,9074.99,8143.94,38.54,23.0823,551.9,520.29
77,141,47.86,1416.6,8.4908,643.09,396,1602.25,2388.21,2388.17,9062.39,8145.57,38.66,23.0397,551.73,520.26
77,142,47.91,1426.77,8.4793,643.02,395,1593.8,2388.22,2388.21,9074.13,8144.85,38.64,23.1973,551.85,520.27
77,143,47.91,1421.85,8.4697,643.27,394,1606.55,2388.21,2388.21,9064.42,8143.23,38.61,23.099,552.02,520.08
77,144,47.97,1423.96,8.465,643.87,396,1599.52,2388.23,2388.26,9071.32,8146.54,38.71,23.0314,551.49,519.93
77,145,48.07,1426.0,8.5291,643.03,395,1599.24,2388.22,2388.25,9070.29,8145.02,38.66,23.0945,551.31,520.21
77,146,48.02,1423.84,8.5117,643.12,396,1606.96,2388.2,2388.23,9067.18,8144.68,38.5,23.1474,552.0,519.85
77,147,48.17,1419.2,8.527,642.92,396,1598.62,2388.19,2388.11,9072.67,8136.32,38.41,23.1524,551.88,519.76
77,148,48.1,1426.85,8.5134,643.52,395,1590.78,2388.14,2388.24,9074.69,8151.88,38.4,23.0164,552.29,519.73
77,149,48.03,1428.06,8.5141,643.52,396,1602.14,2388.21,2388.2,9074.56,8143.76,38.26,22.9364,551.19,519.29
77,150,48.29,1430.02,8.5131,643.87,397,1599.88,2388.24,2388.25,9078.59,8141.64,38.45,23.0717,551.01,519.64
77,151,48.12,1425.5,8.517,643.35,395,1603.88,2388.24,2388.28,9072.62,8146.6,38.44,23.0762,552.22,520.54
77,152,48.14,1427.02,8.5169,643.79,395,1606.27,2388.21,2388.27,9073.81,8145.5,38.64,23.107,552.07,519.71
77,153,48.26,1426.15,8.53,643.81,395,1607.37,2388.3,2388.2,9080.28,8151.17,38.46,23.1067,550.82,519.19
77,154,48.08,1423.58,8.5105,643.49,399,1601.95,2388.27,2388.24,9074.92,8148.51,38.29,23.0154,551.86,519.38
78,1,47.0,1395.1,8.3303,642.0,392,1587.5,2388.02,2387.96,9055.79,8139.23,39.26,23.4923,554.76,522.48
78,2,47.23,1394.24,8.406,641.45,391,1586.11,2387.98,2387.99,9053.91,8144.53,39.21,23.3712,555.1,522.87
78,3,47.12,1396.56,8.3995,641.96,390,1586.33,2387.98,2388.07,9048.37,8138.47,39.09,23.4523,555.45,522.93
78,4,47.04,1396.67,8.3548,642.14,390,1591.12,2387.98,2388.01,9060.95,8140.27,39.16,23.4028,555.58,522.1
78,5,46.9,1399.11,8.4112,642.0,391,1578.97,2388.02,2387.99,9061.21,8140.12,39.17,23.5384,554.98,521.95
78,6,47.24,1401.36,8.3971,641.69,390,1579.1,2388.02,2388.03,9051.03,8139.28,39.0,23.405,554.75,522.89
78,7,47.04,1401.27,8.3939,641.56,392,1584.97,2388.01,2388.01,9049.62,8139.96,38.96,23.3515,554.58,522.05
78,8,47.01,1391.06,8.3638,642.05,391,1583.58,2387.93,2388.02,9054.72,8140.22,39.14,23.3932,555.12,522.92
78,9,47.2,1392.94,8.3387,642.18,390,1589.59,2388.03,2388.0,9053.67,8140.4,39.08,23.406,554.97,522.69
78,10,47.17,1398.76,8.3976,641.91,392,1584.85,2388.01,2388.02,9054.04,8136.69,39.08,23.4687,554.45,522.45
78,11,46.99,1402.4,8.3544,642.15,392,1580.93,2387.98,2388.03,9059.04,8136.86,38.9,23.4828,554.88,523.04
78,12,47.22,1393.63,8.3806,641.5,392,1576.39,2387.97,2388.0,9052.1,8141.2,39.16,23.4755,554.96,522.19
78,13,47.14,1402.26,8.3878,642.06,391,1587.39,2387.97,2387.97,9057.07,8142.15,39.02,23.4886,554.37,522.18
78,14,47.03,1396.1,8.404,642.42,391,1581.03,2387.92,2388.0,9059.01,8141.96,39.14,23.42,555.19,522.41
78,15,47.2,1402.63,8.4012,641.91,392,1580.52,2387.98,2388.01,9065.77,8140.95,39.03,23.3573,553.72,522.26
78,16,47.07,1394.54,8.4278,641.58,391,1585.95,2387.99,2388.02,9057.26,8139.08,39.13,23.4326,554.53,522.36
78,17,47.02,1395.12,8.4089,641.97,391,1585.03,2388.0,2387.98,9056.98,8147.2,39.26,23.4052,554.71,522.62
78,18,47.06,1396.83,8.3249,642.19,391,1582.07,2387.99,2388.01,9064.13,8146.36,38.95,23.4043,554.29,523.01
78,19,47.25,1398.36,8.3837,642.18,391,1590.55,2388.09,2387.97,9049.69,8136.8,39.05,23.4471,554.52,522.54
78,20,47.09,1394.47,8.3674,642.29,392,1572.67,2388.0,2388.01,9058.46,8138.34,39.24,23.4428,554.41,522.09
78,21,47.15,1393.77,8.3887,642.0,392,1589.19,2388.02,2388.04,9054.31,8136.81,39.23,23.4249,554.58,522.12
78,22,47.27,1394.89,8.4123,642.15,391,1581.67,2387.98,2388.01,9059.25,8141.71,39.12,23.4315,554.58,522.68
78,23,47.06,1394.03,8.409,641.47,392,1590.37,2388.01,2388.02,9061.44,8136.33,39.13,23.5275,554.06,522.71
78,24,47.18,1393.2,8.4058,641.77,390,1584.09,2388.01,2388.0,9059.99,8141.69,39.05,23.381,555.03,521.92
78,25,47.2,1397.0,8.3709,642.11,391,1582.28,2387.98,2387.94,9053.83,8143.7,39.07,23.4604,554.28,522.58
78,26,47.19,1395.33,8.3759,642.14,392,1583.98,2387.98,2387.96,9054.83,8135.31,39.09,23.3506,554.88,522.2
78,27,47.15,1391.44,8.3847,641.79,392,1580.41,2387.95,2388.03,9058.55,8137.04,39.03,23.4377,554.53,522.39
78,28,47.03,1396.32,8.4081,642.0,391,1583.3,2387.98,2387.98,9059.58,8145.88,38.99,23.4235,554.31,522.64
78,29,47.1,1393.15,8.3835,641.76,391,1587.66,2388.02,2387.97,9049.25,8141.89,38.98,23.6064,554.55,522.6
78,30,47.18,1391.41,8.3799,642.45,390,1590.95,2388.04,2387.98,9057.78,8139.5,39.25,23.4607,554.52,522.46
78,31,47.25,1388.26,8.4077,642.18,392,1589.18,2387.97,2387.99,9054.44,8139.42,39.18,23.4287,554.64,522.35
78,32,47.06,1382.25,8.3978,642.22,390,1580.42,2387.94,2387.96,9056.73,8140.75,39.05,23.4894,554.68,522.27
78,33,47.08,1397.92,8.3921,642.02,393,1578.83,2388.04,2387.99,9051.73,8133.89,39.11,23.4207,554.92,522.38
78,34,46.96,1395.04,8.406,641.9,391,1582.77,2388.02,2387.97,9058.02,8138.45,39.0,23.462,554.51,522.38
78,35,47.1,1399.52,8.3917,641.66,392,1581.09,2388.02,2388.04,9055.97,8138.31,38.99,23.3923,554.02,522.56
78,36,47.08,1402.15,8.3358,642.0,392,1582.28,2387.99,2388.04,9052.84,8143.55,39.1,23.4342,554.35,521.99
78,37,47.04,1400.5,8.4319,642.69,393,1583.05,2388.01,2388.03,9066.6,8142.29,39.31,23.4179,555.29,522.69
78,38,47.21,1397.51,8.3712,641.69,389,1590.53,2388.03,2388.05,9062.74,8141.81,39.11,23.379,555.52,522.61
78,39,47.1,1392.81,8.3929,642.21,392,1586.08,2388.01,2387.98,9057.71,8146.05,39.13,23.3995,554.99,522.36
78,40,47.22,1392.93,8.4287,641.73,391,1577.8,2387.95,2387.97,9057.42,8140.83,39.05,23.4753,554.95,522.31
78,41,47.29,1404.02,8.3956,642.02,392,1589.95,2387.97,2387.97,9054.05,8139.87,39.18,23.4586,554.21,522.49
78,42,47.28,1396.27,8.3791,642.31,391,1586.48,2388.05,2388.07,9056.73,8137.4,38.98,23.4806,554.53,522.24
78,43,47.16,1397.63,8.3999,642.65,392,1579.28,2388.04,2388.04,9061.62,8141.06,39.19,23.4343,555.38,522.77
78,44,47.29,1394.42,8.3855,642.09,392,1588.84,2388.01,2387.99,9060.76,8141.66,39.07,23.5825,554.62,522.83
78,45,47.15,1399.3,8.462,642.51,391,1584.36,2388.01,2387.9,9053.69,8138.25,38.91,23.449,553.83,522.77
78,46,47.28,1396.86,8.4012,642.35,393,1581.22,2388.03,2388.01,9058.3,8138.94,39.0,23.4537,554.75,523.03
78,47,47.03,1391.02,8.3928,641.82,391,1583.15,2388.0,2387.98,9059.65,8139.23,39.1,23.3871,554.05,522.47
78,48,47.27,1395.83,8.4064,641.9,391,1584.07,2387.94,2387.97,9054.83,8139.24,38.95,23.486,553.37,522.46
78,49,47.13,1393.43,8.4061,642.2,391,1579.41,2388.0,2388.03,9062.79,8143.36,38.85,23.3193,554.86,521.8
78,50,46.99,1392.53,8.3843,641.64,392,1584.88,2387.99,2388.03,9060.42,8141.27,39.0,23.4077,554.35,522.29
78,51,47.33,1401.62,8.4074,642.39,391,1585.03,2388.08,2388.04,9059.89,8145.05,39.14,23.3952,554.24,522.98
78,52,47.24,1390.91,8.4289,642.29,391,1579.12,2388.06,2387.99,9058.35,8145.98,39.14,23.433,554.77,522.57
78,53,47.16,1396.16,8.3773,641.97,392,1572.46,2388.05,2387.97,9050.93,8143.38,39.07,23.4288,554.45,522.44
78,54,47.22,1394.73,8.3894,641.85,391,1579.43,2387.98,2388.0,9059.13,8135.54,39.03,23.4616,554.87,521.95
78,55,47.26,1388.25,8.3776,641.55,391,1587.66,2387.98,2387.96,9052.63,8143.57,38.93,23.4318,554.56,522.31
78,56,47.09,1397.7,8.4031,641.97,391,1587.21,2388.0,2387.97,9057.06,8142.05,38.84,23.4089,554.68,522.47
78,57,47.06,1393.11,8.3668,642.3,393,1582.75,2387.96,2387.98,9053.35,8143.12,39.1,23.3244,554.17,522.54
78,58,47.19,1409.24,8.3525,641.86,392,1586.23,2388.0,2388.04,9056.8,8147.44,39.2,23.5083,553.98,522.11
78,59,47.15,1394.46,8.4152,642.34,393,1591.43,2388.01,2388.01,9054.02,8145.64,39.18,23.421,554.64,522.41
78,60,47.19,1394.66,8.3781,642.27,392,1580.72,2387.95,2387.98,9054.99,8139.3,39.0,23.489,554.13,522.51
78,61,47.23,1396.71,8.4101,641.79,391,1588.09,2387.98,2388.01,9066.71,8143.45,39.06,23.4251,554.69,522.43
78,62,47.09,1403.44,8.3981,642.01,390,1579.61,2388.0,2387.97,9060.08,8130.33,39.01,23.2963,554.06,522.69
78,63,47.16,1399.13,8.3804,641.76,391,1591.07,2387.99,2388.01,9052.95,8137.87,39.0,23.476,554.65,521.85
78,64,47.16,1397.25,8.3824,642.09,391,1579.69,2387.99,2388.02,9065.4,8143.26,39.02,23.5269,555.01,522.53
78,65,47.09,1394.86,8.3967,642.49,392,1581.95,2388.03,2387.98,9057.72,8138.39,39.18,23.3452,554.71,522.36
78,66,47.39,1399.64,8.4035,641.69,391,1586.59,2387.99,2388.01,9057.62,8139.06,39.02,23.4911,554.08,522.5
78,67,47.32,1393.91,8.3868,642.1,391,1583.62,2387.98,2387.96,9058.16,8141.37,39.0,23.5012,554.74,522.05
78,68,47.14,1399.83,8.3729,642.18,390,1586.33,2388.01,2388.02,9054.23,8139.98,39.16,23.3275,554.25,521.93
78,69,47.24,1389.95,8.3898,641.81,392,1586.41,2387.98,2388.03,9051.31,8140.6,39.19,23.4704,554.23,522.32
78,70,46.91,1391.43,8.4081,642.05,391,1585.08,2387.98,2388.0,9059.12,8141.42,38.93,23.4912,555.06,522.57
78,71,47.2,1397.47,8.4295,642.1,391,1583.49,2387.99,2387.99,9060.24,8145.6,38.92,23.4197,554.73,522.17
78,72,47.11,1400.88,8.4149,642.22,392,1575.4,2388.01,2387.97,9049.34,8140.96,39.08,23.4371,554.83,522.15
78,73,47.15,1392.86,8.3879,642.41,390,1588.83,2387.96,2388.07,9065.29,8141.27,39.05,23.4719,554.4,522.41
78,74,47.17,1400.4,8.4133,642.8,393,1585.88,2388.01,2388.02,9058.9,8143.21,39.16,23.4287,554.68,522.09
78,75,47.05,1399.97,8.3839,642.06,389,1583.69,2388.02,2387.98,9058.56,8140.46,39.07,23.4044,554.16,522.18
78,76,47.05,1395.47,8.3942,641.94,390,1585.62,2388.02,2387.99,9053.15,8140.23,39.27,23.3769,553.89,522.54
78,77,47.1,1397.49,8.3865,642.16,392,1583.03,2388.02,2388.04,9048.55,8143.58,38.92,23.3148,554.58,521.97
78,78,47.28,1400.32,8.3838,642.81,391,1580.73,2388.01,2388.02,9063.79,8142.55,39.0,23.4649,554.48,522.26
78,79,47.0,1397.93,8.4298,642.43,391,1591.9,2387.99,2388.01,9056.98,8139.63,39.18,23.2759,554.91,522.55
78,80,47.5,1396.77,8.4018,641.86,391,1587.43,2387.98,2387.94,9055.94,8143.45,39.03,23.3328,554.66,521.68
78,81,47.14,1405.43,8.406,641.52,392,1581.96,2388.04,2388.03,9053.82,8136.96,38.84,23.3852,554.32,523.04
78,82,47.04,1392.83,8.4199,642.23,392,1580.34,2388.03,2388.02,9055.41,8150.14,38.92,23.4962,554.45,522.45
78,83,47.23,1391.58,8.425,642.12,391,1590.83,2388.03,2388.02,9058.02,8138.88,38.95,23.4818,554.0,522.2
78,84,47.15,1402.33,8.4209,642.09,391,1581.32,2388.0,2388.05,9057.02,8138.53,38.95,23.3136,554.33,522.59
78,85,47.41,1399.85,8.408,641.98,391,1585.81,2388.02,2387.99,9063.35,8140.51,39.15,23.4231,554.4,522.28
78,86,47.13,1402.95,8.3908,642.72,391,1585.99,2387.95,2388.04,9055.32,8138.85,39.23,23.4651,554.4,522.75
78,87,47.3,1398.11,8.4093,642.37,392,1584.91,2388.02,2387.99,9058.8,8141.08,39.0,23.46,554.41,521.95
78,88,47.12,1395.69,8.4175,642.6,391,1589.02,2387.99,2388.02,9062.64,8142.14,38.98,23.3106,554.6,522.05
78,89,47.3,1401.71,8.3578,641.93,392,1588.07,2388.0,2388.05,9059.09,8142.19,39.09,23.3096,554.19,522.58
78,90,47.43,1407.61,8.4242,642.49,392,1586.05,2388.03,2387.97,9053.01,8132.16,39.08,23.427,554.87,521.62
78,91,47.38,1396.73,8.3434,641.76,393,1587.4,2388.08,2387.97,9054.85,8140.26,39.08,23.4101,553.81,522.45
78,92,47.14,1399.05,8.4164,642.37,392,1585.87,2388.07,2388.01,9058.28,8144.78,38.91,23.4303,554.18,522.58
78,93,47.21,1400.36,8.4083,641.81,393,1575.74,2388.04,2388.02,9060.9,8137.23,38.96,23.3643,553.62,522.02
78,94,47.27,1399.23,8.4748,642.29,392,1586.88,2387.98,2387.96,9057.75,8135.45,39.11,23.5011,554.24,522.35
78,95,47.2,1395.9,8.4218,642.09,392,1580.71,2387.98,2388.02,9061.69,8138.09,39.05,23.4219,554.62,522.26
78,96,47.4,1404.09,8.4199,641.95,394,1585.83,2388.02,2388.05,9060.03,8144.4,38.98,23.4942,554.31,522.11
78,97,47.3,1398.16,8.4174,642.5,391,1581.51,2388.04,2388.03,9060.38,8143.48,38.94,23.4009,554.1,522.15
78,98,47.23,1399.66,8.421,642.19,393,1576.65,2388.01,2388.0,9061.95,8145.45,38.84,23.4116,553.95,522.25
78,99,47.11,1399.98,8.4057,641.79,392,1583.97,2388.02,2388.02,9063.92,8142.63,38.94,23.4756,555.34,522.05
78,100,47.19,1401.7,8.4152,641.5,393,1586.11,2388.03,2388.02,9057.73,8148.96,38.83,23.3757,554.16,522.13
78,101,47.2,1397.89,8.4184,642.69,391,1583.12,2387.97,2388.02,9050.9,8141.68,38.93,23.4458,554.27,522.16
78,102,47.28,1396.87,8.4188,642.34,392,1585.71,2388.04,2388.01,9060.89,8139.21,38.94,23.5048,554.26,522.22
78,103,47.29,1401.61,8.399,642.7,393,1583.29,2388.06,2388.04,9059.4,8141.12,39.0,23.3975,554.22,521.74
78,104,47.4,1396.57,8.3999,641.72,392,1586.81,2388.03,2388.01,9058.83,8140.9,38.98,23.3231,554.26,522.91
78,105,47.44,1400.37,8.3838,642.66,391,1584.55,2387.98,2388.05,9056.1,8146.23,38.88,23.3435,554.01,522.56
78,106,47.35,1398.42,8.4113,642.4,391,1587.69,2388.01,2387.97,9065.0,8136.86,38.84,23.3195,554.41,521.93
78,107,47.29,1397.81,8.3939,641.7,392,1579.04,2388.06,2388.01,9058.84,8143.55,39.01,23.4393,553.94,522.07
78,108,47.1,1396.87,8.3718,641.9,392,1581.3,2388.06,2388.05,9057.67,8141.06,38.93,23.4695,554.22,522.02
78,109,47.42,1403.96,8.4023,641.91,393,1580.32,2388.01,2388.03,9058.8,8144.8,39.01,23.3656,554.67,522.51
78,110,47.35,1400.21,8.4048,642.41,392,1586.47,2388.05,2388.03,9056.02,8143.21,39.0,23.4413,554.24,522.29
78,111,47.29,1407.24,8.4077,642.04,391,1587.48,2388.01,2387.98,9058.64,8145.83,39.12,23.3469,554.5,521.77
78,112,47.27,1408.6,8.4317,642.58,393,1589.46,2388.06,2388.0,9064.01,8142.61,39.01,23.4149,554.16,522.66
78,113,47.04,1397.83,8.3933,642.87,391,1586.97,2387.98,2388.04,9059.16,8146.17,38.85,23.4771,553.92,522.81
78,114,47.1,1401.24,8.4343,642.58,391,1582.74,2388.09,2388.1,9053.66,8140.49,38.87,23.3592,554.36,521.71
78,115,47.37,1392.88,8.4079,642.43,392,1590.86,2388.05,2388.02,9059.74,8144.98,39.13,23.3299,553.69,522.45
78,116,47.2,1400.17,8.383,642.06,392,1588.22,2388.01,2388.01,9063.36,8136.42,38.88,23.3085,553.42,522.05
78,117,47.38,1396.06,8.3748,641.81,389,1585.26,2388.05,2388.01,9059.54,8140.81,39.12,23.3804,554.94,521.83
78,118,47.52,1397.99,8.4341,642.28,393,1581.92,2388.1,2388.0,9054.81,8137.79,38.97,23.392,553.27,522.1
78,119,47.15,1394.26,8.4218,642.58,392,1579.99,2388.04,2387.99,9068.86,8141.09,38.97,23.3879,553.56,521.95
78,120,47.18,1391.51,8.4048,642.17,393,1584.44,2388.03,2388.08,9062.63,8146.98,39.06,23.361,554.37,521.75
78,121,47.19,1400.04,8.4363,642.35,391,1581.19,2388.04,2388.02,9062.73,8145.1,38.99,23.2944,554.37,521.29
78,122,47.29,1398.27,8.4211,642.31,392,1584.89,2388.04,2388.04,9065.39,8146.45,38.88,23.244,554.64,522.49
78,123,47.38,1405.09,8.4231,642.09,393,1577.55,2387.99,2388.02,9057.52,8145.58,38.95,23.33,554.04,521.99
78,124,47.24,1398.14,8.401,642.23,392,1587.56,2388.0,2388.05,9065.61,8151.05,38.96,23.3707,553.97,522.33
78,125,47.35,1401.99,8.4329,642.45,393,1588.88,2387.97,2388.0,9066.82,8147.41,38.97,23.3019,554.18,522.17
78,126,47.43,1404.81,8.3846,642.51,394,1582.6,2388.06,2387.99,9058.88,8139.84,38.88,23.2584,553.94,522.26
78,127,47.33,1397.96,8.4133,642.74,392,1578.88,2388.04,2388.0,9061.63,8139.58,39.15,23.3916,553.73,522.37
78,128,47.35,1400.63,8.4113,642.07,392,1589.93,2388.07,2388.05,9063.34,8144.76,38.88,23.4197,553.46,522.09
78,129,47.08,1398.81,8.3897,641.98,392,1587.68,2388.08,2388.03,9064.47,8138.7,38.82,23.4386,553.88,522.08
78,130,47.39,1401.55,8.4271,642.43,392,1586.05,2388.04,2388.02,9059.03,8140.34,38.9,23.3201,553.73,521.92
78,131,47.44,1398.44,8.4304,642.14,391,1579.85,2388.08,2388.0,9055.64,8140.34,38.81,23.4323,555.19,522.16
78,132,47.28,1402.59,8.4427,642.5,392,1587.02,2388.01,2388.0,9063.4,8144.79,38.9,23.304,554.22,522.42
78,133,47.4,1400.57,8.4393,642.15,393,1584.59,2388.01,2388.01,9056.56,8139.14,39.04,23.3803,554.36,522.18
78,134,47.39,1396.56,8.4452,642.41,390,1595.16,2388.02,2388.03,9062.43,8142.39,39.16,23.2828,554.01,522.01
78,135,47.27,1395.0,8.4307,642.29,392,1579.77,2388.02,2388.07,9056.23,8147.77,39.06,23.3536,554.22,522.37
78,136,47.17,1402.16,8.4315,642.68,392,1593.67,2388.07,2388.0,9066.59,8142.64,38.93,23.3242,554.41,522.02
78,137,47.35,1409.95,8.3643,642.2,393,1588.61,2388.06,2388.0,9064.99,8146.47,38.92,23.3101,553.8,522.18
78,138,47.34,1402.32,8.4149,642.34,393,1584.42,2388.08,2388.02,9059.58,8150.7,39.02,23.3667,554.21,521.8
78,139,47.27,1404.32,8.4278,642.45,392,1583.62,2388.05,2388.04,9062.6,8143.14,38.94,23.3516,554.29,521.58
78,140,47.37,1407.66,8.423,642.39,391,1585.01,2388.08,2388.13,9059.24,8149.17,38.77,23.3209,553.56,521.97
78,141,47.36,1400.58,8.4092,642.26,393,1592.69,2388.02,2388.02,9066.69,8142.65,38.95,23.2781,554.59,522.37
78,142,47.25,1402.28,8.4222,642.48,392,1579.28,2388.04,2388.07,9061.85,8145.3,38.98,23.3751,553.94,521.85
78,143,47.32,1401.61,8.4329,642.29,392,1588.2,2387.97,2388.07,9063.91,8148.9,38.97,23.2771,553.92,521.69
78,144,47.37,1408.29,8.3975,642.9,392,1589.73,2387.99,2388.05,9062.49,8144.7,38.98,23.3085,553.55,521.97
78,145,47.42,1401.5,8.4059,642.3,393,1591.72,2388.09,2388.06,9062.07,8143.63,38.78,23.3076,553.82,521.81
78,146,47.35,1398.76,8.4153,642.29,392,1591.29,2388.03,2388.01,9071.9,8144.24,39.07,23.3835,554.19,522.22
78,147,47.27,1404.29,8.427,642.16,392,1584.68,2388.06,2388.01,9068.02,8148.22,38.86,23.4267,554.4,521.56
78,148,47.48,1403.41,8.3919,642.6,391,1582.93,2388.02,2388.06,9064.72,8145.3,39.01,23.2918,554.0,522.13
78,149,47.45,1403.59,8.4381,642.82,391,1583.95,2388.05,2388.05,9060.68,8141.17,38.86,23.3496,554.73,521.64
78,150,47.12,1401.2,8.4218,642.2,392,1594.49,2388.05,2388.03,9070.1,8140.75,38.83,23.3322,553.76,521.36
78,151,47.4,1411.26,8.4406,642.32,392,1580.65,2388.03,2388.08,9065.64,8141.77,38.89,23.3462,554.63,521.55
78,152,47.37,1398.44,8.4322,642.04,392,1591.17,2388.06,2388.04,9060.86,8146.03,39.06,23.4255,553.92,521.88
78,153,47.45,1404.44,8.4368,642.41,393,1585.18,2388.03,2388.08,9060.87,8145.46,38.65,23.3161,553.48,521.53
78,154,47.37,1404.26,8.3947,642.47,391,1585.71,2388.04,2388.05,9059.31,8142.94,38.87,23.3013,553.83,522.16
78,155,47.57,1404.33,8.4562,642.53,392,1588.23,2388.12,2388.1,9072.93,8140.86,38.86,23.4205,553.84,521.77
78,156,47.42,1401.77,8.408,642.54,391,1578.55,2388.06,2388.1,9066.52,8141.02,38.93,23.3107,553.53,521.98
78,157,47.31,1406.25,8.3962,642.64,393,1589.6,2388.06,2388.08,9066.88,8143.45,38.91,23.317,554.2,521.9
78,158,47.23,1408.57,8.4206,642.33,392,1584.5,2388.04,2388.08,9062.65,8143.86,38.92,23.3977,553.78,522.27
78,159,47.39,1409.57,8.4199,642.81,394,1593.32,2388.06,2388.05,9071.72,8146.48,38.76,23.3147,554.07,521.38
78,160,47.56,1399.41,8.4567,642.86,393,1591.46,2388.05,2388.11,9068.58,8142.62,38.89,23.2585,553.62,521.49
78,161,47.46,1407.09,8.4043,642.27,393,1589.57,2388.03,2388.04,9072.0,8142.97,38.85,23.2474,553.56,522.16
78,162,47.44,1401.03,8.4071,641.87,394,1587.83,2388.03,2388.07,9065.36,8145.88,38.95,23.2743,553.8,521.71
78,163,47.62,1408.58,8.4208,642.6,393,1589.06,2388.05,2388.05,9064.6,8148.49,38.76,23.3474,553.37,521.32
78,164,47.37,1411.14,8.4341,642.28,393,1590.37,2388.04,2388.04,9071.03,8145.77,39.0,23.2838,553.68,521.62
78,165,47.51,1410.16,8.439,642.77,393,1591.73,2388.06,2388.09,9067.73,8145.44,38.78,23.3039,554.59,522.03
78,166,47.49,1397.17,8.4398,642.89,392,1593.78,2388.07,2388.12,9072.35,8143.95,38.87,23.1959,553.53,521.61
78,167,47.38,1407.23,8.4243,642.73,391,1586.11,2388.05,2388.09,9079.35,8147.15,38.97,23.3456,552.51,521.92
78,168,47.57,1410.55,8.4674,642.17,393,1583.08,2388.05,2388.1,9066.69,8140.85,38.73,23.3096,553.74,521.52
78,169,47.45,1415.63,8.4284,642.39,393,1592.26,2388.06,2388.08,9067.83,8147.45,38.84,23.3192,554.0,521.46
78,170,47.48,1405.41,8.4114,642.5,394,1596.75,2388.08,2388.08,9073.1,8145.98,38.77,23.2121,552.86,521.37
78,171,47.3,1404.6,8.4298,642.76,393,1588.0,2388.08,2388.11,9069.83,8145.63,38.71,23.3778,553.41,521.49
78,172,47.47,1401.5,8.4856,642.53,393,1585.42,2388.07,2388.06,9069.26,8155.46,38.92,23.2554,553.47,521.34
78,173,47.65,1417.13,8.4457,642.11,394,1587.56,2388.07,2388.04,9076.12,8148.52,38.74,23.2929,553.98,521.68
78,174,47.35,1404.92,8.4573,642.74,394,1587.1,2388.09,2388.01,9068.64,8144.91,38.83,23.2199,553.22,521.79
78,175,47.5,1408.0,8.45,642.96,393,1593.69,2388.11,2388.08,9070.34,8147.77,38.82,23.1976,553.01,521.71
78,176,47.35,1409.28,8.4546,642.44,392,1594.83,2388.12,2388.09,9070.54,8151.97,38.98,23.4169,553.0,521.69
78,177,47.53,1409.43,8.4238,642.52,394,1591.31,2388.13,2388.05,9064.8,8147.73,38.74,23.363,553.48,521.21
78,178,47.43,1403.64,8.4404,642.7,394,1594.99,2388.05,2388.09,9069.74,8146.13,38.95,23.3839,553.22,521.17
78,179,47.49,1418.53,8.435,643.22,393,1584.8,2388.07,2388.11,9064.2,8142.42,38.71,23.2651,553.68,521.3
78,180,47.69,1411.99,8.46,642.75,393,1593.12,2388.11,2388.1,9070.98,8150.88,38.81,23.2279,551.6,521.22
78,181,47.63,1409.75,8.4505,642.8,392,1595.24,2388.11,2388.08,9073.96,8147.1,38.56,23.1259,553.05,521.43
78,182,47.66,1410.41,8.4566,643.13,394,1591.25,2388.11,2388.1,9073.03,8144.48,38.77,23.2804,553.66,521.01
78,183,47.55,1408.73,8.4753,642.96,394,1596.74,2388.12,2388.12,9066.46,8145.61,38.73,23.354,553.57,520.89
78,184,47.77,1412.38,8.444,642.82,394,1591.95,2388.1,2388.1,9075.62,8147.71,38.57,23.2056,553.15,521.69
78,185,47.56,1411.93,8.4186,642.61,392,1592.09,2388.09,2388.1,9076.09,8146.44,38.91,23.4132,553.01,521.16
78,186,47.64,1413.42,8.4719,642.83,395,1590.4,2388.13,2388.11,9067.98,8145.28,38.77,23.207,552.48,521.19
78,187,47.77,1419.49,8.4833,642.5,393,1591.34,2388.13,2388.07,9076.54,8147.46,38.68,23.2154,552.98,521.79
78,188,47.64,1419.84,8.4562,642.76,395,1592.48,2388.12,2388.13,9066.01,8152.41,38.81,23.193,553.74,520.72
78,189,47.53,1412.0,8.4912,642.62,394,1588.96,2388.1,2388.09,9072.91,8146.81,38.77,23.2575,553.57,520.95
78,190,47.59,1403.35,8.4673,642.96,394,1591.33,2388.08,2388.07,9073.56,8150.15,38.88,23.1134,553.1,521.15
78,191,47.68,1412.22,8.4731,642.89,392,1585.86,2388.14,2388.06,9075.96,8150.85,38.56,23.229,552.2,521.03
78,192,47.56,1411.91,8.4628,643.15,394,1590.94,2388.13,2388.07,9070.7,8150.2,38.76,23.2231,553.13,521.24
78,193,47.69,1415.67,8.4421,642.77,394,1587.35,2388.11,2388.07,9068.06,8150.55,38.69,23.242,552.71,520.76
78,194,47.72,1415.34,8.4526,642.97,394,1590.03,2388.07,2388.13,9074.1,8148.92,38.63,23.2399,552.78,521.43
78,195,47.75,1416.93,8.484,642.79,394,1589.34,2388.14,2388.06,9070.71,8152.88,38.6,23.2512,553.48,521.11
78,196,47.63,1410.65,8.4628,642.83,393,1592.59,2388.14,2388.14,9069.4,8156.07,38.69,23.1322,553.18,521.13
78,197,47.8,1419.44,8.4705,643.01,394,1592.51,2388.13,2388.17,9076.73,8152.72,39.05,23.2571,552.78,520.91
78,198,47.82,1413.52,8.4617,643.38,393,1594.96,2388.14,2388.09,9078.81,8150.5,38.82,23.278,552.64,520.46
78,199,47.8,1409.31,8.4637,642.94,394,1598.32,2388.09,2388.14,9077.56,8155.12,38.63,23.1854,552.87,520.62
78,200,47.62,1422.66,8.4554,643.1,395,1592.34,2388.16,2388.09,9076.86,8157.49,38.77,23.3176,552.83,520.53
78,201,47.72,1415.29,8.4567,642.49,394,1597.12,2388.14,2388.11,9080.22,8149.24,38.59,23.2468,552.1,520.88
78,202,47.59,1419.26,8.4808,642.41,394,1593.07,2388.16,2388.15,9077.6,8151.78,38.63,23.2194,553.24,521.25
78,203,47.58,1421.67,8.5048,643.26,393,1584.91,2388.14,2388.11,9079.97,8153.34,38.65,23.2952,552.04,520.73
78,204,47.74,1416.94,8.4754,643.02,395,1593.48,2388.1,2388.16,9082.84,8158.58,38.68,23.1253,552.48,520.57
78,205,47.99,1407.02,8.4774,642.94,396,1591.58,2388.15,2388.14,9083.26,8151.11,38.72,23.2192,553.15,520.09
78,206,47.89,1414.57,8.4799,643.36,394,1596.39,2388.11,2388.1,9067.71,8155.46,38.56,23.2333,552.65,520.77
78,207,47.75,1420.06,8.4786,643.58,395,1589.89,2388.17,2388.16,9079.27,8155.7,38.62,23.1958,552.74,520.17
78,208,47.95,1416.01,8.4907,642.87,395,1600.56,2388.12,2388.12,9079.63,8153.14,38.75,23.1746,552.09,520.47
78,209,47.89,1414.74,8.4921,643.86,395,1594.65,2388.19,2388.15,9077.47,8156.37,38.72,23.2527,552.81,520.45
78,210,48.04,1422.91,8.4341,643.15,394,1599.74,2388.18,2388.07,9080.53,8155.62,38.48,23.1272,551.93,520.95
78,211,47.86,1422.0,8.5037,642.98,395,1598.78,2388.15,2388.17,9084.86,8153.83,38.59,23.1907,551.88,519.96
78,212,47.91,1418.48,8.5,643.65,396,1594.42,2388.14,2388.17,9084.4,8153.45,38.62,23.1894,553.05,520.74
78,213,47.96,1418.35,8.5081,642.75,395,1601.66,2388.26,2388.17,9085.17,8156.85,38.64,23.2173,552.6,520.73
78,214,47.95,1410.89,8.4998,643.13,395,1597.39,2388.19,2388.15,9079.13,8153.03,38.49,23.178,552.62,520.2
78,215,48.13,1427.22,8.4732,643.21,394,1599.05,2388.15,2388.17,9092.27,8152.64,38.71,23.145,552.03,520.87
78,216,47.97,1422.28,8.5196,643.03,394,1605.16,2388.14,2388.16,9082.27,8157.59,38.67,23.0871,552.03,520.68
78,217,47.82,1426.78,8.5171,643.51,396,1593.85,2388.21,2388.19,9082.17,8154.78,38.49,23.0549,552.84,520.23
78,218,47.97,1423.47,8.5031,643.45,396,1603.88,2388.19,2388.21,9075.91,8159.82,38.43,23.1405,551.14,520.22
78,219,47.98,1420.58,8.5145,643.68,396,1605.06,2388.19,2388.28,9080.95,8161.45,38.65,23.2159,552.51,519.95
78,220,47.88,1422.61,8.4793,643.39,395,1594.57,2388.16,2388.17,9084.74,8161.68,38.52,23.0641,552.31,520.51
78,221,48.07,1420.09,8.523,643.57,396,1602.14,2388.19,2388.17,9081.09,8157.49,38.55,23.1437,552.0,520.27
78,222,47.97,1422.12,8.476,643.64,394,1603.29,2388.22,2388.17,9089.64,8162.66,38.6,22.9122,551.72,520.3
78,223,48.15,1416.23,8.5678,643.3,395,1597.67,2388.18,2388.19,9098.65,8165.19,38.37,23.1569,551.81,520.49
78,224,47.99,1416.47,8.4868,643.92,395,1600.49,2388.24,2388.18,9086.38,8165.31,38.53,23.134,551.35,520.14
78,225,48.09,1427.31,8.4918,643.99,397,1605.76,2388.22,2388.15,9086.64,8162.89,38.55,23.0347,551.18,519.69
78,226,48.1,1431.88,8.5277,643.61,396,1601.54,2388.19,2388.19,9089.32,8163.37,38.77,23.1203,551.09,520.23
78,227,48.08,1427.2,8.527,643.81,397,1604.31,2388.18,2388.21,9096.36,8161.72,38.27,23.0785,552.12,519.75
78,228,48.03,1421.88,8.5209,643.87,395,1603.2,2388.17,2388.2,9099.18,8160.91,38.46,23.0434,551.74,520.08
78,229,48.13,1428.77,8.5123,643.45,396,1596.39,2388.21,2388.23,9095.38,8159.95,38.48,23.1599,551.29,519.85
78,230,48.33,1432.4,8.5381,643.2,396,1603.23,2388.15,2388.23,9091.72,8161.68,38.3,23.0374,551.71,519.87
78,231,48.22,1428.33,8.5254,643.23,396,1596.6,2388.24,2388.21,9090.13,8160.8,38.25,23.126,551.6,519.11
81,1,47.53,1406.63,8.4455,642.04,391,1589.91,2388.1,2388.04,9060.49,8134.78,38.87,23.3365,553.78,522.09
81,2,47.39,1407.88,8.4573,642.65,392,1586.25,2388.09,2388.07,9064.32,8140.37,38.91,23.3452,553.7,522.07
81,3,47.39,1396.4,8.4522,642.55,394,1586.42,2388.11,2388.06,9058.66,8139.75,39.04,23.361,553.28,521.07
81,4,47.59,1404.86,8.4403,642.41,392,1594.89,2388.04,2388.04,9056.54,8144.12,38.77,23.4206,554.25,521.68
81,5,47.24,1409.58,8.3971,643.41,392,1590.49,2388.04,2388.12,9058.47,8139.21,39.04,23.3311,553.5,521.47
81,6,47.37,1414.62,8.4121,642.75,391,1589.51,2388.05,2388.04,9055.33,8142.92,38.93,23.4274,553.59,521.38
81,7,47.72,1402.18,8.4458,642.5,391,1587.88,2388.0,2388.05,9057.29,8135.4,38.89,23.3179,554.22,521.64
81,8,47.13,1402.26,8.3977,642.34,392,1592.6,2388.07,2388.07,9057.96,8141.11,38.85,23.407,554.0,522.2
81,9,47.42,1391.57,8.4121,642.76,391,1582.13,2388.03,2388.07,9058.47,8146.68,39.09,23.3476,554.0,521.43
81,10,47.45,1408.72,8.4532,641.98,394,1593.4,2388.11,2388.04,9054.31,8138.66,38.82,23.3865,553.78,521.83
81,11,47.53,1393.79,8.4358,642.51,391,1584.68,2388.03,2388.07,9057.06,8139.3,38.77,23.3335,554.1,521.88
81,12,47.48,1407.41,8.4221,642.85,393,1587.31,2388.1,2388.07,9059.26,8133.49,39.05,23.3104,553.25,522.0
81,13,47.4,1402.22,8.409,642.53,393,1584.34,2388.08,2388.09,9060.25,8142.63,38.92,23.2522,554.34,522.19
81,14,47.5,1400.29,8.4354,641.7,392,1586.25,2388.07,2388.07,9059.35,8138.7,38.96,23.3628,553.66,521.86
81,15,47.5,1399.43,8.3921,642.6,393,1585.05,2388.09,2388.04,9062.54,8143.7,38.8,23.4396,554.3,521.82
81,16,47.29,1407.62,8.4132,642.65,392,1586.89,2388.02,2388.08,9060.57,8141.15,39.03,23.3926,553.43,521.6
81,17,47.39,1404.33,8.4988,642.42,392,1588.44,2388.1,2388.06,9063.99,8140.72,38.96,23.3602,553.53,521.35
81,18,47.4,1402.04,8.4253,642.92,392,1585.91,2388.08,2388.1,9056.16,8136.02,38.82,23.3846,553.51,521.8
81,19,47.46,1406.05,8.4189,642.28,393,1586.1,2388.1,2388.08,9052.28,8142.03,38.97,23.2634,553.97,521.92
81,20,47.47,1398.34,8.4218,642.61,393,1589.05,2388.02,2388.1,9059.36,8138.99,38.82,23.3809,553.34,522.07
81,21,47.45,1409.38,8.4205,642.77,392,1589.51,2388.08,2388.04,9066.93,8141.85,38.89,23.4212,554.03,521.91
81,22,47.61,1406.28,8.4076,642.39,393,1584.29,2388.07,2388.06,9066.82,8140.02,39.02,23.2729,554.45,521.78
81,23,47.38,1402.37,8.422,642.99,394,1582.68,2388.09,2388.06,9061.19,8141.0,38.92,23.3634,554.55,522.2
81,24,47.44,1401.57,8.4501,642.07,392,1591.26,2388.04,2388.1,9064.46,8135.76,38.91,23.4123,554.17,521.74
81,25,47.36,1404.99,8.4123,642.61,393,1593.16,2388.11,2388.04,9053.71,8139.7,38.85,23.2724,553.27,521.9
81,26,47.47,1405.96,8.3907,642.16,392,1590.84,2388.0,2388.07,9055.5,8138.27,38.76,23.2123,554.26,521.8
81,27,47.35,1408.77,8.4337,642.5,392,1578.34,2388.05,2388.01,9058.29,8138.22,38.82,23.3601,553.67,521.99
81,28,47.41,1406.71,8.4335,642.53,394,1583.87,2388.09,2388.04,9060.72,8144.12,38.9,23.267,553.95,521.77
81,29,47.46,1407.73,8.3885,642.41,394,1594.42,2388.07,2388.1,9062.64,8139.63,38.81,23.3384,553.51,521.72
81,30,47.5,1410.4,8.4125,642.74,391,1585.0,2388.0,2388.06,9054.67,8144.03,39.0,23.3942,553.6,521.43
81,31,47.37,1401.84,8.3758,642.51,393,1585.28,2388.08,2388.1,9063.56,8139.91,38.84,23.2756,553.11,522.03
81,32,47.35,1403.55,8.4378,642.73,393,1584.27,2388.07,2388.07,9056.62,8143.52,38.82,23.264,553.38,521.59
81,33,47.51,1401.28,8.4665,642.42,393,1588.36,2388.08,2388.1,9061.89,8140.6,39.02,23.2309,554.01,522.1
81,34,47.35,1408.95,8.4108,642.51,392,1597.07,2388.11,2388.05,9057.94,8141.97,38.76,23.3034,553.54,522.16
81,35,47.18,1407.91,8.4271,643.02,392,1588.06,2388.1,2388.07,9067.78,8138.21,39.03,23.4179,553.24,522.11
81,36,47.45,1397.61,8.4149,642.21,393,1584.92,2388.04,2388.08,9055.85,8140.79,38.82,23.3288,553.39,521.28
81,37,47.39,1403.25,8.4304,642.26,392,1582.85,2388.09,2388.09,9056.71,8139.11,38.89,23.4186,553.82,521.44
81,38,47.46,1408.43,8.387,642.2,391,1588.38,2388.03,2388.08,9062.48,8147.21,38.77,23.2774,554.02,521.77
81,39,47.45,1405.7,8.4145,642.73,390,1593.42,2388.07,2388.08,9054.04,8139.46,38.87,23.2507,553.65,521.86
81,40,47.41,1407.5,8.4251,642.12,393,1587.75,2388.09,2388.06,9061.02,8144.17,38.89,23.4337,554.25,521.98
81,41,47.32,1401.96,8.4485,642.73,395,1577.3,2388.07,2388.08,9065.77,8144.56,38.9,23.3789,553.5,522.36
81,42,47.45,1405.84,8.4382,642.78,393,1584.88,2388.01,2388.04,9051.69,8142.48,39.07,23.3364,553.66,521.34
81,43,47.42,1406.97,8.4336,642.43,394,1592.31,2388.02,2388.05,9059.47,8138.8,38.76,23.3002,554.19,522.06
81,44,47.55,1410.33,8.4293,642.61,393,1590.24,2388.07,2388.08,9059.49,8134.82,38.92,23.298,553.53,521.54
81,45,47.47,1399.31,8.4351,643.1,393,1579.46,2388.06,2388.08,9054.87,8140.54,38.94,23.2756,554.3,521.66
81,46,47.28,1402.95,8.4093,642.6,394,1590.02,2388.02,2388.12,9060.75,8141.52,38.91,23.2944,553.33,521.91
81,47,47.49,1403.22,8.4501,642.4,392,1592.83,2388.04,2388.15,9053.84,8141.81,38.84,23.3751,554.12,521.25
81,48,47.4,1401.8,8.4113,642.31,393,1590.33,2388.02,2388.06,9059.1,8139.31,38.84,23.2872,553.64,522.13
81,49,47.47,1404.49,8.4538,642.28,393,1589.87,2388.09,2388.07,9064.21,8140.28,38.97,23.4366,554.24,521.45
81,50,47.31,1403.02,8.3741,641.79,392,1592.12,2388.1,2388.04,9061.41,8145.05,39.04,23.3538,553.69,521.9
81,51,47.31,1406.21,8.4371,642.27,392,1583.78,2388.07,2388.01,9059.73,8134.99,38.89,23.4298,553.16,521.98
81,52,47.45,1402.32,8.4378,642.0,393,1585.92,2388.01,2388.08,9056.55,8136.59,38.85,23.1695,554.22,521.86
81,53,47.49,1411.83,8.4052,642.5,393,1589.31,2388.07,2388.09,9063.84,8138.53,38.82,23.3519,553.9,521.44
81,54,47.57,1402.11,8.4125,641.9,392,1588.73,2388.01,2388.05,9059.64,8140.74,39.03,23.4315,554.27,521.43
81,55,47.4,1412.3,8.4225,642.89,392,1585.97,2388.04,2388.08,9060.43,8140.4,38.96,23.2801,553.31,521.47
81,56,47.36,1399.05,8.4082,642.93,393,1595.61,2388.08,2388.09,9053.34,8141.43,38.65,23.3409,552.53,521.25
81,57,47.38,1396.66,8.4653,642.25,392,1586.86,2388.06,2388.1,9062.8,8144.85,38.93,23.3626,553.3,521.85
81,58,47.27,1406.39,8.4485,642.4,393,1589.1,2388.07,2388.07,9059.1,8145.99,39.02,23.4113,554.02,521.37
81,59,47.33,1401.43,8.4209,642.69,393,1584.89,2388.07,2388.05,9059.96,8131.11,38.86,23.3005,554.02,521.13
81,60,47.54,1403.98,8.4403,642.78,393,1588.14,2388.06,2388.06,9056.34,8140.1,38.93,23.2333,553.7,522.09
81,61,47.38,1396.17,8.4328,642.64,390,1587.0,2388.06,2388.06,9058.86,8141.98,39.02,23.2672,553.64,522.0
81,62,47.44,1408.23,8.4437,642.35,393,1592.62,2388.15,2388.05,9063.45,8139.67,38.69,23.2802,553.72,521.65
81,63,47.56,1406.45,8.4002,642.86,393,1594.11,2388.05,2388.05,9059.46,8140.51,38.83,23.2422,553.93,521.85
81,64,47.49,1406.75,8.4441,642.78,394,1590.52,2388.08,2388.07,9064.18,8136.28,38.97,23.2478,553.77,521.86
81,65,47.53,1406.71,8.4254,641.98,393,1588.67,2388.05,2388.09,9057.65,8137.68,38.84,23.3127,554.06,521.79
81,66,47.41,1406.96,8.4377,642.47,391,1589.46,2388.04,2388.13,9057.46,8134.57,38.88,23.4544,553.69,522.26
81,67,47.4,1405.88,8.4245,642.81,393,1590.55,2388.08,2388.05,9063.55,8142.73,38.76,23.2646,553.86,521.32
81,68,47.58,1400.55,8.4444,642.35,391,1585.32,2388.06,2388.09,9058.12,8142.15,38.79,23.3034,553.47,521.75
81,69,47.36,1400.86,8.4358,642.84,391,1585.23,2388.1,2388.06,9055.09,8137.3,38.89,23.2724,553.55,521.41
81,70,47.24,1404.02,8.425,642.4,393,1589.0,2388.1,2388.06,9058.11,8136.7,39.07,23.2517,553.12,521.69
81,71,47.5,1400.98,8.3864,642.32,393,1591.47,2388.03,2388.1,9066.2,8135.8,38.84,23.3497,553.74,522.09
81,72,47.52,1402.62,8.3956,642.98,392,1592.16,2388.13,2388.09,9059.4,8141.62,38.81,23.3342,552.72,521.62
81,73,47.56,1401.31,8.4293,642.45,393,1589.14,2388.12,2388.12,9059.39,8139.12,38.83,23.3494,553.42,521.56
81,74,47.5,1401.74,8.4364,642.28,392,1589.21,2388.06,2388.07,9061.84,8141.83,38.91,23.3684,553.6,521.88
81,75,47.3,1409.92,8.4068,642.17,392,1582.52,2388.08,2388.03,9060.84,8139.09,38.83,23.3948,553.48,521.68
81,76,47.49,1414.22,8.4594,642.43,394,1589.66,2388.12,2388.07,9052.84,8136.73,38.94,23.3194,553.74,521.97
81,77,47.39,1404.89,8.4262,642.8,393,1584.26,2388.06,2388.13,9053.29,8139.15,38.84,23.3357,553.85,521.53
81,78,47.58,1405.99,8.4407,642.66,393,1589.98,2388.16,2388.07,9054.68,8136.12,38.96,23.1309,553.94,521.79
81,79,47.5,1411.63,8.3967,642.62,394,1586.82,2388.08,2388.03,9060.38,8141.68,38.87,23.3216,553.22,521.83
81,80,47.39,1416.14,8.4295,642.69,391,1584.9,2388.06,2388.06,9065.43,8137.65,38.88,23.2741,552.96,521.61
81,81,47.46,1404.1,8.4095,642.57,394,1592.55,2388.09,2388.05,9062.88,8145.48,38.87,23.2831,553.9,522.14
81,82,47.45,1401.65,8.4395,642.98,393,1588.48,2388.11,2388.11,9058.09,8141.28,38.84,23.3954,553.83,522.05
81,83,47.31,1406.28,8.4114,642.28,392,1583.99,2388.03,2388.06,9063.01,8139.37,39.04,23.0737,553.27,521.22
81,84,47.54,1408.71,8.4304,643.02,393,1592.82,2388.06,2388.12,9061.3,8136.67,39.03,23.3246,553.75,521.9
81,85,47.49,1406.07,8.4232,642.5,391,1592.76,2388.08,2388.09,9059.14,8142.32,38.8,23.3588,553.1,522.56
81,86,47.48,1402.94,8.4307,642.66,393,1600.61,2388.07,2388.05,9066.91,8143.88,39.06,23.3176,553.96,522.08
81,87,47.52,1411.75,8.4454,642.56,395,1584.82,2388.09,2388.05,9056.21,8136.65,38.93,23.2763,553.61,522.11
81,88,47.31,1406.52,8.421,642.63,393,1592.28,2388.1,2388.09,9063.28,8131.94,38.72,23.3293,552.71,521.56
81,89,47.51,1411.93,8.4681,643.08,392,1584.29,2388.02,2388.09,9064.4,8140.8,38.95,23.2886,553.32,521.68
81,90,47.4,1405.54,8.4062,642.88,394,1587.82,2388.07,2388.12,9058.37,8136.97,38.78,23.3855,553.73,521.79
81,91,47.37,1397.28,8.4194,642.66,392,1589.43,2388.11,2388.1,9049.26,8137.97,38.66,23.2094,553.26,521.54
81,92,47.38,1405.39,8.4455,642.6,393,1590.1,2388.06,2388.09,9062.03,8136.75,38.96,23.3754,553.29,521.72
81,93,47.45,1406.4,8.4686,642.65,393,1588.92,2388.06,2388.09,9054.35,8140.15,38.71,23.2708,553.89,522.16
81,94,47.33,1401.29,8.4204,641.94,392,1583.23,2388.03,2388.13,9054.17,8140.66,38.83,23.4356,553.51,521.75
81,95,47.38,1413.55,8.4272,642.73,394,1584.78,2388.09,2388.08,9057.95,8139.34,39.03,23.3539,553.3,521.9
81,96,47.42,1410.71,8.4459,643.38,393,1588.8,2388.07,2388.08,9070.51,8142.93,38.99,23.3445,553.93,521.72
81,97,47.36,1410.18,8.4347,642.94,392,1585.75,2388.11,2388.08,9057.13,8146.62,39.02,23.3679,553.74,521.13
81,98,47.53,1414.7,8.4582,642.93,392,1587.59,2388.13,2388.12,9059.63,8141.28,38.72,23.3774,553.12,521.86
81,99,47.7,1410.65,8.4442,642.11,392,1590.13,2388.11,2388.09,9058.12,8140.9,38.85,23.2702,553.83,521.31
81,100,47.42,1404.23,8.4496,642.61,393,1588.16,2388.11,2388.04,9068.76,8143.31,38.97,23.3659,553.76,521.69
81,101,47.35,1403.73,8.4482,642.82,393,1592.24,2388.08,2388.1,9061.94,8141.92,38.78,23.384,553.32,521.91
81,102,47.45,1404.73,8.3984,642.53,393,1581.3,2388.04,2388.06,9057.46,8142.12,38.83,23.228,554.19,521.19
81,103,47.5,1411.17,8.4277,642.21,393,1590.6,2388.11,2388.09,9051.49,8131.6,38.83,23.2863,553.47,521.02
81,104,47.46,1402.54,8.4491,642.63,393,1595.96,2388.16,2388.13,9059.62,8136.94,38.86,23.317,552.91,521.46
81,105,47.43,1409.91,8.3989,642.07,392,1589.51,2388.04,2388.1,9057.98,8139.66,38.94,23.3321,553.77,521.88
81,106,47.54,1407.07,8.4151,642.65,392,1581.19,2388.08,2388.14,9052.17,8136.0,38.76,23.1893,553.33,521.47
81,107,47.51,1410.48,8.4927,642.52,392,1593.95,2388.1,2388.08,9062.97,8138.79,38.8,23.2383,553.8,521.96
81,108,47.6,1407.68,8.4079,642.52,393,1582.36,2388.08,2388.09,9061.37,8138.05,38.85,23.2926,553.15,521.48
81,109,47.51,1413.17,8.3939,641.88,394,1590.35,2388.12,2388.09,9055.56,8143.84,38.89,23.2822,552.89,521.62
81,110,47.43,1409.69,8.4275,642.59,393,1595.21,2388.13,2388.06,9066.29,8141.05,38.93,23.2474,553.73,521.86
81,111,47.51,1409.41,8.4787,642.6,391,1590.83,2388.12,2388.06,9063.66,8137.07,38.88,23.2615,553.78,521.5
81,112,47.52,1412.65,8.4489,642.65,392,1584.56,2388.09,2388.18,9062.94,8144.35,38.85,23.332,553.94,522.17
81,113,47.43,1408.77,8.4274,642.63,395,1591.24,2388.04,2388.06,9052.23,8139.36,38.93,23.2825,553.7,521.77
81,114,47.66,1408.5,8.4498,642.5,393,1595.9,2388.11,2388.16,9060.36,8141.23,38.84,23.2956,553.46,521.34
81,115,47.52,1411.91,8.4405,643.37,393,1594.71,2388.12,2388.08,9058.07,8142.15,38.76,23.3299,553.48,520.87
81,116,47.34,1409.83,8.4315,641.62,393,1592.13,2388.11,2388.05,9065.92,8138.77,38.82,23.321,553.9,521.1
81,117,47.6,1401.88,8.4145,642.85,393,1596.16,2388.08,2388.11,9055.65,8143.02,38.83,23.2673,553.07,521.46
81,118,47.45,1404.28,8.4803,642.17,393,1594.05,2388.07,2388.11,9060.47,8147.53,38.92,23.1655,553.45,521.62
81,119,47.6,1412.89,8.4402,642.27,394,1596.6,2388.09,2388.12,9065.57,8142.34,38.67,23.3425,552.64,521.46
81,120,47.36,1415.59,8.4571,643.18,394,1595.74,2388.07,2388.1,9063.72,8142.59,38.94,23.3448,554.52,521.33
81,121,47.69,1398.64,8.4375,642.64,393,1578.65,2388.13,2388.11,9062.59,8139.28,38.67,23.2359,553.31,521.87
81,122,47.59,1402.73,8.4785,642.79,393,1585.53,2388.1,2388.13,9069.68,8142.28,38.87,23.172,553.55,521.51
81,123,47.49,1408.52,8.4535,642.32,392,1593.73,2388.07,2388.05,9062.16,8141.05,38.75,23.397,553.35,521.58
81,124,47.47,1408.64,8.4432,642.62,394,1587.96,2388.11,2388.05,9061.0,8136.39,38.74,23.1707,553.85,520.61
81,125,47.49,1405.51,8.4254,643.15,392,1594.27,2388.14,2388.09,9057.27,8135.97,38.81,23.295,553.24,521.78
81,126,47.5,1403.58,8.4229,642.4,392,1589.6,2388.09,2388.12,9067.94,8143.65,38.61,23.238,553.48,521.17
81,127,47.55,1409.73,8.4585,642.78,393,1588.85,2388.08,2388.1,9059.76,8136.96,38.63,23.2052,553.15,521.52
81,128,47.52,1412.02,8.4688,642.46,394,1592.57,2388.11,2388.08,9060.94,8143.76,38.87,23.1731,553.62,521.83
81,129,47.54,1412.69,8.4271,642.56,394,1595.65,2388.1,2388.18,9066.41,8139.19,38.77,23.266,553.83,521.36
81,130,47.56,1409.75,8.463,642.07,392,1592.87,2388.08,2388.12,9061.42,8141.75,38.7,23.1516,552.57,521.78
81,131,47.6,1415.71,8.437,642.74,393,1591.07,2388.12,2388.03,9063.16,8141.15,38.77,23.2814,552.32,521.41
81,132,47.38,1413.15,8.4563,642.54,393,1595.33,2388.1,2388.08,9064.26,8134.94,38.82,23.2471,553.05,521.97
81,133,47.67,1406.65,8.4342,642.55,393,1592.2,2388.09,2388.11,9063.74,8141.11,38.89,23.3028,553.57,521.31
81,134,47.37,1405.98,8.4454,642.62,395,1589.66,2388.13,2388.11,9062.91,8145.66,39.03,23.2205,554.0,521.34
81,135,47.51,1407.55,8.4165,642.6,394,1590.3,2388.07,2388.07,9054.6,8146.31,38.92,23.3995,553.53,521.09
81,136,47.49,1415.36,8.4417,642.73,395,1589.5,2388.1,2388.12,9057.76,8135.57,38.74,23.2573,552.87,521.85
81,137,47.56,1405.78,8.4589,643.24,395,1579.45,2388.13,2388.13,9057.34,8141.88,38.69,23.3229,552.57,521.56
81,138,47.55,1409.59,8.4441,642.48,392,1587.57,2388.03,2388.08,9058.55,8138.41,38.89,23.3827,553.76,521.6
81,139,47.62,1406.09,8.4477,642.37,393,1596.08,2388.1,2388.12,9058.56,8145.42,38.74,23.2892,553.22,520.94
81,140,47.59,1403.6,8.4411,642.7,393,1595.19,2388.11,2388.14,9066.41,8138.67,38.82,23.2691,552.35,521.19
81,141,47.47,1416.15,8.437,642.55,393,1585.53,2388.14,2388.08,9062.86,8136.63,38.69,23.2489,552.9,521.7
81,142,47.65,1410.11,8.4563,643.32,392,1593.23,2388.12,2388.11,9058.09,8140.51,38.66,23.2357,552.8,520.85
81,143,47.44,1420.61,8.4526,642.83,391,1593.73,2388.09,2388.1,9064.14,8141.73,38.82,23.2364,552.25,521.47
81,144,47.7,1414.45,8.464,642.96,393,1583.83,2388.11,2388.08,9058.77,8144.41,39.02,23.285,552.62,521.43
81,145,47.5,1408.17,8.4381,643.15,393,1593.07,2388.1,2388.15,9062.59,8145.18,38.59,23.3877,553.04,521.24
81,146,47.46,1408.06,8.4275,642.89,391,1589.49,2388.13,2388.16,9064.71,8137.61,38.7,23.2363,552.84,520.91
81,147,47.57,1402.87,8.3992,642.88,393,1593.22,2388.11,2388.12,9058.24,8138.41,38.91,23.2852,553.31,521.58
81,148,47.56,1410.67,8.469,642.82,393,1596.78,2388.12,2388.08,9063.44,8138.72,38.82,23.2242,553.91,521.12
81,149,47.88,1414.08,8.4579,642.77,394,1592.86,2388.12,2388.16,9055.89,8136.34,38.83,23.2901,553.27,521.0
81,150,47.56,1412.23,8.4815,642.79,395,1588.82,2388.15,2388.17,9061.46,8135.79,38.78,23.2054,553.2,521.04
81,151,47.57,1413.53,8.4672,642.96,395,1585.94,2388.1,2388.09,9057.27,8136.78,38.81,23.2591,552.87,521.35
81,152,47.54,1404.41,8.4555,642.24,393,1592.33,2388.15,2388.12,9062.89,8137.23,38.7,23.3097,552.31,520.7
81,153,47.58,1408.92,8.4545,642.75,395,1588.68,2388.11,2388.09,9055.44,8137.51,38.85,23.2798,553.52,522.06
81,154,47.43,1412.15,8.4341,642.97,394,1585.35,2388.15,2388.13,9069.03,8137.11,38.71,23.3725,552.95,520.9
81,155,47.82,1414.37,8.4303,642.65,393,1586.92,2388.08,2388.19,9057.08,8139.83,38.83,23.2224,553.38,521.44
81,156,47.5,1409.92,8.4679,642.08,393,1584.8,2388.13,2388.12,9066.62,8140.49,38.75,23.2996,554.27,521.05
81,157,47.85,1415.38,8.4763,643.02,392,1594.52,2388.12,2388.08,9062.41,8140.79,38.81,23.3251,554.01,520.71
81,158,47.69,1407.75,8.4475,642.96,393,1595.29,2388.08,2388.11,9059.36,8144.36,38.77,23.2025,552.44,521.1
81,159,47.7,1415.38,8.4561,642.94,392,1589.69,2388.13,2388.14,9065.51,8138.34,38.81,23.3461,553.37,521.2
81,160,47.64,1411.21,8.4461,642.6,395,1591.92,2388.17,2388.12,9064.2,8142.73,38.82,23.3095,553.17,521.33
81,161,47.54,1412.73,8.4499,642.88,394,1591.8,2388.17,2388.13,9064.7,8138.66,38.81,23.166,552.95,521.13
81,162,47.8,1410.04,8.4514,642.72,393,1596.51,2388.12,2388.14,9056.03,8134.82,38.7,23.3063,553.19,521.38
81,163,47.73,1413.74,8.4444,643.04,394,1588.63,2388.11,2388.16,9056.48,8138.41,38.65,23.1557,553.72,521.41
81,164,47.83,1414.71,8.453,642.67,393,1589.75,2388.05,2388.13,9070.76,8138.68,38.67,23.1906,552.58,521.37
81,165,47.63,1411.35,8.4289,643.39,393,1591.5,2388.12,2388.09,9059.7,8141.41,38.82,23.2179,552.61,520.88
81,166,47.64,1407.46,8.4536,642.93,393,1588.97,2388.12,2388.13,9062.7,8135.63,38.85,23.2371,553.23,521.4
81,167,47.61,1415.53,8.4676,642.86,393,1597.14,2388.11,2388.14,9061.17,8138.13,38.75,23.2472,552.44,521.1
81,168,47.69,1414.4,8.4455,643.38,395,1585.84,2388.12,2388.15,9059.7,8137.98,38.81,23.2007,552.22,520.69
81,169,47.62,1408.06,8.4901,643.1,394,1596.51,2388.14,2388.12,9060.26,8139.64,38.79,23.2603,553.02,520.72
81,170,47.5,1410.0,8.4801,642.77,394,1600.06,2388.13,2388.16,9061.36,8141.44,38.65,23.26,552.54,521.16
81,171,47.56,1415.74,8.4202,643.21,392,1593.08,2388.17,2388.07,9058.03,8139.94,38.81,23.2195,553.05,520.83
81,172,47.76,1415.61,8.4623,643.05,394,1590.78,2388.13,2388.16,9051.0,8135.26,38.87,23.2414,552.49,520.73
81,173,47.87,1409.34,8.4712,642.96,392,1595.29,2388.1,2388.14,9061.74,8142.98,38.74,23.3185,552.88,521.42
81,174,47.6,1411.31,8.4348,643.13,394,1597.11,2388.11,2388.12,9063.54,8138.17,38.72,23.2391,553.08,521.27
81,175,47.71,1417.57,8.5085,642.93,394,1590.31,2388.1,2388.13,9056.95,8133.68,38.73,23.098,552.79,520.97
81,176,47.75,1408.59,8.4581,643.09,395,1603.18,2388.13,2388.16,9061.67,8144.43,38.84,23.1101,553.19,521.31
81,177,47.79,1411.71,8.4951,643.2,394,1590.27,2388.15,2388.15,9057.27,8138.92,38.54,23.2311,552.69,521.17
81,178,47.9,1418.57,8.4207,642.71,394,1592.84,2388.16,2388.09,9058.92,8140.11,38.63,23.1819,553.24,521.15
81,179,48.02,1416.61,8.4595,642.78,395,1595.78,2388.16,2388.1,9057.04,8138.57,38.76,23.2439,553.91,520.98
81,180,47.69,1410.77,8.4508,643.24,395,1593.24,2388.15,2388.1,9061.1,8140.15,38.63,23.2446,552.87,520.77
81,181,47.64,1411.43,8.4312,643.12,395,1596.17,2388.13,2388.19,9055.55,8136.21,38.65,23.237,552.76,520.08
81,182,47.77,1421.36,8.4947,643.1,395,1596.43,2388.14,2388.12,9057.6,8139.26,38.69,23.2961,552.68,520.85
81,183,47.59,1415.42,8.4638,642.8,394,1595.95,2388.18,2388.17,9058.96,8133.16,38.63,23.2847,552.7,521.45
81,184,47.83,1412.8,8.4903,643.2,395,1591.81,2388.16,2388.18,9063.51,8138.37,38.8,23.2694,552.77,520.99
81,185,47.71,1407.22,8.4559,643.61,396,1591.13,2388.23,2388.14,9061.14,8137.82,38.64,23.1169,552.65,520.65
81,186,47.67,1417.38,8.477,642.93,395,1601.24,2388.13,2388.11,9057.34,8141.25,38.72,23.2038,552.6,521.26
81,187,47.68,1414.74,8.4731,643.27,395,1591.74,2388.15,2388.19,9058.31,8137.94,38.8,23.213,552.43,520.8
81,188,47.95,1413.18,8.4527,642.91,394,1594.31,2388.15,2388.16,9054.06,8137.98,38.73,23.2177,552.48,521.09
81,189,47.85,1417.01,8.4874,643.12,393,1591.22,2388.17,2388.11,9058.92,8136.91,38.64,23.2388,551.91,521.0
81,190,47.82,1421.7,8.4596,643.18,393,1589.91,2388.15,2388.19,9064.61,8134.45,38.74,23.2114,553.02,520.77
81,191,47.93,1417.35,8.5086,643.27,395,1592.62,2388.11,2388.17,9068.29,8138.06,38.88,23.2118,552.92,520.76
81,192,47.75,1418.64,8.4833,642.85,396,1591.05,2388.13,2388.14,9048.84,8130.65,38.67,23.1617,551.75,520.87
81,193,47.6,1421.43,8.4712,642.75,394,1591.16,2388.08,2388.18,9062.75,8139.7,38.68,23.1199,552.49,520.58
81,194,47.68,1415.88,8.4351,643.23,394,1597.26,2388.14,2388.14,9057.95,8138.77,38.51,23.0601,551.88,520.59
81,195,47.75,1416.77,8.458,643.17,394,1599.1,2388.16,2388.26,9054.04,8140.57,38.47,23.2023,552.39,520.49
81,196,47.77,1416.31,8.4679,643.21,395,1592.15,2388.23,2388.12,9059.11,8138.36,38.76,23.196,552.47,520.57
81,197,47.92,1423.17,8.4724,643.6,395,1592.42,2388.18,2388.17,9064.31,8137.42,38.71,23.0906,552.13,520.84
81,198,47.82,1416.32,8.478,643.36,394,1599.02,2388.18,2388.2,9066.69,8131.76,38.49,23.1827,553.24,520.65
81,199,47.78,1425.08,8.4716,643.01,395,1599.91,2388.14,2388.13,9062.65,8140.7,38.51,23.1637,552.11,520.54
81,200,47.59,1419.03,8.4814,642.97,394,1598.76,2388.19,2388.18,9066.95,8133.52,38.55,23.2286,552.84,520.54
81,201,48.02,1419.4,8.4587,643.22,393,1596.8,2388.15,2388.18,9064.38,8139.87,38.56,23.2079,552.97,520.45
81,202,47.71,1417.69,8.4544,643.07,394,1595.81,2388.17,2388.16,9052.64,8137.62,38.63,23.1522,552.6,520.54
81,203,47.76,1414.28,8.497,643.66,396,1600.0,2388.2,2388.2,9055.47,8142.67,38.72,23.134,551.57,520.4
81,204,47.76,1425.73,8.4853,642.97,395,1601.76,2388.16,2388.27,9059.8,8133.14,38.56,23.2298,552.42,520.82
81,205,47.91,1417.58,8.4953,643.02,395,1591.53,2388.11,2388.19,9057.3,8133.19,38.77,23.1862,552.35,520.59
81,206,47.78,1421.04,8.4642,643.41,393,1596.17,2388.25,2388.17,9061.55,8135.94,38.68,23.1132,551.95,520.67
81,207,48.04,1418.65,8.4983,643.58,395,1602.79,2388.22,2388.2,9058.19,8135.95,38.67,23.1698,552.53,519.85
81,208,47.79,1415.26,8.487,642.99,396,1588.33,2388.16,2388.17,9059.83,8137.55,38.52,23.1557,552.24,520.45
81,209,48.06,1411.82,8.4659,643.67,396,1601.06,2388.19,2388.21,9059.33,8140.55,38.58,23.1506,551.98,520.42
81,210,47.91,1417.33,8.5227,642.61,393,1601.72,2388.23,2388.2,9060.6,8140.41,38.52,23.1811,552.22,520.48
81,211,47.83,1419.54,8.5006,644.01,397,1596.42,2388.22,2388.17,9058.96,8133.3,38.57,23.1864,552.05,520.42
81,212,47.9,1420.23,8.477,643.29,394,1598.8,2388.22,2388.13,9060.21,8137.02,38.68,23.2111,552.13,520.1
81,213,48.01,1429.36,8.4957,643.41,395,1599.61,2388.19,2388.24,9065.03,8137.94,38.62,23.1601,552.03,520.77
81,214,48.02,1419.74,8.5477,643.27,396,1589.75,2388.18,2388.22,9056.22,8134.29,38.71,23.1279,551.78,519.81
81,215,47.85,1428.35,8.5108,643.54,394,1598.75,2388.26,2388.26,9060.24,8135.72,38.74,23.1159,551.92,520.25
81,216,48.0,1431.13,8.494,643.46,394,1602.5,2388.23,2388.25,9059.36,8130.65,38.54,23.0676,551.78,520.33
81,217,48.17,1425.23,8.5343,643.2,395,1601.54,2388.16,2388.24,9060.7,8133.9,38.63,23.1645,552.25,519.86
81,218,47.85,1424.68,8.4871,643.55,396,1599.82,2388.2,2388.21,9051.53,8134.72,38.74,23.1227,552.03,519.68
81,219,48.01,1421.7,8.5343,643.84,392,1594.08,2388.21,2388.23,9058.36,8136.72,38.49,23.1607,552.36,520.28
81,220,47.84,1419.81,8.4536,642.95,397,1595.53,2388.22,2388.21,9063.35,8134.14,38.77,23.1548,552.31,520.19
81,221,48.03,1419.89,8.4727,643.6,394,1599.86,2388.21,2388.24,9054.64,8138.17,38.59,23.1223,551.68,519.98
81,222,47.97,1422.42,8.4638,643.53,395,1595.77,2388.22,2388.17,9065.05,8138.01,38.81,23.089,551.64,520.35
81,223,48.03,1430.6,8.5017,643.06,397,1598.2,2388.28,2388.25,9059.48,8136.6,38.67,23.0181,551.16,520.36
81,224,47.85,1422.35,8.5224,643.74,396,1597.08,2388.27,2388.23,9054.05,8136.31,38.49,23.065,551.64,520.37
81,225,48.01,1424.07,8.4875,643.43,395,1595.87,2388.26,2388.23,9055.03,8130.87,38.62,23.1047,551.54,520.09
81,226,48.1,1419.61,8.5346,643.25,395,1598.29,2388.26,2388.24,9054.6,8127.99,38.49,23.1502,552.08,520.05
81,227,47.88,1435.9,8.5257,643.53,396,1595.27,2388.16,2388.23,9056.9,8127.82,38.57,23.1584,551.73,520.05
81,228,48.0,1429.46,8.4974,643.51,396,1595.73,2388.22,2388.23,9062.39,8130.9,38.65,23.0714,551.58,519.61
81,229,47.84,1424.33,8.521,643.64,396,1601.55,2388.3,2388.23,9052.33,8129.19,38.6,23.1146,551.74,519.88
81,230,48.05,1414.68,8.5269,643.51,396,1595.34,2388.18,2388.21,9055.41,8132.31,38.58,23.1377,551.4,519.97
81,231,48.06,1427.73,8.5199,643.13,394,1599.45,2388.27,2388.28,9046.41,8128.72,38.43,23.0834,551.84,519.88
81,232,47.87,1427.02,8.5265,643.38,395,1606.06,2388.26,2388.28,9055.44,8134.27,38.52,23.2141,551.12,519.64
81,233,48.1,1427.91,8.4978,643.56,397,1601.27,2388.29,2388.24,9055.79,8134.41,38.55,23.0823,551.6,519.84
81,234,48.09,1418.51,8.5318,642.93,397,1588.56,2388.28,2388.22,9060.92,8138.68,38.36,23.0794,551.78,520.18
81,235,48.06,1430.19,8.5177,644.05,397,1596.94,2388.23,2388.27,9068.38,8133.13,38.46,23.017,551.22,519.98
81,236,48.25,1433.39,8.502,643.19,396,1604.98,2388.25,2388.27,9059.03,8134.79,38.68,23.1285,551.46,519.56
81,237,48.16,1432.04,8.5197,643.94,396,1608.12,2388.3,2388.27,9059.52,8130.88,38.48,23.0948,551.11,519.2
81,238,48.11,1428.15,8.4911,643.54,395,1598.68,2388.33,2388.23,9055.6,8135.48,38.48,23.0828,551.54,519.35
81,239,48.43,1429.38,8.5395,643.84,398,1602.45,2388.22,2388.27,9053.05,8127.27,38.3,23.0611,550.82,519.09
81,240,48.12,1423.61,8.4922,644.01,397,1601.01,2388.28,2388.22,9061.24,8129.61,38.37,23.0289,550.75,519.48
84,1,47.7,1411.05,8.4379,643.21,393,1582.28,2388.13,2388.17,9047.16,8126.26,38.69,23.2347,552.34,521.74
84,2,47.59,1405.09,8.4355,643.03,391,1590.29,2388.11,2388.21,9049.45,8130.41,38.86,23.3061,552.78,521.42
84,3,47.56,1405.79,8.4371,642.52,393,1594.11,2388.1,2388.13,9050.03,8125.01,38.78,23.2421,553.14,521.65
84,4,47.54,1410.99,8.4267,642.81,392,1583.83,2388.16,2388.15,9047.11,8125.17,38.8,23.2697,552.91,521.02
84,5,47.46,1409.12,8.4131,643.05,395,1590.42,2388.09,2388.14,9040.72,8133.34,38.88,23.3069,553.06,521.1
84,6,47.55,1409.58,8.4176,642.4,392,1590.97,2388.15,2388.1,9046.57,8131.73,38.79,23.2575,553.47,521.39
84,7,47.65,1406.51,8.4577,643.18,393,1592.68,2388.09,2388.13,9052.31,8124.68,38.79,23.3591,553.42,521.54
84,8,47.52,1413.34,8.4188,642.88,392,1588.43,2388.08,2388.08,9044.81,8127.61,38.72,23.2578,553.36,521.72
84,9,47.58,1404.76,8.446,642.22,394,1592.2,2388.1,2388.06,9050.9,8126.03,38.89,23.2204,553.05,521.27
84,10,47.49,1411.19,8.4668,642.51,392,1588.42,2388.15,2388.1,9041.87,8127.63,38.9,23.3049,553.0,520.81
84,11,47.68,1414.97,8.4334,642.52,394,1591.73,2388.13,2388.16,9050.57,8127.5,38.77,23.252,553.17,521.04
84,12,47.71,1402.03,8.4633,643.19,394,1583.14,2388.1,2388.1,9041.66,8133.01,38.75,23.2142,553.06,521.02
84,13,47.69,1413.78,8.4428,642.43,393,1593.97,2388.12,2388.11,9048.77,8127.55,38.89,23.2502,552.66,521.63
84,14,47.48,1405.06,8.4764,642.79,393,1592.48,2388.11,2388.1,9046.61,8128.52,38.84,23.2572,553.62,521.21
84,15,47.64,1412.32,8.4187,643.44,394,1592.66,2388.1,2388.12,9041.04,8128.06,38.87,23.335,553.46,521.62
84,16,47.65,1406.03,8.4468,642.72,393,1593.2,2388.16,2388.13,9049.57,8132.71,38.95,23.356,553.14,521.32
84,17,47.55,1410.31,8.4345,642.38,393,1586.02,2388.11,2388.08,9045.13,8132.1,38.9,23.2926,553.54,521.61
84,18,47.39,1403.38,8.4253,643.51,393,1588.36,2388.08,2388.13,9044.5,8127.96,38.74,23.3304,553.76,520.77
84,19,47.72,1411.99,8.4318,642.85,393,1589.71,2388.1,2388.16,9045.48,8128.78,38.92,23.2694,553.04,521.07
84,20,47.37,1409.05,8.4331,642.66,393,1589.44,2388.16,2388.1,9043.9,8131.55,38.87,23.2639,553.65,521.25
84,21,47.41,1412.57,8.4207,642.53,394,1594.63,2388.12,2388.11,9047.23,8130.41,38.91,23.2987,553.15,521.04
84,22,47.65,1406.16,8.4483,643.05,394,1589.63,2388.15,2388.12,9049.17,8127.03,38.95,23.1987,552.94,521.14
84,23,47.51,1410.39,8.4171,643.24,393,1590.54,2388.16,2388.08,9046.05,8124.87,38.71,23.212,553.81,521.28
84,24,47.63,1409.8,8.4281,643.04,394,1587.04,2388.19,2388.14,9049.15,8130.35,38.81,23.2116,553.44,521.43
84,25,47.79,1407.38,8.4072,642.79,394,1589.86,2388.11,2388.13,9047.61,8131.24,38.79,23.2516,553.26,520.83
84,26,47.66,1404.07,8.4438,643.71,392,1589.97,2388.11,2388.1,9047.88,8132.14,38.88,23.2926,554.1,521.52
84,27,47.62,1405.32,8.4201,641.99,391,1591.75,2388.15,2388.14,9045.53,8128.23,38.64,23.2826,553.54,521.4
84,28,47.67,1404.56,8.4376,642.78,391,1596.4,2388.17,2388.15,9054.09,8127.44,38.65,23.2574,552.97,521.19
84,29,47.61,1408.03,8.4629,642.71,393,1591.8,2388.12,2388.09,9054.79,8129.97,38.87,23.284,553.09,521.67
84,30,47.73,1411.4,8.4427,642.22,392,1590.93,2388.09,2388.13,9055.21,8134.88,38.89,23.3001,552.74,522.24
84,31,47.52,1409.32,8.4511,642.69,393,1591.62,2388.14,2388.13,9046.43,8128.54,38.82,23.2766,553.4,521.21
84,32,47.71,1411.55,8.4464,642.94,394,1589.47,2388.08,2388.12,9052.98,8126.15,38.95,23.3217,553.83,521.58
84,33,47.69,1411.12,8.4102,642.75,394,1587.09,2388.13,2388.17,9055.56,8126.09,38.86,23.2336,553.36,520.96
84,34,47.55,1410.24,8.4427,642.5,393,1599.67,2388.07,2388.1,9047.79,8125.14,38.75,23.3265,553.46,520.83
84,35,47.49,1412.49,8.4616,642.84,393,1586.39,2388.15,2388.15,9043.37,8133.02,38.88,23.2048,552.92,521.48
84,36,47.52,1408.77,8.4407,642.6,393,1578.09,2388.14,2388.13,9047.16,8129.3,38.8,23.3825,553.4,521.49
84,37,47.39,1407.21,8.4385,642.73,394,1588.45,2388.16,2388.12,9042.78,8129.79,38.68,23.2483,553.36,521.47
84,38,47.64,1406.45,8.4212,642.36,393,1587.99,2388.19,2388.09,9045.96,8127.08,38.95,23.3056,553.44,521.02
84,39,47.54,1412.27,8.4291,642.51,392,1589.66,2388.1,2388.09,9040.37,8126.82,38.5,23.378,553.06,521.25
84,40,47.74,1409.71,8.4357,643.0,392,1584.88,2388.1,2388.14,9050.23,8126.34,38.91,23.4001,553.0,521.28
84,41,47.34,1405.5,8.4436,642.64,394,1591.03,2388.16,2388.12,9047.89,8129.88,38.71,23.2906,553.01,521.19
84,42,47.64,1409.22,8.4445,642.59,393,1589.3,2388.13,2388.13,9045.86,8128.31,38.8,23.2061,554.35,520.77
84,43,47.39,1415.96,8.4502,642.83,392,1593.4,2388.12,2388.14,9044.64,8126.44,38.97,23.2004,552.7,521.16
84,44,47.69,1405.57,8.4504,642.14,393,1591.88,2388.11,2388.17,9048.61,8128.46,38.8,23.2789,553.16,520.92
84,45,47.51,1408.43,8.443,642.71,393,1589.84,2388.17,2388.1,9053.23,8129.88,38.81,23.2816,552.82,521.88
84,46,47.38,1409.6,8.459,642.66,393,1593.17,2388.08,2388.16,9054.54,8132.19,38.78,23.2872,553.15,521.6
84,47,47.67,1409.57,8.4442,642.86,393,1586.5,2388.08,2388.09,9053.38,8132.22,38.81,23.2598,553.47,521.5
84,48,47.64,1410.84,8.4239,643.19,394,1586.29,2388.16,2388.17,9053.78,8126.41,38.76,23.2806,553.09,521.46
84,49,47.62,1410.48,8.4549,642.63,393,1590.29,2388.18,2388.14,9047.02,8130.37,38.83,23.1835,552.89,521.24
84,50,47.52,1403.33,8.4229,642.77,393,1595.88,2388.15,2388.17,9049.36,8128.75,38.79,23.3142,553.09,521.66
84,51,47.53,1408.97,8.4318,642.99,395,1592.68,2388.12,2388.17,9041.22,8127.73,38.78,23.3808,552.88,521.63
84,52,47.55,1407.43,8.4625,643.19,394,1596.58,2388.12,2388.16,9038.84,8131.19,38.83,23.2552,553.7,521.73
84,53,47.65,1414.04,8.4821,642.62,393,1585.63,2388.17,2388.09,9050.65,8133.66,38.78,23.1704,553.03,521.83
84,54,47.45,1402.04,8.459,641.87,393,1594.36,2388.12,2388.15,9053.26,8129.73,38.78,23.3033,553.4,521.99
84,55,47.47,1410.86,8.4778,642.44,390,1588.36,2388.11,2388.1,9044.94,8130.23,38.81,23.3175,553.49,521.14
84,56,47.38,1411.49,8.4227,642.7,392,1588.8,2388.18,2388.09,9049.21,8122.63,38.9,23.1645,553.38,521.32
84,57,47.49,1415.08,8.4623,642.58,393,1592.75,2388.16,2388.11,9052.91,8124.53,38.8,23.3198,553.28,521.54
84,58,47.58,1407.65,8.4253,642.98,394,1593.01,2388.11,2388.16,9056.02,8131.98,38.74,23.251,552.9,521.08
84,59,47.71,1411.94,8.432,643.07,395,1585.94,2388.11,2388.09,9048.59,8130.33,38.76,23.273,553.56,521.64
84,60,47.52,1410.08,8.4579,642.76,393,1590.19,2388.12,2388.14,9051.02,8125.73,38.82,23.3223,552.95,521.3
84,61,47.62,1412.68,8.4216,642.79,392,1587.81,2388.14,2388.15,9049.62,8130.47,38.74,23.2989,552.06,520.94
84,62,47.4,1409.76,8.4631,642.83,393,1594.82,2388.06,2388.12,9051.16,8127.09,38.73,23.2823,552.91,521.13
84,63,47.57,1406.25,8.4675,642.87,393,1589.1,2388.11,2388.13,9050.07,8126.7,38.69,23.2921,553.31,521.37
84,64,47.55,1404.12,8.4471,642.89,394,1592.02,2388.11,2388.14,9052.43,8124.83,38.76,23.28,554.02,521.26
84,65,47.65,1409.92,8.4484,642.95,395,1594.98,2388.1,2388.11,9046.85,8132.44,38.95,23.3189,552.85,521.07
84,66,47.64,1403.2,8.4467,642.63,394,1594.49,2388.14,2388.14,9052.41,8131.06,38.95,23.2946,552.68,521.26
84,67,47.54,1407.14,8.4627,643.12,395,1590.12,2388.11,2388.11,9045.77,8124.0,38.9,23.3596,553.6,521.5
84,68,47.57,1408.65,8.4809,642.66,393,1589.35,2388.1,2388.15,9053.42,8124.75,38.7,23.3006,552.7,521.5
84,69,47.65,1406.38,8.4557,642.78,393,1596.24,2388.15,2388.13,9054.69,8129.87,38.88,23.2138,553.49,521.09
84,70,47.64,1415.96,8.3992,643.12,394,1589.88,2388.11,2388.15,9049.12,8129.09,38.8,23.3199,553.05,521.61
84,71,47.52,1403.2,8.4576,643.04,394,1591.14,2388.08,2388.11,9056.38,8126.02,38.82,23.2896,552.49,521.67
84,72,47.74,1404.44,8.4577,642.31,394,1592.33,2388.08,2388.14,9054.04,8122.46,38.78,23.2651,553.48,521.28
84,73,47.36,1409.28,8.4646,643.23,394,1587.9,2388.11,2388.12,9045.57,8131.94,38.75,23.2745,552.69,521.87
84,74,47.73,1411.24,8.4368,642.87,393,1587.81,2388.13,2388.15,9046.23,8129.9,38.6,23.2659,553.59,520.99
84,75,47.6,1405.67,8.4556,642.64,393,1586.0,2388.16,2388.13,9052.9,8128.41,38.77,23.2913,553.66,521.55
84,76,47.59,1411.84,8.468,642.53,394,1587.42,2388.15,2388.12,9049.38,8128.88,38.76,23.2723,552.78,521.4
84,77,47.56,1409.39,8.4119,642.46,393,1591.49,2388.15,2388.16,9050.51,8132.81,38.9,23.241,553.0,520.84
84,78,47.4,1413.94,8.4807,642.48,395,1585.75,2388.16,2388.14,9048.72,8128.82,38.78,23.3522,553.82,521.3
84,79,47.55,1416.38,8.4317,643.3,393,1589.8,2388.19,2388.16,9047.28,8129.1,38.98,23.372,552.83,521.64
84,80,47.41,1418.01,8.4233,642.71,394,1592.21,2388.15,2388.16,9049.33,8130.63,38.99,23.308,553.42,520.92
84,81,47.51,1414.05,8.4717,642.42,394,1589.76,2388.19,2388.13,9044.93,8124.2,38.73,23.3223,552.5,520.83
84,82,47.61,1405.78,8.4461,642.66,395,1589.98,2388.15,2388.09,9050.72,8126.51,38.94,23.2393,553.89,521.13
84,83,47.52,1407.45,8.491,642.59,393,1594.49,2388.12,2388.16,9046.03,8137.01,38.74,23.2897,553.51,521.97
84,84,47.75,1409.12,8.4273,642.7,393,1588.7,2388.2,2388.16,9049.69,8131.67,38.6,23.394,552.17,521.08
84,85,47.64,1407.63,8.4515,642.82,394,1591.63,2388.14,2388.09,9043.64,8128.46,38.79,23.1888,553.34,520.7
84,86,47.59,1414.68,8.433,642.57,394,1586.84,2388.12,2388.16,9046.06,8133.59,38.83,23.2651,552.98,521.05
84,87,47.59,1407.04,8.4734,642.62,394,1589.85,2388.17,2388.15,9043.78,8130.7,38.77,23.2664,553.28,521.55
84,88,47.42,1404.19,8.4415,642.44,393,1592.5,2388.19,2388.13,9054.2,8134.66,38.81,23.2408,554.17,521.17
84,89,47.68,1415.14,8.4387,642.61,394,1592.19,2388.14,2388.12,9048.73,8129.91,38.73,23.2359,552.01,521.37
84,90,47.72,1401.63,8.4417,643.07,392,1583.83,2388.13,2388.16,9039.61,8131.46,38.6,23.2589,553.05,521.8
84,91,47.49,1414.55,8.4447,642.83,393,1587.2,2388.11,2388.12,9051.47,8131.88,38.89,23.29,553.22,521.44
84,92,47.84,1413.36,8.4479,642.64,393,1585.98,2388.17,2388.11,9048.5,8130.27,38.81,23.1634,553.14,520.96
84,93,47.73,1410.09,8.4582,643.01,392,1591.7,2388.11,2388.18,9047.47,8130.26,38.81,23.3021,553.24,521.56
84,94,47.54,1408.31,8.4344,642.55,394,1588.61,2388.11,2388.14,9045.24,8125.5,38.95,23.2698,553.35,521.05
84,95,47.69,1412.78,8.4514,642.73,395,1596.73,2388.17,2388.14,9047.81,8132.97,38.72,23.2829,553.41,521.01
84,96,47.61,1412.64,8.4597,642.61,393,1598.23,2388.13,2388.1,9052.77,8130.28,38.77,23.1853,554.06,520.98
84,97,47.57,1410.53,8.4351,643.11,393,1593.7,2388.19,2388.13,9048.32,8128.05,38.79,23.3286,553.01,521.25
84,98,47.59,1412.6,8.471,643.29,394,1596.24,2388.15,2388.11,9051.81,8133.92,38.84,23.2615,553.04,520.84
84,99,47.6,1411.07,8.4284,642.52,394,1589.08,2388.1,2388.19,9048.14,8127.49,38.85,23.3263,553.52,521.27
84,100,47.56,1418.77,8.4297,642.71,393,1580.11,2388.14,2388.1,9048.27,8130.06,38.82,23.2864,553.62,521.45
84,101,47.57,1409.51,8.4316,643.14,393,1596.16,2388.12,2388.13,9062.51,8128.25,39.03,23.2527,553.45,521.05
84,102,47.46,1413.35,8.4559,643.08,394,1593.02,2388.14,2388.11,9050.86,8132.91,38.69,23.2713,552.98,521.36
84,103,47.63,1410.55,8.4484,642.56,392,1589.71,2388.15,2388.15,9054.78,8134.07,38.73,23.2154,553.75,520.95
84,104,47.56,1413.67,8.4318,643.35,391,1594.06,2388.15,2388.17,9055.62,8132.47,38.83,23.202,553.2,521.21
84,105,47.6,1403.3,8.45,642.83,394,1592.55,2388.1,2388.1,9053.33,8130.16,38.67,23.1831,553.2,521.68
84,106,47.58,1404.27,8.4616,642.64,394,1587.31,2388.13,2388.12,9047.47,8134.24,38.77,23.3032,553.29,521.15
84,107,47.82,1405.16,8.4371,642.24,394,1589.44,2388.19,2388.15,9043.4,8129.82,38.7,23.1519,553.17,521.11
84,108,47.58,1417.13,8.4427,642.61,393,1598.09,2388.13,2388.14,9047.88,8129.19,38.67,23.3683,552.82,521.46
84,109,47.71,1402.88,8.4658,642.75,394,1593.87,2388.13,2388.14,9053.91,8128.1,38.69,23.3219,552.81,521.27
84,110,47.57,1408.63,8.4128,642.92,393,1591.17,2388.13,2388.15,9041.56,8126.82,38.77,23.2333,552.85,521.62
84,111,47.5,1412.13,8.4468,643.24,393,1602.61,2388.17,2388.11,9051.82,8133.09,38.58,23.2115,552.81,520.44
84,112,47.63,1410.14,8.4705,642.52,394,1598.1,2388.07,2388.14,9046.85,8125.34,38.82,23.2649,553.3,521.12
84,113,47.59,1412.22,8.4589,643.24,395,1595.21,2388.14,2388.11,9047.01,8130.9,38.65,23.3145,553.09,521.36
84,114,47.56,1408.76,8.4425,642.56,394,1589.77,2388.11,2388.1,9052.41,8121.0,38.72,23.2912,553.24,520.71
84,115,47.58,1409.58,8.4443,642.45,393,1586.99,2388.17,2388.2,9053.17,8127.56,38.84,23.1659,552.85,521.5
84,116,47.57,1419.06,8.4624,643.34,394,1600.55,2388.17,2388.11,9056.15,8135.01,38.58,23.4047,553.46,520.54
84,117,47.51,1412.19,8.4691,642.69,393,1594.45,2388.15,2388.12,9048.55,8131.75,38.84,23.3382,553.54,521.06
84,118,47.67,1404.22,8.4615,642.69,393,1595.69,2388.15,2388.19,9056.36,8129.41,38.76,23.3085,552.6,521.34
84,119,47.64,1407.08,8.4745,642.57,394,1595.48,2388.13,2388.15,9045.27,8138.87,38.83,23.2912,553.01,520.62
84,120,47.44,1408.39,8.429,642.73,393,1593.49,2388.17,2388.2,9052.64,8127.72,38.84,23.2213,553.03,521.24
84,121,47.45,1405.68,8.4504,643.16,392,1593.29,2388.11,2388.15,9047.43,8130.59,38.85,23.2376,553.33,521.47
84,122,47.77,1407.87,8.4081,642.37,393,1592.73,2388.1,2388.1,9053.49,8131.15,38.65,23.2003,554.37,521.17
84,123,47.78,1404.89,8.4661,642.29,393,1593.63,2388.2,2388.14,9053.3,8132.27,38.51,23.315,552.36,521.39
84,124,47.71,1416.91,8.4227,642.93,393,1589.52,2388.13,2388.14,9045.51,8129.18,38.97,23.1547,553.91,521.04
84,125,47.55,1407.24,8.4496,642.88,393,1588.75,2388.19,2388.16,9050.83,8132.5,38.7,23.3596,552.8,521.31
84,126,47.69,1419.23,8.4608,642.71,393,1589.69,2388.13,2388.13,9060.44,8130.01,38.75,23.3188,552.72,521.08
84,127,47.61,1410.5,8.4835,642.9,395,1590.05,2388.15,2388.09,9046.76,8128.31,38.78,23.3284,552.81,520.95
84,128,47.79,1408.36,8.4627,642.55,395,1585.1,2388.18,2388.13,9050.72,8132.63,38.73,23.1824,552.59,521.4
84,129,47.61,1410.65,8.4555,642.21,392,1588.76,2388.15,2388.13,9048.64,8123.66,38.53,23.2024,553.43,520.7
84,130,47.74,1421.77,8.4474,642.4,393,1592.0,2388.13,2388.15,9046.23,8129.84,38.75,23.1317,552.69,521.23
84,131,47.62,1414.19,8.4547,642.33,393,1592.2,2388.17,2388.16,9050.93,8127.47,38.86,23.2802,552.84,521.43
84,132,47.58,1415.12,8.4298,642.71,393,1586.23,2388.13,2388.18,9046.06,8132.3,38.65,23.243,553.14,521.22
84,133,47.57,1406.69,8.3967,642.65,394,1598.99,2388.15,2388.17,9050.81,8128.57,38.74,23.3156,552.63,520.73
84,134,47.66,1415.44,8.4658,642.59,394,1591.54,2388.19,2388.16,9048.0,8130.47,38.9,23.2753,553.05,521.12
84,135,47.72,1414.86,8.4293,642.87,393,1592.62,2388.2,2388.11,9050.78,8136.44,38.79,23.2038,553.1,520.73
84,136,47.68,1413.02,8.4366,643.56,395,1585.96,2388.09,2388.16,9055.05,8135.3,38.9,23.227,552.49,521.39
84,137,47.59,1401.98,8.462,642.7,394,1593.77,2388.13,2388.14,9060.17,8130.09,38.82,23.2014,552.59,521.33
84,138,47.39,1412.25,8.4306,643.3,394,1585.38,2388.14,2388.16,9059.06,8133.5,38.7,23.2761,553.8,521.04
84,139,47.61,1410.59,8.4659,642.76,394,1588.19,2388.16,2388.15,9045.79,8128.42,38.75,23.2206,553.2,521.27
84,140,47.81,1410.72,8.4252,642.33,393,1593.46,2388.17,2388.14,9047.88,8132.33,38.7,23.2057,553.13,520.82
84,141,47.54,1411.34,8.431,642.95,395,1593.36,2388.17,2388.1,9059.97,8131.68,38.67,23.2378,553.8,520.73
84,142,47.6,1414.32,8.4415,642.9,394,1584.84,2388.14,2388.13,9053.05,8137.64,38.69,23.3413,552.11,521.36
84,143,47.49,1408.7,8.4564,642.71,394,1592.53,2388.14,2388.16,9050.65,8133.87,38.67,23.2678,553.04,520.8
84,144,47.78,1418.45,8.4571,643.77,394,1591.19,2388.15,2388.12,9056.52,8135.49,38.87,23.2056,553.52,521.38
84,145,47.57,1413.69,8.4508,642.95,393,1596.11,2388.12,2388.07,9053.91,8132.63,38.57,23.2565,552.9,521.0
84,146,47.66,1410.3,8.4656,642.76,394,1591.18,2388.15,2388.17,9056.91,8127.96,38.79,23.1809,553.04,521.13
84,147,47.65,1404.29,8.4524,642.91,394,1585.46,2388.12,2388.12,9047.76,8131.41,38.68,23.2628,552.8,520.94
84,148,47.55,1412.89,8.4564,642.73,392,1589.95,2388.11,2388.18,9055.52,8131.33,38.56,23.232,552.93,521.64
84,149,47.72,1409.46,8.4523,642.83,394,1591.54,2388.17,2388.17,9056.74,8134.78,38.95,23.2549,553.02,521.1
84,150,47.61,1411.01,8.463,643.03,394,1589.81,2388.08,2388.12,9053.94,8127.63,38.88,23.2515,553.53,520.91
84,151,47.66,1412.94,8.4934,642.96,394,1600.88,2388.14,2388.13,9054.62,8131.75,38.76,23.2104,552.75,520.93
84,152,47.61,1412.35,8.471,642.49,394,1595.1,2388.15,2388.15,9059.34,8127.68,38.75,23.1646,552.38,520.88
84,153,47.8,1413.59,8.4554,642.3,394,1597.25,2388.18,2388.16,9050.09,8131.41,38.69,23.2926,552.19,521.29
84,154,47.75,1420.98,8.4174,643.04,395,1592.3,2388.1,2388.16,9052.71,8127.72,38.77,23.2002,553.13,520.93
84,155,47.74,1410.92,8.4588,643.2,393,1591.64,2388.19,2388.15,9055.31,8137.26,38.7,23.1894,552.21,520.48
84,156,47.79,1420.51,8.4418,643.02,393,1591.06,2388.22,2388.17,9048.85,8135.41,38.69,23.2135,553.0,520.78
84,157,47.45,1422.48,8.4782,642.83,393,1594.13,2388.22,2388.15,9049.49,8133.17,38.66,23.1629,552.43,521.06
84,158,47.77,1417.59,8.4517,642.72,396,1597.19,2388.18,2388.16,9064.31,8127.18,38.73,23.2104,552.57,521.3
84,159,47.74,1406.89,8.4387,643.37,394,1588.85,2388.12,2388.17,9047.57,8137.4,38.61,23.285,552.12,520.95
84,160,47.67,1410.68,8.4646,643.01,393,1583.32,2388.16,2388.13,9057.78,8132.78,38.82,23.2143,552.55,520.94
84,161,47.58,1406.86,8.4793,642.56,394,1593.73,2388.16,2388.19,9053.6,8136.36,38.72,23.2077,552.35,521.19
84,162,47.59,1411.88,8.45,642.6,393,1601.14,2388.16,2388.14,9057.78,8133.14,38.86,23.1848,552.8,521.09
84,163,47.5,1413.55,8.4818,642.72,394,1589.35,2388.16,2388.13,9060.23,8128.32,38.67,23.1939,552.6,521.29
84,164,47.85,1407.49,8.4447,642.29,394,1591.76,2388.14,2388.16,9054.81,8135.68,38.66,23.3142,552.83,521.03
84,165,47.68,1416.93,8.4344,642.91,394,1588.55,2388.15,2388.2,9056.94,8132.32,38.58,23.1426,553.43,520.66
84,166,47.73,1408.15,8.4638,642.99,393,1587.85,2388.13,2388.16,9052.89,8136.42,38.71,23.2587,552.71,520.82
84,167,47.76,1418.69,8.4697,642.79,393,1595.03,2388.13,2388.21,9063.01,8130.6,38.6,23.1533,553.01,520.9
84,168,47.66,1420.13,8.4651,643.12,396,1594.93,2388.13,2388.12,9057.27,8135.22,38.75,23.1927,552.79,520.65
84,169,47.71,1419.21,8.4404,642.92,394,1591.08,2388.15,2388.14,9058.12,8135.99,38.76,23.2848,552.77,520.99
84,170,47.74,1421.0,8.423,642.97,395,1594.79,2388.13,2388.18,9058.36,8134.3,38.75,23.3279,553.11,521.38
84,171,47.64,1418.67,8.4633,643.05,394,1596.44,2388.1,2388.18,9053.22,8129.67,38.77,23.1805,552.26,521.27
84,172,47.69,1416.79,8.4676,642.38,394,1590.67,2388.17,2388.19,9060.61,8135.58,38.76,23.1019,552.35,521.66
84,173,47.71,1412.54,8.4609,642.62,394,1591.89,2388.12,2388.17,9064.36,8137.04,38.68,23.2635,553.18,521.28
84,174,47.72,1416.6,8.4737,642.67,392,1593.42,2388.13,2388.13,9052.73,8137.57,38.8,23.2344,552.56,520.56
84,175,47.74,1421.32,8.462,642.71,394,1596.97,2388.15,2388.15,9054.42,8132.77,38.71,23.1786,552.97,520.71
84,176,47.7,1412.49,8.4477,643.01,393,1593.36,2388.18,2388.19,9057.78,8137.32,38.69,23.1829,552.07,520.54
84,177,47.8,1418.2,8.4679,643.27,395,1593.03,2388.1,2388.12,9061.13,8134.27,38.71,23.2116,552.46,521.13
84,178,47.66,1416.72,8.4413,642.79,396,1595.7,2388.12,2388.19,9056.3,8130.77,39.04,23.1302,552.93,520.69
84,179,47.78,1419.34,8.4806,643.24,393,1593.33,2388.14,2388.15,9058.78,8138.86,38.78,23.2916,552.68,520.77
84,180,47.75,1413.94,8.4325,642.9,394,1594.01,2388.22,2388.14,9046.86,8134.01,38.65,23.0844,552.94,520.97
84,181,47.94,1416.77,8.4851,642.49,394,1592.31,2388.2,2388.14,9055.28,8128.59,38.56,23.1284,552.49,520.26
84,182,47.82,1412.33,8.437,643.09,395,1598.66,2388.19,2388.13,9058.8,8127.17,38.57,23.1752,552.22,520.59
84,183,47.6,1409.08,8.4527,642.5,394,1591.34,2388.15,2388.09,9059.57,8137.25,38.73,23.2065,552.12,520.93
84,184,47.57,1418.18,8.4762,642.99,393,1593.37,2388.16,2388.14,9053.79,8136.74,38.76,23.2158,553.24,521.4
84,185,47.71,1419.03,8.4457,642.95,393,1601.95,2388.2,2388.13,9066.42,8133.8,38.64,23.1986,552.56,521.15
84,186,47.68,1420.54,8.4748,642.76,394,1587.33,2388.13,2388.12,9054.51,8133.37,38.73,23.1649,552.73,520.75
84,187,47.8,1412.46,8.4739,642.81,395,1589.32,2388.16,2388.13,9052.54,8138.65,38.65,23.1604,552.93,520.86
84,188,47.74,1410.81,8.4786,643.43,394,1594.01,2388.13,2388.17,9054.46,8143.94,38.6,23.2344,552.27,520.48
84,189,47.55,1413.39,8.4618,642.99,393,1595.76,2388.14,2388.11,9061.36,8138.69,38.7,23.2337,553.04,520.62
84,190,47.82,1414.98,8.4942,642.73,393,1592.88,2388.16,2388.13,9055.18,8138.39,38.69,23.2189,553.43,520.46
84,191,47.65,1414.49,8.4683,642.49,394,1589.57,2388.21,2388.15,9060.45,8138.79,38.82,23.1879,552.34,520.57
84,192,47.67,1417.09,8.4577,642.97,394,1595.3,2388.2,2388.16,9057.69,8134.52,38.8,23.3307,553.2,520.94
84,193,47.74,1416.86,8.5033,642.74,395,1587.78,2388.15,2388.18,9057.63,8136.21,38.72,23.1095,552.32,520.61
84,194,47.65,1417.86,8.4684,643.02,393,1603.33,2388.2,2388.24,9055.59,8136.34,38.58,23.232,553.13,521.07
84,195,47.87,1419.91,8.4512,643.21,393,1602.61,2388.16,2388.16,9061.07,8130.48,38.61,23.2511,552.63,520.31
84,196,47.76,1415.62,8.4841,642.9,394,1596.0,2388.17,2388.22,9061.48,8134.73,38.81,23.2188,552.16,520.83
84,197,47.72,1420.42,8.4521,643.45,394,1597.56,2388.18,2388.15,9052.77,8135.8,38.83,23.2311,552.89,520.73
84,198,47.85,1417.19,8.4861,642.72,394,1591.76,2388.18,2388.17,9057.02,8133.32,38.76,23.161,552.93,521.13
84,199,47.78,1416.01,8.471,643.07,395,1588.47,2388.13,2388.18,9057.11,8139.22,38.69,23.2694,552.84,520.39
84,200,47.69,1420.3,8.4823,643.14,395,1589.53,2388.12,2388.13,9059.3,8138.68,38.76,23.1236,552.61,521.22
84,201,47.9,1414.73,8.4553,643.07,394,1603.59,2388.12,2388.15,9063.96,8138.51,38.56,23.1552,552.98,520.44
84,202,47.76,1415.72,8.491,642.57,394,1600.08,2388.17,2388.18,9056.91,8135.74,38.46,23.0945,552.95,520.75
84,203,47.62,1420.62,8.4851,643.3,392,1601.75,2388.17,2388.24,9056.73,8145.61,38.5,23.2896,553.04,520.92
84,204,47.91,1415.29,8.4884,643.59,394,1603.34,2388.19,2388.21,9056.9,8137.1,38.64,23.2838,552.43,521.33
84,205,47.67,1425.7,8.4825,642.96,394,1597.46,2388.18,2388.17,9060.55,8136.07,38.52,23.0737,552.3,520.24
84,206,47.73,1417.2,8.4948,643.33,393,1594.48,2388.17,2388.19,9067.02,8129.13,38.49,23.2147,552.2,520.8
84,207,47.8,1418.06,8.4654,642.95,394,1601.07,2388.15,2388.16,9062.3,8131.64,38.48,23.17,552.17,520.72
84,208,47.89,1425.05,8.4703,642.87,394,1593.26,2388.19,2388.22,9067.24,8134.41,38.65,23.1343,552.18,520.47
84,209,47.76,1420.4,8.4676,643.12,395,1600.76,2388.18,2388.16,9061.69,8134.38,38.65,23.2179,551.97,520.42
84,210,48.03,1418.21,8.4878,643.46,395,1595.72,2388.15,2388.18,9055.89,8133.66,38.75,23.231,552.7,520.48
84,211,47.85,1417.92,8.4974,642.77,395,1596.57,2388.14,2388.12,9065.48,8138.04,38.61,23.1817,552.51,520.73
84,212,47.83,1418.69,8.4648,643.27,394,1596.19,2388.17,2388.13,9061.75,8136.42,38.6,23.183,552.4,520.43
84,213,47.74,1418.3,8.4957,643.18,395,1595.11,2388.2,2388.17,9070.82,8140.68,38.56,23.2459,552.17,520.58
84,214,47.94,1422.9,8.4693,643.16,396,1593.43,2388.15,2388.22,9067.58,8133.71,38.58,23.2509,552.67,520.08
84,215,47.84,1423.29,8.4936,643.11,395,1592.57,2388.17,2388.2,9063.47,8141.54,38.44,23.2071,552.98,520.84
84,216,47.74,1417.51,8.4983,643.13,396,1596.97,2388.16,2388.18,9066.58,8139.97,38.61,23.1692,552.49,520.65
84,217,47.89,1412.61,8.4746,642.89,393,1597.06,2388.15,2388.19,9058.89,8143.98,38.52,23.1836,552.85,520.03
84,218,48.03,1414.09,8.4838,642.92,395,1594.07,2388.16,2388.22,9064.3,8148.27,38.72,23.3263,552.7,520.81
84,219,47.9,1427.42,8.4758,642.94,394,1598.13,2388.17,2388.17,9064.28,8136.33,38.7,23.1862,552.84,520.2
84,220,47.76,1424.73,8.4574,643.41,395,1589.45,2388.18,2388.22,9058.21,8138.75,38.68,23.1748,552.82,520.43
84,221,47.79,1424.16,8.5287,643.35,395,1593.91,2388.22,2388.17,9067.72,8134.61,38.65,23.2562,552.56,520.49
84,222,47.76,1417.57,8.4897,643.63,395,1595.25,2388.16,2388.13,9060.49,8140.15,38.51,23.0826,552.05,520.43
84,223,47.86,1421.16,8.4846,643.42,394,1597.16,2388.17,2388.26,9061.26,8136.39,38.52,23.2339,552.12,520.88
84,224,47.93,1420.93,8.4538,642.71,396,1592.77,2388.15,2388.15,9061.16,8136.71,38.5,23.3189,552.13,520.46
84,225,47.84,1420.15,8.4913,642.87,394,1596.96,2388.21,2388.2,9062.06,8141.07,38.64,23.0949,552.25,520.03
84,226,47.91,1422.21,8.5022,643.26,395,1593.38,2388.13,2388.21,9063.99,8141.83,38.55,23.1058,552.25,520.11
84,227,47.8,1427.1,8.5082,643.32,395,1596.47,2388.23,2388.19,9061.21,8139.05,38.63,23.1343,551.98,520.21
84,228,47.95,1423.15,8.5095,642.5,395,1592.91,2388.18,2388.18,9063.86,8138.6,38.66,23.1125,552.33,520.57
84,229,47.87,1422.96,8.4737,643.35,394,1593.36,2388.15,2388.22,9068.65,8137.48,38.6,23.2358,552.34,520.21
84,230,47.85,1419.91,8.4904,643.14,396,1603.23,2388.24,2388.17,9058.99,8138.06,38.68,23.1196,552.03,520.02
84,231,47.87,1422.18,8.5083,644.08,394,1596.17,2388.17,2388.15,9068.56,8142.58,38.6,23.249,552.24,520.02
84,232,47.88,1425.0,8.4854,643.05,396,1598.35,2388.19,2388.19,9069.45,8142.12,38.63,23.1939,552.13,520.27
84,233,47.89,1420.96,8.474,642.74,395,1596.1,2388.15,2388.17,9064.55,8140.23,38.73,23.2206,552.47,520.62
84,234,47.87,1426.88,8.5088,643.18,395,1601.87,2388.23,2388.22,9062.82,8144.82,38.7,23.1178,551.77,520.42
84,235,47.9,1420.5,8.4482,643.53,395,1598.9,2388.13,2388.17,9066.25,8134.0,38.69,23.1971,552.15,519.93
84,236,47.97,1418.31,8.4735,643.44,394,1601.21,2388.18,2388.2,9073.74,8144.41,38.64,23.0403,552.31,519.99
84,237,47.98,1419.05,8.4949,643.36,396,1596.69,2388.18,2388.16,9071.3,8147.09,38.48,23.087,551.49,520.39
84,238,47.88,1431.8,8.507,643.33,395,1608.71,2388.21,2388.25,9068.72,8146.24,38.49,23.1865,553.35,520.17
84,239,47.85,1417.63,8.4927,642.95,394,1591.92,2388.18,2388.19,9064.22,8143.45,38.6,23.1215,552.3,520.14
84,240,47.96,1417.97,8.4886,643.39,396,1596.6,2388.23,2388.22,9065.01,8138.74,38.64,23.185,552.56,520.54
84,241,48.03,1426.68,8.5318,643.12,396,1608.22,2388.24,2388.2,9071.9,8142.41,38.68,23.0856,551.65,520.2
84,242,47.96,1420.64,8.4686,643.14,396,1603.06,2388.2,2388.21,9070.84,8144.76,38.62,23.1049,551.71,520.69
84,243,47.97,1427.63,8.4991,643.36,396,1601.29,2388.2,2388.24,9069.9,8140.39,38.38,23.0507,551.89,519.86
84,244,47.95,1425.06,8.5133,643.57,397,1596.34,2388.2,2388.23,9065.53,8145.07,38.57,23.076,552.36,519.98
84,245,48.06,1422.77,8.4776,643.8,395,1598.4,2388.24,2388.25,9073.57,8142.15,38.63,23.1645,551.69,520.37
84,246,48.05,1418.57,8.4528,643.14,395,1595.9,2388.2,2388.23,9068.99,8146.88,38.68,23.0715,552.33,520.66
84,247,47.88,1423.9,8.4694,643.65,395,1611.57,2388.21,2388.14,9071.0,8147.47,38.57,23.0683,551.7,520.59
84,248,48.04,1415.04,8.5116,643.75,395,1599.69,2388.19,2388.21,9073.11,8144.86,38.77,23.0883,551.74,520.4
84,249,48.09,1429.37,8.4889,643.29,396,1601.26,2388.18,2388.19,9076.46,8153.35,38.47,23.1147,551.9,519.4
84,250,48.01,1422.64,8.4885,643.27,395,1599.02,2388.3,2388.24,9079.22,8144.44,38.26,23.1047,551.48,519.93
84,251,48.08,1425.2,8.4867,643.6,396,1600.32,2388.23,2388.17,9074.64,8145.32,38.47,23.1155,551.63,520.5
84,252,48.16,1425.48,8.5067,643.31,396,1599.0,2388.19,2388.24,9071.71,8145.85,38.53,23.0989,551.9,520.43
84,253,48.03,1425.97,8.5218,643.49,396,1604.12,2388.21,2388.2,9074.34,8145.92,38.41,23.1554,552.33,519.23
84,254,48.14,1420.56,8.4733,643.23,395,1597.37,2388.24,2388.18,9077.01,8146.79,38.47,23.0382,551.91,520.16
84,255,47.9,1425.64,8.4742,643.49,396,1603.39,2388.23,2388.19,9070.78,8150.36,38.49,23.1701,551.44,520.19
84,256,48.04,1430.68,8.5076,643.24,395,1597.33,2388.21,2388.26,9072.41,8147.2,38.54,23.0157,551.8,520.33
84,257,48.05,1425.2,8.5328,643.54,396,1606.44,2388.21,2388.23,9074.74,8147.05,38.47,23.0882,552.17,520.38
84,258,48.0,1420.96,8.4864,644.34,397,1599.54,2388.24,2388.21,9071.07,8145.0,38.28,23.0497,551.6,519.6
84,259,48.08,1430.47,8.5274,643.12,394,1603.12,2388.24,2388.32,9078.33,8147.49,38.43,23.0957,551.51,519.85
84,260,48.06,1432.91,8.5262,644.17,395,1596.12,2388.2,2388.24,9077.81,8152.05,38.44,22.9976,551.73,519.87
84,261,48.15,1422.32,8.519,643.99,397,1597.57,2388.26,2388.18,9070.99,8154.63,38.3,23.1134,551.92,519.96
84,262,48.09,1430.82,8.5567,643.03,395,1608.43,2388.19,2388.24,9075.19,8147.66,38.63,23.1213,551.32,519.55
84,263,48.17,1422.61,8.5247,643.69,395,1601.97,2388.2,2388.21,9073.18,8151.87,38.41,23.0407,551.72,520.11
84,264,47.87,1429.65,8.5464,643.34,397,1599.89,2388.29,2388.2,9078.16,8148.87,38.49,22.9996,551.54,519.66
84,265,48.29,1436.17,8.5113,643.87,396,1598.81,2388.19,2388.18,9068.16,8148.76,38.49,23.0383,551.82,520.0
84,266,48.08,1428.1,8.5336,643.2,395,1605.59,2388.25,2388.2,9077.82,8146.22,38.36,23.0022,551.8,519.74
84,267,48.17,1430.13,8.5367,643.68,396,1606.08,2388.25,2388.23,9079.24,8149.66,38.49,23.1018,550.64,519.77
91,1,47.69,1411.03,8.4351,643.41,393,1587.82,2388.08,2388.11,9054.59,8134.25,38.77,23.286,554.53,521.44
91,2,47.62,1405.48,8.4032,642.74,393,1584.56,2388.15,2388.09,9057.63,8131.08,38.65,23.3206,552.66,521.16
91,3,47.49,1409.55,8.4361,642.61,392,1593.05,2388.13,2388.18,9059.8,8134.12,39.04,23.2637,553.16,521.41
91,4,47.48,1409.82,8.4591,643.28,393,1594.84,2388.12,2388.11,9051.02,8127.29,38.93,23.3402,553.26,521.3
91,5,47.49,1406.69,8.4754,643.03,392,1593.76,2388.15,2388.15,9053.33,8132.13,39.02,23.3241,553.24,521.45
91,6,47.54,1411.41,8.4826,642.93,396,1596.45,2388.13,2388.1,9059.51,8130.9,38.76,23.2511,553.08,521.01
91,7,47.73,1408.83,8.399,643.0,392,1598.93,2388.18,2388.06,9052.34,8133.98,38.73,23.1675,553.63,521.27
91,8,47.54,1411.72,8.475,642.82,392,1581.73,2388.11,2388.13,9049.53,8133.22,38.79,23.1458,552.44,521.14
91,9,47.64,1406.03,8.4435,643.29,393,1591.98,2388.15,2388.09,9053.45,8131.17,38.73,23.3196,553.25,521.17
91,10,47.48,1414.98,8.4314,642.76,395,1590.23,2388.1,2388.18,9048.85,8135.05,38.87,23.3196,553.24,520.9
91,11,47.73,1411.35,8.4746,643.02,393,1589.89,2388.15,2388.11,9051.03,8129.25,38.74,23.3387,553.03,520.28
91,12,47.45,1406.29,8.4439,642.8,394,1586.86,2388.08,2388.16,9052.73,8132.36,38.93,23.2171,553.24,520.99
91,13,47.67,1409.2,8.4425,642.81,394,1592.2,2388.15,2388.1,9048.84,8133.86,38.85,23.3127,552.88,521.64
91,14,47.68,1407.79,8.4199,642.83,394,1587.13,2388.09,2388.1,9066.17,8137.89,38.75,23.3108,553.61,521.56
91,15,47.81,1410.76,8.4091,642.05,393,1585.14,2388.16,2388.1,9047.24,8126.08,38.82,23.2275,553.69,521.34
91,16,47.75,1409.89,8.4486,642.18,394,1589.4,2388.13,2388.1,9062.06,8140.18,38.8,23.262,553.05,521.4
91,17,47.7,1417.97,8.481,643.25,393,1587.21,2388.13,2388.11,9053.43,8135.23,38.79,23.2908,553.3,521.39
91,18,47.57,1407.15,8.4273,642.81,394,1589.71,2388.09,2388.1,9055.03,8135.65,38.72,23.2728,553.72,521.14
91,19,47.64,1411.79,8.4309,642.96,393,1591.9,2388.19,2388.09,9049.94,8130.84,38.73,23.2838,553.59,521.15
91,20,47.59,1404.18,8.4562,642.74,393,1594.39,2388.09,2388.07,9056.65,8135.67,38.8,23.3087,552.95,520.85
91,21,47.57,1410.08,8.4249,642.41,394,1589.23,2388.1,2388.13,9056.26,8134.35,38.75,23.2869,552.99,521.05
91,22,47.72,1412.68,8.4357,642.28,394,1597.86,2388.19,2388.11,9048.12,8133.52,38.83,23.268,553.43,520.86
91,23,47.58,1401.96,8.4753,643.04,393,1598.96,2388.15,2388.14,9056.99,8140.33,38.89,23.279,552.27,521.54
91,24,47.57,1418.55,8.4427,643.32,395,1593.37,2388.13,2388.12,9059.5,8136.42,38.81,23.3446,552.56,521.17
91,25,47.47,1415.18,8.4806,642.8,393,1589.91,2388.13,2388.16,9054.01,8135.13,38.7,23.2233,553.17,521.58
91,26,47.69,1411.07,8.5015,642.27,394,1594.66,2388.13,2388.11,9059.95,8133.55,38.92,23.2179,552.57,521.21
91,27,47.57,1409.74,8.4622,643.01,393,1585.92,2388.16,2388.13,9054.77,8133.62,38.72,23.2012,552.75,521.63
91,28,47.62,1408.2,8.4117,642.17,394,1595.63,2388.1,2388.08,9054.88,8129.48,38.92,23.3562,553.07,521.17
91,29,47.65,1416.34,8.42,642.81,393,1597.33,2388.08,2388.15,9052.51,8136.33,38.68,23.3409,552.73,521.18
91,30,47.76,1411.04,8.4689,642.77,394,1594.94,2388.07,2388.16,9044.73,8132.32,39.0,23.3011,552.63,521.35
91,31,47.64,1411.22,8.4659,643.14,393,1582.25,2388.16,2388.04,9056.38,8134.37,38.99,23.2428,553.08,521.13
91,32,47.63,1415.85,8.4983,642.68,393,1595.51,2388.11,2388.12,9051.55,8129.68,38.64,23.3462,552.39,521.32
91,33,47.66,1412.48,8.4534,642.98,394,1594.07,2388.11,2388.15,9054.22,8137.0,38.49,23.2809,553.11,521.19
91,34,47.64,1407.43,8.466,642.85,394,1584.26,2388.12,2388.17,9053.41,8132.31,38.86,23.2882,552.9,520.74
91,35,47.69,1411.63,8.4763,642.87,394,1591.82,2388.13,2388.11,9053.01,8133.62,38.74,23.225,552.67,521.35
91,36,47.53,1409.01,8.4646,642.64,392,1595.3,2388.17,2388.19,9050.42,8129.35,38.63,23.3079,553.49,521.69
91,37,47.61,1411.27,8.4764,642.45,393,1589.87,2388.13,2388.16,9054.34,8133.51,38.68,23.2306,552.36,521.31
91,38,47.75,1416.45,8.4485,642.42,393,1584.63,2388.07,2388.12,9050.58,8135.5,38.89,23.2898,552.82,521.77
91,39,47.78,1415.49,8.4393,642.64,393,1591.45,2388.14,2388.16,9050.17,8132.3,38.68,23.2113,553.77,521.16
91,40,47.61,1412.1,8.4725,642.66,393,1588.14,2388.1,2388.11,9051.04,8129.67,38.89,23.2626,552.34,521.15
91,41,47.49,1411.17,8.4214,642.68,394,1585.25,2388.09,2388.11,9052.66,8137.54,38.93,23.2229,552.55,521.06
91,42,47.75,1410.54,8.5081,643.45,393,1598.44,2388.09,2388.17,9061.63,8134.39,38.74,23.4344,553.42,520.92
91,43,47.6,1411.55,8.4885,642.61,394,1593.71,2388.11,2388.17,9051.9,8132.27,38.71,23.2403,552.62,521.3
91,44,47.51,1407.6,8.4703,642.92,394,1588.1,2388.16,2388.18,9055.76,8135.12,38.75,23.1009,552.88,521.19
91,45,47.77,1409.09,8.4625,643.07,395,1593.88,2388.14,2388.13,9049.33,8135.23,38.74,23.2155,553.11,521.12
91,46,47.85,1410.16,8.446,642.87,392,1590.17,2388.12,2388.11,9050.7,8138.45,38.78,23.311,553.43,521.07
91,47,47.61,1415.67,8.4477,643.05,393,1592.53,2388.12,2388.12,9053.53,8134.81,38.87,23.1781,553.38,520.62
91,48,47.64,1411.17,8.4663,643.16,393,1591.87,2388.12,2388.11,9052.57,8130.97,38.67,23.2761,553.61,521.37
91,49,47.72,1416.56,8.4821,642.37,393,1589.87,2388.12,2388.11,9057.42,8135.86,38.78,23.1934,552.67,521.77
91,50,47.61,1417.34,8.4802,643.11,394,1582.51,2388.1,2388.1,9064.04,8133.32,38.83,23.291,553.41,520.88
91,51,47.41,1415.3,8.4525,643.14,394,1586.36,2388.13,2388.16,9053.75,8133.07,38.71,23.3027,552.98,521.2
91,52,47.6,1409.98,8.4783,642.77,394,1598.85,2388.16,2388.16,9055.38,8132.17,38.53,23.1935,553.01,521.11
91,53,47.6,1416.16,8.4704,642.83,392,1591.11,2388.11,2388.11,9058.15,8131.21,38.73,23.2,552.41,520.95
91,54,47.72,1413.31,8.455,643.1,393,1600.07,2388.15,2388.12,9056.23,8135.31,38.74,23.2717,552.24,521.47
91,55,47.73,1420.09,8.4578,642.3,392,1599.84,2388.15,2388.12,9052.13,8131.59,38.7,23.2474,552.73,521.26
91,56,47.71,1416.55,8.4726,642.78,394,1591.77,2388.17,2388.19,9061.99,8127.42,38.61,23.2568,553.21,520.8
91,57,47.77,1415.11,8.4328,643.21,394,1590.01,2388.1,2388.15,9055.54,8136.34,38.75,23.3479,553.23,521.09
91,58,47.79,1410.09,8.4554,642.35,393,1598.28,2388.12,2388.09,9052.08,8132.96,38.74,23.235,552.78,520.42
91,59,47.84,1417.65,8.4656,643.22,394,1592.24,2388.19,2388.12,9060.1,8132.28,38.81,23.2564,552.99,520.67
91,60,47.59,1412.12,8.4563,642.67,393,1589.47,2388.15,2388.14,9062.44,8131.12,38.77,23.2335,552.77,520.66
91,61,47.68,1413.74,8.4651,642.92,394,1599.01,2388.14,2388.13,9053.09,8125.59,38.97,23.1953,553.25,520.83
91,62,47.61,1411.01,8.4646,643.09,393,1594.06,2388.11,2388.15,9055.17,8130.94,38.66,23.3406,553.35,521.25
91,63,47.61,1412.42,8.4474,642.57,394,1600.27,2388.15,2388.2,9047.04,8127.6,38.78,23.2541,553.32,521.04
91,64,47.65,1415.97,8.4659,643.36,393,1594.07,2388.17,2388.15,9056.69,8132.92,38.73,23.1934,552.96,521.52
91,65,47.67,1420.12,8.4475,642.74,394,1590.27,2388.16,2388.2,9060.66,8133.37,38.83,23.3457,552.67,520.8
91,66,47.61,1413.08,8.4437,642.94,395,1591.49,2388.17,2388.17,9052.05,8130.81,38.87,23.1632,553.19,520.92
91,67,47.69,1418.3,8.4275,642.95,393,1592.06,2388.15,2388.14,9054.44,8135.39,38.8,23.2551,552.15,521.0
91,68,47.68,1413.96,8.4562,643.42,393,1590.43,2388.15,2388.18,9056.6,8135.25,38.8,23.2834,552.28,521.23
91,69,47.79,1412.75,8.4491,642.89,394,1587.61,2388.12,2388.13,9053.58,8129.55,38.73,23.1435,552.9,520.9
91,70,47.71,1415.21,8.4511,642.51,394,1586.98,2388.19,2388.17,9054.98,8126.24,38.84,23.1641,552.22,521.21
91,71,47.89,1412.34,8.4227,642.78,393,1592.76,2388.19,2388.16,9059.23,8127.32,38.58,23.2626,552.53,521.16
91,72,47.43,1412.89,8.4537,643.35,395,1594.34,2388.15,2388.14,9057.48,8130.27,38.76,23.2917,552.89,521.2
91,73,47.56,1416.51,8.4536,643.2,395,1601.27,2388.12,2388.17,9053.01,8134.19,38.79,23.1809,553.02,520.94
91,74,47.81,1410.43,8.4679,643.13,393,1587.65,2388.14,2388.18,9050.07,8128.55,38.78,23.1929,553.38,520.82
91,75,47.71,1419.39,8.4411,643.05,394,1596.54,2388.12,2388.15,9051.0,8130.07,38.78,23.1842,552.04,520.44
91,76,47.62,1411.68,8.4625,643.12,395,1594.54,2388.15,2388.21,9052.88,8136.48,38.85,23.2067,552.25,520.65
91,77,47.72,1416.33,8.4435,643.09,395,1597.57,2388.22,2388.16,9056.76,8136.23,38.67,23.3237,553.38,520.85
91,78,47.88,1419.84,8.4615,643.18,394,1594.09,2388.13,2388.22,9048.61,8130.09,38.69,23.1995,552.19,520.88
91,79,47.56,1416.28,8.4818,643.39,393,1593.69,2388.14,2388.18,9048.52,8125.72,38.5,23.273,552.6,520.75
91,80,47.7,1414.96,8.4838,642.73,395,1588.82,2388.18,2388.19,9056.12,8127.33,38.74,23.2252,552.35,520.71
91,81,47.77,1412.47,8.4818,642.49,394,1594.2,2388.15,2388.12,9053.85,8130.21,38.79,23.2453,552.75,521.02
91,82,47.73,1414.51,8.46,643.16,394,1592.77,2388.21,2388.17,9050.65,8127.63,38.54,23.2831,552.74,521.14
91,83,47.95,1416.2,8.4416,642.93,394,1596.31,2388.11,2388.18,9050.9,8129.06,38.66,23.2865,553.15,520.6
91,84,47.74,1414.22,8.4859,642.55,394,1596.61,2388.18,2388.17,9053.3,8130.13,38.45,23.1409,552.52,521.0
91,85,47.55,1421.05,8.5015,643.33,394,1604.36,2388.18,2388.18,9051.69,8130.34,38.56,23.2339,552.77,520.41
91,86,47.89,1414.52,8.4644,642.29,395,1596.16,2388.16,2388.21,9055.49,8126.69,38.58,23.1913,553.2,520.85
91,87,47.85,1417.57,8.4868,643.61,395,1595.48,2388.2,2388.17,9050.07,8132.38,38.77,23.249,553.04,520.96
91,88,47.86,1419.12,8.487,643.0,395,1597.89,2388.15,2388.19,9052.22,8123.57,38.66,23.1541,552.63,520.85
91,89,47.88,1417.24,8.4622,643.31,395,1598.55,2388.19,2388.19,9052.6,8128.26,38.8,23.2138,553.11,520.86
91,90,47.8,1415.55,8.4358,642.84,394,1591.35,2388.21,2388.16,9048.74,8134.14,38.83,23.2659,553.25,520.67
91,91,47.54,1420.89,8.474,643.3,392,1592.89,2388.18,2388.2,9051.18,8129.87,38.62,23.2614,553.2,520.65
91,92,47.76,1413.01,8.4523,642.61,395,1598.82,2388.24,2388.17,9051.56,8127.71,38.62,23.2173,551.64,520.52
91,93,47.76,1421.98,8.4786,642.47,394,1603.53,2388.2,2388.21,9055.78,8133.36,38.62,23.1897,552.18,520.34
91,94,47.7,1419.99,8.5009,643.07,394,1594.6,2388.2,2388.19,9057.43,8130.66,38.58,23.1388,552.53,520.43
91,95,47.91,1421.47,8.4859,643.44,395,1591.86,2388.11,2388.13,9049.89,8132.65,38.68,23.1684,552.58,520.71
91,96,47.62,1417.81,8.4863,642.74,394,1594.8,2388.2,2388.18,9053.62,8125.92,38.59,23.2171,552.18,520.78
91,97,47.73,1414.77,8.4733,643.35,394,1593.93,2388.19,2388.21,9049.73,8133.38,38.66,23.1952,552.53,520.65
91,98,47.74,1417.63,8.4998,643.28,395,1594.3,2388.23,2388.19,9062.29,8132.48,38.53,23.3157,552.56,521.24
91,99,47.9,1419.08,8.4945,643.27,394,1593.78,2388.19,2388.21,9061.19,8126.39,38.71,23.1203,552.11,520.6
91,100,47.81,1426.6,8.4524,643.15,395,1599.1,2388.15,2388.22,9048.48,8128.5,38.61,23.2193,551.7,520.83
91,101,47.85,1430.17,8.4717,643.1,394,1591.63,2388.17,2388.19,9059.02,8130.88,38.76,23.2111,552.43,520.62
91,102,47.82,1414.5,8.4788,642.8,394,1591.51,2388.21,2388.2,9052.73,8125.22,38.41,23.2435,552.64,520.01
91,103,47.73,1416.64,8.4557,643.54,396,1595.52,2388.17,2388.22,9047.42,8120.76,38.62,23.2234,552.78,520.91
91,104,47.81,1415.48,8.5082,643.09,395,1595.38,2388.26,2388.18,9054.68,8130.18,38.61,23.1504,551.77,520.62
91,105,47.89,1421.02,8.4935,643.63,395,1589.57,2388.21,2388.21,9047.8,8133.12,38.56,23.2909,552.09,520.96
91,106,48.06,1422.37,8.4862,643.07,394,1598.4,2388.19,2388.17,9044.05,8131.43,38.67,23.1846,552.16,520.88
91,107,47.91,1422.7,8.4751,643.34,396,1591.91,2388.23,2388.21,9049.04,8127.07,38.7,23.2097,552.72,520.66
91,108,47.82,1422.55,8.4687,642.79,396,1596.51,2388.21,2388.2,9043.42,8129.79,38.57,23.1763,552.22,520.53
91,109,47.88,1426.58,8.5344,643.34,396,1608.82,2388.2,2388.22,9050.59,8125.03,38.72,23.1979,552.11,520.67
91,110,48.09,1417.25,8.4785,643.2,396,1594.73,2388.19,2388.18,9048.06,8126.09,38.64,23.2487,552.4,520.88
91,111,48.12,1420.46,8.4858,642.93,395,1601.69,2388.23,2388.18,9053.36,8126.13,38.54,23.1158,552.44,520.08
91,112,48.06,1424.38,8.483,643.12,395,1597.42,2388.24,2388.21,9052.59,8125.08,38.62,23.1861,552.43,520.25
91,113,47.94,1429.21,8.4953,643.73,395,1599.3,2388.23,2388.22,9050.38,8123.2,38.65,23.1574,552.18,520.08
91,114,47.93,1427.84,8.4927,643.64,394,1602.79,2388.28,2388.2,9049.92,8127.36,38.63,23.1449,552.34,520.32
91,115,47.76,1411.61,8.4754,643.18,396,1595.55,2388.22,2388.21,9049.35,8124.42,38.52,23.0841,552.32,520.22
91,116,48.08,1423.9,8.4853,643.39,395,1592.38,2388.21,2388.19,9046.36,8127.9,38.57,23.1606,551.9,520.11
91,117,48.02,1412.51,8.5093,642.97,396,1591.23,2388.17,2388.22,9056.27,8126.09,38.61,23.2132,552.36,520.08
91,118,47.93,1420.95,8.5124,644.11,394,1597.95,2388.23,2388.22,9051.86,8127.17,38.85,23.0815,551.87,520.08
91,119,48.06,1423.44,8.4977,643.88,396,1602.48,2388.22,2388.24,9051.96,8118.98,38.46,23.1695,551.95,520.02
91,120,47.97,1428.11,8.4997,643.05,394,1596.25,2388.21,2388.22,9043.51,8127.59,38.49,23.1574,552.11,520.34
91,121,47.99,1428.75,8.4902,643.76,394,1601.18,2388.2,2388.25,9049.7,8125.93,38.44,23.1475,551.92,520.02
91,122,48.2,1422.19,8.4916,643.61,395,1596.68,2388.26,2388.29,9045.06,8123.45,38.59,23.1325,552.14,520.06
91,123,47.99,1420.64,8.5159,643.8,394,1601.83,2388.21,2388.25,9047.07,8121.59,38.42,23.0859,552.01,520.0
91,124,48.02,1429.54,8.5001,643.38,395,1602.86,2388.29,2388.25,9046.5,8121.79,38.56,23.1497,551.24,519.69
91,125,48.08,1428.12,8.49,643.49,395,1605.14,2388.26,2388.26,9046.49,8122.34,38.57,23.19,551.89,520.23
91,126,48.16,1428.66,8.5671,643.63,395,1602.65,2388.3,2388.28,9041.59,8117.73,38.54,23.0733,552.02,519.31
91,127,48.27,1430.48,8.5014,643.56,397,1601.57,2388.24,2388.28,9043.45,8124.02,38.38,23.1853,551.63,519.55
91,128,48.21,1427.58,8.5026,643.7,396,1599.36,2388.26,2388.25,9053.09,8120.06,38.48,23.0415,551.05,519.74
91,129,48.01,1427.05,8.5203,643.49,397,1600.3,2388.3,2388.29,9047.56,8117.39,38.36,23.1987,551.57,519.66
91,130,48.17,1420.74,8.5133,643.42,395,1598.99,2388.31,2388.26,9052.03,8122.93,38.58,23.0905,551.17,519.8
91,131,48.24,1427.11,8.5282,642.98,395,1600.49,2388.26,2388.28,9045.2,8119.61,38.38,23.1238,552.08,519.76
91,132,48.02,1428.41,8.5323,643.91,397,1596.94,2388.3,2388.3,9041.93,8120.68,38.53,23.0055,550.52,519.76
91,133,48.07,1426.55,8.5183,644.22,396,1602.83,2388.29,2388.26,9049.93,8120.11,38.38,23.0042,550.6,519.35
91,134,48.2,1430.92,8.5215,643.7,396,1606.4,2388.27,2388.33,9052.04,8119.01,38.25,23.0107,551.13,519.43
91,135,48.31,1432.29,8.5228,644.04,396,1607.23,2388.27,2388.26,9047.27,8115.44,38.53,23.0902,550.69,519.06
